timestamp,sensor_id,value
2026-08-07 12:44:11,fridge-door,OPEN
2026-08-07 12:44:14,front-door,CLOSE
2026-08-07 12:44:17,front-door,OPEN
2026-08-07 12:44:20,living-motion,ON
2026-08-07 12:44:23,living-motion,ON
2026-08-07 12:44:26,kitchen-motion,ON
2026-08-07 12:44:29,bed-mat,EMPTY
2026-08-07 12:44:32,kitchen-motion,ON
2026-08-07 12:44:35,living-motion,ON
2026-08-07 12:44:38,kitchen-motion,ON
2026-08-07 12:44:41,front-door,CLOSE
2026-08-07 12:44:44,bedroom-motion,ON
2026-08-07 12:44:47,bedroom-motion,ON
2026-08-07 12:44:50,bed-mat,EMPTY
2026-08-07 12:44:53,bed-mat,OCCUPIED
2026-08-07 12:44:56,living-motion,ON
2026-08-07 12:44:59,front-door,CLOSE
2026-08-07 12:45:02,living-motion,ON
2026-08-07 12:45:05,bedroom-motion,ON
2026-08-07 12:45:08,bathroom-motion,ON
2026-08-07 12:45:11,living-temp,18.9
2026-08-07 12:45:14,front-door,CLOSE
2026-08-07 12:45:17,kitchen-motion,ON
2026-08-07 12:45:20,bed-mat,OCCUPIED
2026-08-07 12:45:23,bathroom-motion,ON
2026-08-07 12:45:26,bed-mat,OCCUPIED
2026-08-07 12:45:29,living-motion,ON
2026-08-07 12:45:32,bathroom-motion,ON
2026-08-07 12:45:35,fridge-door,OPEN
2026-08-07 12:45:38,kitchen-motion,ON
2026-08-07 12:45:41,bed-mat,OCCUPIED
2026-08-07 12:45:44,bathroom-motion,ON
2026-08-07 12:45:47,living-temp,21.4
2026-08-07 12:45:50,bathroom-motion,ON
2026-08-07 12:45:53,bed-mat,EMPTY
2026-08-07 12:45:56,front-door,CLOSE
2026-08-07 12:45:59,kitchen-motion,ON
2026-08-07 12:46:02,living-temp,20.5
2026-08-07 12:46:05,kitchen-motion,ON
2026-08-07 12:46:08,fridge-door,OPEN
2026-08-07 12:46:11,fridge-door,CLOSE
2026-08-07 12:46:14,front-door,CLOSE
2026-08-07 12:46:17,bedroom-motion,ON
2026-08-07 12:46:20,bed-mat,EMPTY
2026-08-07 12:46:23,living-motion,ON
2026-08-07 12:46:26,front-door,CLOSE
2026-08-07 12:46:29,kitchen-motion,ON
2026-08-07 12:46:32,fridge-door,OPEN
2026-08-07 12:46:35,front-door,CLOSE
2026-08-07 12:46:38,bedroom-motion,ON
2026-08-07 12:46:41,bedroom-motion,ON
2026-08-07 12:46:44,living-motion,ON
2026-08-07 12:46:47,bed-mat,OCCUPIED
2026-08-07 12:46:50,living-motion,ON
2026-08-07 12:46:53,front-door,CLOSE
2026-08-07 12:46:56,kitchen-motion,ON
2026-08-07 12:46:59,kitchen-motion,ON
2026-08-07 12:47:02,bed-mat,EMPTY
2026-08-07 12:47:05,living-temp,19.2
2026-08-07 12:47:08,bathroom-motion,ON
2026-08-07 12:47:11,living-temp,20.5
2026-08-07 12:47:14,bathroom-motion,ON
2026-08-07 12:47:17,fridge-door,CLOSE
2026-08-07 12:47:47,living-motion,ON
2026-08-07 12:47:50,bedroom-motion,ON
2026-08-07 12:47:53,kitchen-motion,ON
2026-08-07 12:47:56,bathroom-motion,ON
2026-08-07 12:47:59,front-door,OPEN
2026-08-07 12:48:02,kitchen-motion,ON
2026-08-07 12:48:05,fridge-door,OPEN
2026-08-07 12:48:10,bedroom-motion,ON
2026-08-07 12:48:13,bed-mat,EMPTY
2026-08-07 12:48:16,living-motion,ON
2026-08-07 12:49:05,living-temp,20.9
2026-08-07 12:49:08,bathroom-motion,ON
2026-08-07 12:49:12,living-motion,ON
2026-08-07 12:49:15,fridge-door,CLOSE
2026-08-07 12:49:18,bedroom-motion,ON
2026-08-07 12:49:21,front-door,CLOSE
2026-08-07 12:49:24,living-temp,19.0
2026-08-07 12:49:28,fridge-door,CLOSE
2026-08-07 12:49:31,bathroom-motion,ON
2026-08-07 12:49:34,bathroom-motion,ON
2026-08-07 12:49:38,fridge-door,CLOSE
2026-08-07 12:49:41,bedroom-motion,ON
2026-08-07 12:49:52,front-door,OPEN
2026-08-07 12:49:55,fridge-door,OPEN
2026-08-07 12:49:58,front-door,CLOSE
2026-08-07 12:50:02,bedroom-motion,ON
2026-08-07 12:50:05,bedroom-motion,ON
2026-08-07 12:50:08,living-motion,ON
2026-08-07 12:50:11,living-temp,20.2
2026-08-07 12:50:14,kitchen-motion,ON
2026-08-07 12:50:18,bed-mat,EMPTY
2026-08-07 12:50:21,bedroom-motion,ON
2026-08-07 12:50:42,front-door,OPEN
2026-08-07 12:50:45,front-door,CLOSE
2026-08-07 12:50:48,bed-mat,EMPTY
2026-08-07 12:50:52,front-door,OPEN
2026-08-07 12:50:55,bed-mat,OCCUPIED
2026-08-07 12:50:58,kitchen-motion,ON
2026-08-07 12:51:01,fridge-door,OPEN
2026-08-07 12:51:05,front-door,CLOSE
2026-08-07 12:51:08,living-temp,18.8
2026-08-07 12:51:11,bathroom-motion,ON
2026-08-07 12:51:14,bedroom-motion,ON
2026-08-07 12:51:17,bathroom-motion,ON
2026-08-07 12:51:24,kitchen-motion,ON
2026-08-07 12:51:27,living-temp,21.3
2026-08-07 12:51:30,living-motion,ON
2026-08-07 12:51:33,kitchen-motion,ON
2026-08-07 12:51:36,kitchen-motion,ON
2026-08-07 12:51:40,fridge-door,OPEN
2026-08-07 12:51:43,fridge-door,OPEN
2026-08-07 12:51:46,front-door,CLOSE
2026-08-07 12:51:49,bathroom-motion,ON
2026-08-07 12:51:52,fridge-door,CLOSE
2026-08-07 12:51:55,kitchen-motion,ON
2026-08-07 12:51:58,bedroom-motion,ON
2026-08-07 12:52:01,bathroom-motion,ON
2026-08-07 12:52:04,fridge-door,OPEN
2026-08-07 12:52:07,fridge-door,CLOSE
2026-08-07 12:52:10,bed-mat,OCCUPIED
2026-08-07 12:52:13,bedroom-motion,ON
2026-08-07 12:52:16,bathroom-motion,ON
2026-08-07 12:52:19,kitchen-motion,ON
2026-08-07 12:52:22,living-motion,ON
2026-08-07 12:52:25,living-motion,ON
2026-08-07 12:52:28,front-door,OPEN
2026-08-07 12:52:31,living-temp,19.0
2026-08-07 12:52:34,kitchen-motion,ON
2026-08-07 12:52:37,kitchen-motion,ON
2026-08-07 12:52:41,bed-mat,OCCUPIED
2026-08-07 12:52:44,bed-mat,OCCUPIED
2026-08-07 12:52:47,fridge-door,OPEN
2026-08-07 12:52:50,front-door,OPEN
2026-08-07 12:52:53,bed-mat,OCCUPIED
2026-08-07 12:52:56,living-temp,21.3
2026-08-07 12:52:59,living-motion,ON
2026-08-07 12:53:02,bathroom-motion,ON
2026-08-07 12:53:05,bathroom-motion,ON
2026-08-07 12:53:08,bathroom-motion,ON
2026-08-07 12:53:14,front-door,CLOSE
2026-08-07 12:53:17,bathroom-motion,ON
2026-08-07 12:53:20,fridge-door,OPEN
2026-08-07 12:53:23,bedroom-motion,ON
2026-08-07 12:53:26,bathroom-motion,ON
2026-08-07 12:53:29,kitchen-motion,ON
2026-08-07 12:53:32,bathroom-motion,ON
2026-08-07 12:53:35,fridge-door,CLOSE
2026-08-07 12:53:38,living-temp,18.9
2026-08-07 12:53:41,bathroom-motion,ON
2026-08-07 12:53:44,living-temp,19.9
2026-08-07 12:53:47,bedroom-motion,ON
2026-08-07 12:53:50,bed-mat,EMPTY
2026-08-07 12:53:53,fridge-door,OPEN
2026-08-07 12:53:56,bed-mat,EMPTY
2026-08-07 12:53:59,kitchen-motion,ON
2026-08-07 12:54:03,living-temp,20.1
2026-08-07 12:54:06,kitchen-motion,ON
2026-08-07 12:54:09,living-motion,ON
2026-08-07 12:54:12,kitchen-motion,ON
2026-08-07 12:54:15,bedroom-motion,ON
2026-08-07 12:54:18,front-door,CLOSE
2026-08-07 12:54:22,living-temp,20.1
2026-08-07 12:54:25,fridge-door,OPEN
2026-08-07 12:54:28,bedroom-motion,ON
2026-08-07 12:54:31,living-temp,20.0
2026-08-07 12:54:34,front-door,CLOSE
2026-08-07 12:54:37,fridge-door,OPEN
2026-08-07 12:54:40,bedroom-motion,ON
2026-08-07 12:54:44,living-motion,ON
2026-08-07 12:54:47,kitchen-motion,ON
2026-08-07 12:54:50,kitchen-motion,ON
2026-08-07 12:54:53,bedroom-motion,ON
2026-08-07 12:54:56,living-temp,20.9
2026-08-07 12:54:59,living-motion,ON
2026-08-07 12:55:02,living-temp,20.0
2026-08-07 12:55:05,fridge-door,CLOSE
2026-08-07 12:55:08,kitchen-motion,ON
2026-08-07 12:55:11,front-door,OPEN
2026-08-07 12:55:14,bathroom-motion,ON
2026-08-07 12:55:17,living-temp,18.8
2026-08-07 12:55:20,bedroom-motion,ON
2026-08-07 12:55:23,bedroom-motion,ON
2026-08-07 12:55:26,bathroom-motion,ON
2026-08-07 12:55:31,kitchen-motion,ON
2026-08-07 12:55:34,bedroom-motion,ON
2026-08-07 12:55:37,bed-mat,EMPTY
2026-08-07 12:55:40,kitchen-motion,ON
2026-08-07 12:55:43,bedroom-motion,ON
2026-08-07 12:55:58,living-motion,ON
2026-08-07 12:56:01,living-temp,18.8
2026-08-07 12:56:04,fridge-door,OPEN
2026-08-07 12:56:07,living-temp,20.0
2026-08-07 12:56:10,fridge-door,OPEN
2026-08-07 12:56:13,kitchen-motion,ON
2026-08-07 12:56:16,living-motion,ON
2026-08-07 12:56:19,bedroom-motion,ON
2026-08-07 12:56:38,living-motion,ON
2026-08-07 12:56:41,living-temp,18.6
2026-08-07 12:56:44,bathroom-motion,ON
2026-08-07 12:56:47,front-door,CLOSE
2026-08-07 13:02:27,living-temp,19.4
2026-08-07 13:02:30,bathroom-motion,ON
2026-08-07 13:02:33,living-motion,ON
2026-08-07 13:10:07,front-door,CLOSE
2026-08-07 13:10:10,bed-mat,EMPTY
2026-08-07 13:10:13,kitchen-motion,ON
2026-08-07 13:10:50,bathroom-motion,ON
2026-08-07 13:10:53,living-temp,20.1
2026-08-07 13:11:02,front-door,CLOSE
2026-08-07 13:11:05,bathroom-motion,ON
2026-08-07 13:11:08,front-door,OPEN
2026-08-07 13:11:21,kitchen-motion,ON
2026-08-07 13:11:24,kitchen-motion,ON
2026-08-07 13:11:28,kitchen-motion,ON
2026-08-07 13:11:31,kitchen-motion,ON
2026-08-07 13:11:34,bedroom-motion,ON
2026-08-07 13:11:39,fridge-door,CLOSE
2026-08-07 13:11:42,bathroom-motion,ON
2026-08-07 13:18:00,living-motion,ON
2026-08-07 13:18:03,bed-mat,OCCUPIED
2026-08-07 13:18:06,bed-mat,OCCUPIED
2026-08-07 13:18:09,kitchen-motion,ON
2026-08-07 13:18:12,fridge-door,OPEN
2026-08-07 13:18:15,fridge-door,CLOSE
2026-08-07 13:18:18,front-door,OPEN
2026-08-07 13:18:21,kitchen-motion,ON
2026-08-07 13:18:24,bedroom-motion,ON
2026-08-07 13:18:27,kitchen-motion,ON
2026-08-07 13:18:31,kitchen-motion,ON
2026-08-07 13:18:34,kitchen-motion,ON
2026-08-07 13:18:37,front-door,CLOSE
2026-08-07 13:18:42,bed-mat,EMPTY
2026-08-07 13:18:45,bed-mat,EMPTY
2026-08-07 13:18:51,fridge-door,CLOSE
2026-08-07 13:18:54,bathroom-motion,ON
2026-08-07 13:18:57,living-temp,18.8
2026-08-07 13:19:05,bed-mat,EMPTY
2026-08-07 13:19:08,bathroom-motion,ON
2026-08-07 13:19:25,living-temp,20.1
2026-08-07 13:19:28,bed-mat,OCCUPIED
2026-08-07 13:19:31,living-motion,ON
2026-08-07 13:19:34,front-door,OPEN
2026-08-07 13:19:37,front-door,CLOSE
2026-08-07 13:19:40,bathroom-motion,ON
2026-08-07 13:19:43,front-door,OPEN
2026-08-07 13:19:46,living-motion,ON
2026-08-07 13:23:12,bathroom-motion,ON
2026-08-07 13:23:15,living-temp,19.6
2026-08-07 13:29:40,living-motion,ON
2026-08-07 13:29:43,front-door,OPEN
2026-08-07 13:29:46,fridge-door,OPEN
2026-08-07 13:29:52,kitchen-motion,ON
2026-08-07 13:29:55,bedroom-motion,ON
2026-08-07 13:29:59,bathroom-motion,ON
2026-08-07 13:30:02,living-temp,19.2
2026-08-07 13:30:05,front-door,OPEN
2026-08-07 13:30:10,living-motion,ON
2026-08-07 13:30:13,fridge-door,OPEN
2026-08-07 13:30:16,living-motion,ON
2026-08-07 13:30:19,bathroom-motion,ON
2026-08-07 13:30:22,kitchen-motion,ON
2026-08-07 13:30:25,bathroom-motion,ON
2026-08-07 13:30:28,living-motion,ON
2026-08-07 13:30:31,bathroom-motion,ON
2026-08-07 13:30:34,living-motion,ON
2026-08-07 13:30:37,bed-mat,OCCUPIED
2026-08-07 13:30:40,living-motion,ON
2026-08-07 13:30:43,bedroom-motion,ON
2026-08-07 13:30:46,living-temp,19.4
2026-08-07 13:30:49,living-motion,ON
2026-08-07 13:30:52,front-door,CLOSE
2026-08-07 13:30:55,fridge-door,CLOSE
2026-08-07 13:30:58,living-temp,20.2
2026-08-07 13:31:01,front-door,OPEN
2026-08-07 13:31:04,kitchen-motion,ON
2026-08-07 13:31:07,living-motion,ON
2026-08-07 13:31:10,kitchen-motion,ON
2026-08-07 13:31:13,bed-mat,EMPTY
2026-08-07 13:31:16,fridge-door,CLOSE
2026-08-07 13:31:19,front-door,OPEN
2026-08-07 13:31:22,bathroom-motion,ON
2026-08-07 13:31:25,living-temp,20.1
2026-08-07 13:31:28,bed-mat,OCCUPIED
2026-08-07 13:31:31,bed-mat,EMPTY
2026-08-07 13:31:34,living-motion,ON
2026-08-07 13:31:37,fridge-door,CLOSE
2026-08-07 13:31:40,living-motion,ON
2026-08-07 13:31:43,kitchen-motion,ON
2026-08-07 13:31:46,bed-mat,OCCUPIED
2026-08-07 13:31:49,bed-mat,OCCUPIED
2026-08-07 13:31:52,living-motion,ON
2026-08-07 13:31:55,living-temp,19.5
2026-08-07 13:31:58,bedroom-motion,ON
2026-08-07 13:32:01,kitchen-motion,ON
2026-08-07 13:32:04,bed-mat,EMPTY
2026-08-07 13:32:07,living-motion,ON
2026-08-07 13:32:10,bed-mat,OCCUPIED
2026-08-07 13:32:13,bedroom-motion,ON
2026-08-07 13:32:16,kitchen-motion,ON
2026-08-07 13:32:19,bedroom-motion,ON
2026-08-07 13:32:22,bed-mat,OCCUPIED
2026-08-07 13:32:25,front-door,OPEN
2026-08-07 13:32:28,bed-mat,EMPTY
2026-08-07 13:32:31,kitchen-motion,ON
2026-08-07 13:32:34,front-door,OPEN
2026-08-07 13:32:37,fridge-door,OPEN
2026-08-07 13:32:40,living-motion,ON
2026-08-07 13:32:43,bed-mat,OCCUPIED
2026-08-07 13:32:46,bathroom-motion,ON
2026-08-07 13:32:49,bedroom-motion,ON
2026-08-07 13:32:52,bathroom-motion,ON
2026-08-07 13:32:55,bed-mat,EMPTY
2026-08-07 13:32:58,living-motion,ON
2026-08-07 13:33:01,fridge-door,CLOSE
2026-08-07 13:33:04,front-door,OPEN
2026-08-07 13:33:07,bathroom-motion,ON
2026-08-07 13:33:10,fridge-door,CLOSE
2026-08-07 13:33:13,bathroom-motion,ON
2026-08-07 13:33:16,fridge-door,OPEN
2026-08-07 13:33:19,bathroom-motion,ON
2026-08-07 13:33:22,bathroom-motion,ON
2026-08-07 13:33:25,fridge-door,OPEN
2026-08-07 13:33:28,bed-mat,EMPTY
2026-08-07 13:33:31,bedroom-motion,ON
2026-08-07 13:33:34,bedroom-motion,ON
2026-08-07 13:33:37,front-door,CLOSE
2026-08-07 13:33:40,bathroom-motion,ON
2026-08-07 13:33:43,living-motion,ON
2026-08-07 13:33:46,bathroom-motion,ON
2026-08-07 13:33:49,fridge-door,OPEN
2026-08-07 13:33:52,living-temp,20.0
2026-08-07 13:33:55,living-temp,19.9
2026-08-07 13:33:58,living-motion,ON
2026-08-07 13:34:01,bathroom-motion,ON
2026-08-07 13:34:04,fridge-door,CLOSE
2026-08-07 13:34:07,living-temp,18.9
2026-08-07 13:34:10,bathroom-motion,ON
2026-08-07 13:34:13,bedroom-motion,ON
2026-08-07 13:34:16,kitchen-motion,ON
2026-08-07 13:34:19,living-motion,ON
2026-08-07 13:34:22,bed-mat,EMPTY
2026-08-07 13:34:25,bed-mat,EMPTY
2026-08-07 13:34:28,kitchen-motion,ON
2026-08-07 13:34:31,bedroom-motion,ON
2026-08-07 13:34:34,living-temp,19.1
2026-08-07 13:34:37,living-motion,ON
2026-08-07 13:34:40,bathroom-motion,ON
2026-08-07 13:34:43,living-temp,20.4
2026-08-07 13:34:46,bathroom-motion,ON
2026-08-07 13:34:49,kitchen-motion,ON
2026-08-07 13:34:52,living-temp,20.6
2026-08-07 13:34:55,living-temp,18.8
2026-08-07 13:34:58,bed-mat,EMPTY
2026-08-07 13:35:01,living-temp,19.1
2026-08-07 13:35:04,bedroom-motion,ON
2026-08-07 13:35:07,front-door,OPEN
2026-08-07 13:35:10,bedroom-motion,ON
2026-08-07 13:35:13,bathroom-motion,ON
2026-08-07 13:35:16,kitchen-motion,ON
2026-08-07 13:35:19,living-motion,ON
2026-08-07 13:35:22,living-motion,ON
2026-08-07 13:35:25,living-temp,19.0
2026-08-07 13:35:28,bedroom-motion,ON
2026-08-07 13:35:31,fridge-door,OPEN
2026-08-07 13:35:34,bed-mat,OCCUPIED
2026-08-07 13:35:37,front-door,CLOSE
2026-08-07 13:35:40,living-temp,19.5
2026-08-07 13:35:43,living-temp,20.7
2026-08-07 13:35:46,front-door,OPEN
2026-08-07 13:35:49,front-door,CLOSE
2026-08-07 13:35:52,living-temp,19.9
2026-08-07 13:35:55,bathroom-motion,ON
2026-08-07 13:35:58,front-door,CLOSE
2026-08-07 13:36:01,front-door,OPEN
2026-08-07 13:36:04,bathroom-motion,ON
2026-08-07 13:36:07,living-motion,ON
2026-08-07 13:36:10,front-door,OPEN
2026-08-07 13:36:13,bed-mat,EMPTY
2026-08-07 13:36:16,kitchen-motion,ON
2026-08-07 13:36:19,bed-mat,EMPTY
2026-08-07 13:36:22,bed-mat,OCCUPIED
2026-08-07 13:36:25,living-motion,ON
2026-08-07 13:36:28,kitchen-motion,ON
2026-08-07 13:36:31,kitchen-motion,ON
2026-08-07 13:36:34,bedroom-motion,ON
2026-08-07 13:36:37,bedroom-motion,ON
2026-08-07 13:36:40,living-temp,20.5
2026-08-07 13:36:43,front-door,CLOSE
2026-08-07 13:36:46,bathroom-motion,ON
2026-08-07 13:36:49,bed-mat,OCCUPIED
2026-08-07 13:36:52,bed-mat,EMPTY
2026-08-07 13:36:55,living-motion,ON
2026-08-07 13:36:58,living-motion,ON
2026-08-07 13:37:01,fridge-door,CLOSE
2026-08-07 13:37:04,fridge-door,OPEN
2026-08-07 13:37:07,fridge-door,CLOSE
2026-08-07 13:37:10,bathroom-motion,ON
2026-08-07 13:37:13,front-door,CLOSE
2026-08-07 13:37:16,living-temp,19.5
2026-08-07 13:37:19,front-door,OPEN
2026-08-07 13:37:22,fridge-door,CLOSE
2026-08-07 13:37:25,living-motion,ON
2026-08-07 13:37:28,bedroom-motion,ON
2026-08-07 13:37:31,living-motion,ON
2026-08-07 13:37:34,bathroom-motion,ON
2026-08-07 13:37:37,front-door,OPEN
2026-08-07 13:37:40,kitchen-motion,ON
2026-08-07 13:37:43,kitchen-motion,ON
2026-08-07 13:37:47,living-motion,ON
2026-08-07 13:37:50,bed-mat,OCCUPIED
2026-08-07 13:37:53,bed-mat,EMPTY
2026-08-07 13:37:56,living-temp,20.7
2026-08-07 13:37:59,bed-mat,EMPTY
2026-08-07 13:38:02,fridge-door,CLOSE
2026-08-07 13:38:05,front-door,CLOSE
2026-08-07 13:38:08,front-door,CLOSE
2026-08-07 13:38:11,bathroom-motion,ON
2026-08-07 13:38:14,bathroom-motion,ON
2026-08-07 13:38:17,bedroom-motion,ON
2026-08-07 13:38:20,fridge-door,OPEN
2026-08-07 13:38:23,fridge-door,OPEN
2026-08-07 13:38:26,bedroom-motion,ON
2026-08-07 13:38:29,kitchen-motion,ON
2026-08-07 13:38:32,kitchen-motion,ON
2026-08-07 13:38:35,bedroom-motion,ON
2026-08-07 13:38:38,living-motion,ON
2026-08-07 13:38:41,fridge-door,CLOSE
2026-08-07 13:38:44,living-temp,21.0
2026-08-07 13:38:47,front-door,CLOSE
2026-08-07 13:38:50,bed-mat,EMPTY
2026-08-07 13:38:53,living-motion,ON
2026-08-07 13:38:56,fridge-door,OPEN
2026-08-07 13:38:59,front-door,CLOSE
2026-08-07 13:39:02,fridge-door,OPEN
2026-08-07 13:39:05,fridge-door,CLOSE
2026-08-07 13:39:08,living-temp,19.1
2026-08-07 13:39:11,front-door,OPEN
2026-08-07 13:39:14,bathroom-motion,ON
2026-08-07 13:39:17,kitchen-motion,ON
2026-08-07 13:39:20,kitchen-motion,ON
2026-08-07 13:39:23,bedroom-motion,ON
2026-08-07 13:39:26,bedroom-motion,ON
2026-08-07 13:39:29,front-door,OPEN
2026-08-07 13:39:32,bedroom-motion,ON
2026-08-07 13:39:35,living-motion,ON
2026-08-07 13:39:38,bedroom-motion,ON
2026-08-07 13:39:41,bathroom-motion,ON
2026-08-07 13:39:44,fridge-door,CLOSE
2026-08-07 13:39:47,bathroom-motion,ON
2026-08-07 13:39:50,fridge-door,CLOSE
2026-08-07 13:39:53,bathroom-motion,ON
2026-08-07 13:39:56,living-motion,ON
2026-08-07 13:39:59,living-temp,18.6
2026-08-07 13:40:02,bedroom-motion,ON
2026-08-07 13:40:05,living-motion,ON
2026-08-07 13:40:08,fridge-door,CLOSE
2026-08-07 13:40:11,bed-mat,EMPTY
2026-08-07 13:40:14,fridge-door,OPEN
2026-08-07 13:40:17,kitchen-motion,ON
2026-08-07 13:40:20,living-temp,19.8
2026-08-07 13:40:23,kitchen-motion,ON
2026-08-07 13:40:26,kitchen-motion,ON
2026-08-07 13:40:29,living-motion,ON
2026-08-07 13:40:32,living-motion,ON
2026-08-07 13:40:35,bathroom-motion,ON
2026-08-07 13:40:38,living-temp,19.9
2026-08-07 13:40:41,kitchen-motion,ON
2026-08-07 13:40:44,front-door,CLOSE
2026-08-07 13:40:47,bathroom-motion,ON
2026-08-07 13:40:50,fridge-door,CLOSE
2026-08-07 13:40:53,kitchen-motion,ON
2026-08-07 13:40:56,living-motion,ON
2026-08-07 13:40:59,bed-mat,OCCUPIED
2026-08-07 13:41:02,fridge-door,OPEN
2026-08-07 13:41:05,bedroom-motion,ON
2026-08-07 13:41:08,living-temp,18.6
2026-08-07 13:41:11,bedroom-motion,ON
2026-08-07 13:41:14,living-temp,19.9
2026-08-07 13:41:17,bed-mat,EMPTY
2026-08-07 13:41:20,kitchen-motion,ON
2026-08-07 13:41:23,fridge-door,OPEN
2026-08-07 13:41:26,front-door,OPEN
2026-08-07 13:41:29,bedroom-motion,ON
2026-08-07 13:41:32,front-door,OPEN
2026-08-07 13:41:35,front-door,OPEN
2026-08-07 13:41:38,kitchen-motion,ON
2026-08-07 13:41:41,fridge-door,OPEN
2026-08-07 13:41:44,bed-mat,EMPTY
2026-08-07 13:41:47,bedroom-motion,ON
2026-08-07 13:41:50,bathroom-motion,ON
2026-08-07 13:41:53,living-temp,19.8
2026-08-07 13:41:56,bed-mat,OCCUPIED
2026-08-07 13:41:59,kitchen-motion,ON
2026-08-07 13:42:02,bed-mat,OCCUPIED
2026-08-07 13:42:05,living-motion,ON
2026-08-07 13:42:08,front-door,OPEN
2026-08-07 13:42:11,living-motion,ON
2026-08-07 13:42:14,bathroom-motion,ON
2026-08-07 13:42:17,living-motion,ON
2026-08-07 13:42:20,bed-mat,EMPTY
2026-08-07 13:42:23,living-temp,19.0
2026-08-07 13:42:26,front-door,OPEN
2026-08-07 13:42:29,fridge-door,OPEN
2026-08-07 13:42:32,living-motion,ON
2026-08-07 13:42:35,bedroom-motion,ON
2026-08-07 13:42:38,fridge-door,OPEN
2026-08-07 13:42:41,living-motion,ON
2026-08-07 13:42:44,kitchen-motion,ON
2026-08-07 13:42:47,living-motion,ON
2026-08-07 13:42:50,living-motion,ON
2026-08-07 13:42:53,living-temp,21.5
2026-08-07 13:42:56,bed-mat,OCCUPIED
2026-08-07 13:42:59,fridge-door,CLOSE
2026-08-07 13:43:02,fridge-door,CLOSE
2026-08-07 13:43:05,bedroom-motion,ON
2026-08-07 13:43:08,bathroom-motion,ON
2026-08-07 13:43:11,bed-mat,EMPTY
2026-08-07 13:43:14,bathroom-motion,ON
2026-08-07 13:43:17,front-door,OPEN
2026-08-07 13:43:20,bed-mat,EMPTY
2026-08-07 13:43:23,bedroom-motion,ON
2026-08-07 13:43:26,bed-mat,OCCUPIED
2026-08-07 13:43:29,kitchen-motion,ON
2026-08-07 13:43:32,bathroom-motion,ON
2026-08-07 13:43:35,bedroom-motion,ON
2026-08-07 13:43:38,kitchen-motion,ON
2026-08-07 13:43:41,fridge-door,CLOSE
2026-08-07 13:43:44,front-door,OPEN
2026-08-07 13:43:47,fridge-door,OPEN
2026-08-07 13:43:50,bathroom-motion,ON
2026-08-07 13:43:53,fridge-door,OPEN
2026-08-07 13:43:56,bedroom-motion,ON
2026-08-07 13:43:59,bathroom-motion,ON
2026-08-07 13:44:02,bathroom-motion,ON
2026-08-07 13:44:05,bedroom-motion,ON
2026-08-07 13:44:08,front-door,OPEN
2026-08-07 13:44:11,fridge-door,CLOSE
2026-08-07 13:44:14,kitchen-motion,ON
2026-08-07 13:44:17,bed-mat,OCCUPIED
2026-08-07 13:44:20,bed-mat,OCCUPIED
2026-08-07 13:44:23,fridge-door,CLOSE
2026-08-07 13:44:26,bedroom-motion,ON
2026-08-07 13:44:29,living-motion,ON
2026-08-07 13:44:32,bathroom-motion,ON
2026-08-07 13:44:35,bathroom-motion,ON
2026-08-07 13:44:38,bedroom-motion,ON
2026-08-07 13:44:41,kitchen-motion,ON
2026-08-07 13:44:44,kitchen-motion,ON
2026-08-07 13:44:47,front-door,OPEN
2026-08-07 13:44:50,living-temp,21.5
2026-08-07 13:44:53,fridge-door,OPEN
2026-08-07 13:44:56,bathroom-motion,ON
2026-08-07 13:44:59,bedroom-motion,ON
2026-08-07 13:45:02,bedroom-motion,ON
2026-08-07 13:45:05,bed-mat,EMPTY
2026-08-07 13:45:08,living-motion,ON
2026-08-07 13:45:11,living-temp,20.7
2026-08-07 13:45:14,bathroom-motion,ON
2026-08-07 13:45:17,bedroom-motion,ON
2026-08-07 13:45:20,bedroom-motion,ON
2026-08-07 13:45:23,bed-mat,OCCUPIED
2026-08-07 13:45:26,bedroom-motion,ON
2026-08-07 13:45:29,fridge-door,OPEN
2026-08-07 13:45:32,bed-mat,EMPTY
2026-08-07 13:45:35,kitchen-motion,ON
2026-08-07 13:45:38,front-door,OPEN
2026-08-07 13:45:41,bed-mat,OCCUPIED
2026-08-07 13:45:44,fridge-door,CLOSE
2026-08-07 13:45:47,fridge-door,CLOSE
2026-08-07 13:45:50,kitchen-motion,ON
2026-08-07 13:45:53,living-motion,ON
2026-08-07 13:45:56,living-motion,ON
2026-08-07 13:45:59,kitchen-motion,ON
2026-08-07 13:46:02,bedroom-motion,ON
2026-08-07 13:46:05,bed-mat,OCCUPIED
2026-08-07 13:46:08,bed-mat,OCCUPIED
2026-08-07 13:46:11,front-door,CLOSE
2026-08-07 13:46:14,kitchen-motion,ON
2026-08-07 13:46:17,bed-mat,EMPTY
2026-08-07 13:46:20,living-temp,21.2
2026-08-07 13:46:23,front-door,OPEN
2026-08-07 13:46:26,kitchen-motion,ON
2026-08-07 13:46:29,living-motion,ON
2026-08-07 13:46:32,living-motion,ON
2026-08-07 13:46:35,bed-mat,EMPTY
2026-08-07 13:46:38,fridge-door,OPEN
2026-08-07 13:46:41,bed-mat,OCCUPIED
2026-08-07 13:46:44,kitchen-motion,ON
2026-08-07 13:46:47,fridge-door,OPEN
2026-08-07 13:46:50,living-motion,ON
2026-08-07 13:46:53,bed-mat,OCCUPIED
2026-08-07 13:46:56,living-temp,19.8
2026-08-07 13:46:59,front-door,CLOSE
2026-08-07 13:47:02,fridge-door,CLOSE
2026-08-07 13:47:05,living-temp,19.3
2026-08-07 13:47:08,living-motion,ON
2026-08-07 13:47:11,living-motion,ON
2026-08-07 13:47:14,bathroom-motion,ON
2026-08-07 13:47:17,living-temp,20.4
2026-08-07 13:47:20,bathroom-motion,ON
2026-08-07 13:47:23,fridge-door,CLOSE
2026-08-07 13:47:26,bed-mat,EMPTY
2026-08-07 13:47:29,bed-mat,EMPTY
2026-08-07 13:47:32,bathroom-motion,ON
2026-08-07 13:47:35,bed-mat,OCCUPIED
2026-08-07 13:47:38,front-door,OPEN
2026-08-07 13:47:41,front-door,CLOSE
2026-08-07 13:47:44,fridge-door,OPEN
2026-08-07 13:47:47,front-door,CLOSE
2026-08-07 13:47:50,bedroom-motion,ON
2026-08-07 13:47:53,living-temp,21.0
2026-08-07 13:47:56,living-motion,ON
2026-08-07 13:47:59,fridge-door,CLOSE
2026-08-07 13:48:02,kitchen-motion,ON
2026-08-07 13:48:05,fridge-door,CLOSE
2026-08-07 13:48:08,living-temp,19.4
2026-08-07 13:48:11,bed-mat,OCCUPIED
2026-08-07 13:48:14,front-door,OPEN
2026-08-07 13:48:17,living-temp,18.6
2026-08-07 13:48:21,living-motion,ON
2026-08-07 13:48:24,bathroom-motion,ON
2026-08-07 13:48:27,bedroom-motion,ON
2026-08-07 13:48:30,living-temp,21.2
2026-08-07 13:48:33,front-door,CLOSE
2026-08-07 13:48:36,fridge-door,OPEN
2026-08-07 13:48:39,living-temp,21.3
2026-08-07 13:48:42,living-temp,20.6
2026-08-07 13:48:45,bedroom-motion,ON
2026-08-07 13:48:48,bedroom-motion,ON
2026-08-07 13:48:51,living-motion,ON
2026-08-07 13:48:54,bedroom-motion,ON
2026-08-07 13:48:57,front-door,OPEN
2026-08-07 13:49:00,fridge-door,OPEN
2026-08-07 13:49:03,bedroom-motion,ON
2026-08-07 13:49:06,kitchen-motion,ON
2026-08-07 13:49:09,fridge-door,CLOSE
2026-08-07 13:49:12,living-temp,19.0
2026-08-07 13:49:15,front-door,CLOSE
2026-08-07 13:49:18,fridge-door,OPEN
2026-08-07 13:49:21,bedroom-motion,ON
2026-08-07 13:49:24,bedroom-motion,ON
2026-08-07 13:49:27,fridge-door,CLOSE
2026-08-07 13:49:30,fridge-door,CLOSE
2026-08-07 13:49:33,fridge-door,OPEN
2026-08-07 13:49:36,living-temp,19.6
2026-08-07 13:49:39,bed-mat,OCCUPIED
2026-08-07 13:49:42,bathroom-motion,ON
2026-08-07 13:49:45,fridge-door,CLOSE
2026-08-07 13:49:48,bedroom-motion,ON
2026-08-07 13:49:51,bathroom-motion,ON
2026-08-07 13:49:54,fridge-door,CLOSE
2026-08-07 13:49:57,fridge-door,OPEN
2026-08-07 13:50:00,kitchen-motion,ON
2026-08-07 13:50:03,kitchen-motion,ON
2026-08-07 13:50:06,bed-mat,OCCUPIED
2026-08-07 13:50:09,fridge-door,OPEN
2026-08-07 13:50:12,kitchen-motion,ON
2026-08-07 13:50:15,bathroom-motion,ON
2026-08-07 13:50:18,front-door,CLOSE
2026-08-07 13:50:21,living-temp,20.4
2026-08-07 13:50:24,bathroom-motion,ON
2026-08-07 13:50:27,kitchen-motion,ON
2026-08-07 13:50:30,fridge-door,CLOSE
2026-08-07 13:50:33,living-motion,ON
2026-08-07 13:50:36,front-door,OPEN
2026-08-07 13:50:39,living-temp,19.1
2026-08-07 13:50:42,living-motion,ON
2026-08-07 13:50:45,bathroom-motion,ON
2026-08-07 13:50:48,fridge-door,OPEN
2026-08-07 13:50:51,living-temp,21.0
2026-08-07 13:50:54,bathroom-motion,ON
2026-08-07 13:50:57,living-temp,21.4
2026-08-07 13:51:00,bed-mat,OCCUPIED
2026-08-07 13:51:03,bedroom-motion,ON
2026-08-07 13:51:06,living-motion,ON
2026-08-07 13:51:09,bedroom-motion,ON
2026-08-07 13:51:12,bed-mat,EMPTY
2026-08-07 13:51:15,living-temp,19.8
2026-08-07 13:51:18,bedroom-motion,ON
2026-08-07 13:51:21,bedroom-motion,ON
2026-08-07 13:51:24,bed-mat,OCCUPIED
2026-08-07 13:51:27,bed-mat,OCCUPIED
2026-08-07 13:51:30,bathroom-motion,ON
2026-08-07 13:51:33,front-door,CLOSE
2026-08-07 13:51:36,living-motion,ON
2026-08-07 13:51:39,bed-mat,OCCUPIED
2026-08-07 13:51:42,kitchen-motion,ON
2026-08-07 13:51:45,bedroom-motion,ON
2026-08-07 13:51:48,bedroom-motion,ON
2026-08-07 13:51:51,bed-mat,OCCUPIED
2026-08-07 13:51:54,living-motion,ON
2026-08-07 13:51:57,bedroom-motion,ON
2026-08-07 13:52:00,kitchen-motion,ON
2026-08-07 13:52:03,living-temp,18.8
2026-08-07 13:52:06,fridge-door,CLOSE
2026-08-07 13:52:09,bathroom-motion,ON
2026-08-07 13:52:12,bathroom-motion,ON
2026-08-07 13:52:15,front-door,OPEN
2026-08-07 13:52:18,bed-mat,EMPTY
2026-08-07 13:52:21,kitchen-motion,ON
2026-08-07 13:52:24,bathroom-motion,ON
2026-08-07 13:52:27,living-temp,19.5
2026-08-07 13:52:30,bathroom-motion,ON
2026-08-07 13:52:33,bedroom-motion,ON
2026-08-07 13:52:36,bed-mat,OCCUPIED
2026-08-07 13:52:39,front-door,CLOSE
2026-08-07 13:52:42,bathroom-motion,ON
2026-08-07 13:52:45,bed-mat,EMPTY
2026-08-07 13:52:48,bed-mat,OCCUPIED
2026-08-07 13:52:51,bed-mat,OCCUPIED
2026-08-07 13:52:54,kitchen-motion,ON
2026-08-07 13:52:57,bed-mat,OCCUPIED
2026-08-07 13:53:00,bathroom-motion,ON
2026-08-07 13:53:03,front-door,OPEN
2026-08-07 13:53:06,living-temp,19.2
2026-08-07 13:53:09,bed-mat,EMPTY
2026-08-07 13:53:12,bathroom-motion,ON
2026-08-07 13:53:15,front-door,CLOSE
2026-08-07 13:53:18,fridge-door,CLOSE
2026-08-07 13:53:21,living-motion,ON
2026-08-07 13:53:24,living-motion,ON
2026-08-07 13:53:27,kitchen-motion,ON
2026-08-07 13:53:30,living-temp,20.5
2026-08-07 13:53:33,front-door,OPEN
2026-08-07 13:53:36,front-door,OPEN
2026-08-07 13:53:39,living-motion,ON
2026-08-07 13:53:42,living-motion,ON
2026-08-07 13:53:45,bathroom-motion,ON
2026-08-07 13:53:48,fridge-door,CLOSE
2026-08-07 13:53:51,living-temp,20.4
2026-08-07 13:53:54,bed-mat,OCCUPIED
2026-08-07 13:53:57,fridge-door,OPEN
2026-08-07 13:54:00,bed-mat,OCCUPIED
2026-08-07 13:54:03,living-temp,20.6
2026-08-07 13:54:06,bedroom-motion,ON
2026-08-07 13:54:09,bedroom-motion,ON
2026-08-07 13:54:12,bathroom-motion,ON
2026-08-07 13:54:15,kitchen-motion,ON
2026-08-07 13:54:18,living-motion,ON
2026-08-07 13:54:21,bed-mat,EMPTY
2026-08-07 13:54:24,bedroom-motion,ON
2026-08-07 13:54:27,front-door,CLOSE
2026-08-07 13:54:30,bed-mat,OCCUPIED
2026-08-07 13:54:33,front-door,CLOSE
2026-08-07 13:54:36,living-motion,ON
2026-08-07 13:54:39,fridge-door,OPEN
2026-08-07 13:54:42,living-motion,ON
2026-08-07 13:54:45,kitchen-motion,ON
2026-08-07 13:54:48,front-door,OPEN
2026-08-07 13:54:51,living-temp,19.0
2026-08-07 13:54:54,front-door,OPEN
2026-08-07 13:54:57,bedroom-motion,ON
2026-08-07 13:55:00,bed-mat,OCCUPIED
2026-08-07 13:55:03,fridge-door,OPEN
2026-08-07 13:55:06,living-motion,ON
2026-08-07 13:55:09,living-motion,ON
2026-08-07 13:55:12,front-door,OPEN
2026-08-07 13:55:15,bed-mat,OCCUPIED
2026-08-07 13:55:18,living-motion,ON
2026-08-07 13:55:21,kitchen-motion,ON
2026-08-07 13:55:24,fridge-door,OPEN
2026-08-07 13:55:27,bathroom-motion,ON
2026-08-07 13:55:30,front-door,CLOSE
2026-08-07 13:55:33,living-motion,ON
2026-08-07 13:55:36,fridge-door,OPEN
2026-08-07 13:55:39,front-door,OPEN
2026-08-07 13:55:42,bedroom-motion,ON
2026-08-07 13:55:45,bathroom-motion,ON
2026-08-07 13:55:48,living-temp,20.1
2026-08-07 13:55:51,living-motion,ON
2026-08-07 13:55:54,living-motion,ON
2026-08-07 13:55:57,fridge-door,OPEN
2026-08-07 13:56:00,kitchen-motion,ON
2026-08-07 13:56:03,bedroom-motion,ON
2026-08-07 13:56:06,front-door,OPEN
2026-08-07 13:56:09,bed-mat,EMPTY
2026-08-07 13:56:12,fridge-door,OPEN
2026-08-07 13:56:15,living-temp,19.3
2026-08-07 13:56:18,living-temp,19.2
2026-08-07 13:56:21,living-motion,ON
2026-08-07 13:56:24,living-temp,20.3
2026-08-07 13:56:27,fridge-door,CLOSE
2026-08-07 13:56:30,bed-mat,OCCUPIED
2026-08-07 13:56:33,living-motion,ON
2026-08-07 13:56:36,fridge-door,CLOSE
2026-08-07 13:56:39,bathroom-motion,ON
2026-08-07 13:56:42,fridge-door,OPEN
2026-08-07 13:56:45,bed-mat,EMPTY
2026-08-07 13:56:48,living-temp,21.1
2026-08-07 13:56:51,living-motion,ON
2026-08-07 13:56:54,bedroom-motion,ON
2026-08-07 13:56:57,living-temp,19.8
2026-08-07 13:57:00,living-temp,18.6
2026-08-07 13:57:03,fridge-door,CLOSE
2026-08-07 13:57:06,living-motion,ON
2026-08-07 13:57:09,bathroom-motion,ON
2026-08-07 13:57:12,bedroom-motion,ON
2026-08-07 13:57:15,kitchen-motion,ON
2026-08-07 13:57:18,living-motion,ON
2026-08-07 13:57:21,kitchen-motion,ON
2026-08-07 13:57:24,bedroom-motion,ON
2026-08-07 13:57:27,front-door,CLOSE
2026-08-07 13:57:30,living-motion,ON
2026-08-07 13:57:33,kitchen-motion,ON
2026-08-07 13:57:36,fridge-door,OPEN
2026-08-07 13:57:39,bed-mat,EMPTY
2026-08-07 13:57:42,living-temp,20.5
2026-08-07 13:57:45,living-motion,ON
2026-08-07 13:57:48,bedroom-motion,ON
2026-08-07 13:57:51,front-door,CLOSE
2026-08-07 13:57:54,living-temp,21.3
2026-08-07 13:57:57,bed-mat,OCCUPIED
2026-08-07 13:58:00,kitchen-motion,ON
2026-08-07 13:58:03,bedroom-motion,ON
2026-08-07 13:58:06,living-temp,21.2
2026-08-07 13:58:09,bed-mat,EMPTY
2026-08-07 13:58:12,front-door,CLOSE
2026-08-07 13:58:15,bathroom-motion,ON
2026-08-07 13:58:18,fridge-door,CLOSE
2026-08-07 13:58:21,front-door,CLOSE
2026-08-07 13:58:24,living-motion,ON
2026-08-07 13:58:27,living-temp,20.0
2026-08-07 13:58:30,bed-mat,EMPTY
2026-08-07 13:58:33,bathroom-motion,ON
2026-08-07 13:58:36,living-motion,ON
2026-08-07 13:58:39,bathroom-motion,ON
2026-08-07 13:58:42,kitchen-motion,ON
2026-08-07 13:58:45,bedroom-motion,ON
2026-08-07 13:58:49,bathroom-motion,ON
2026-08-07 13:58:52,living-temp,20.5
2026-08-07 13:58:55,living-motion,ON
2026-08-07 13:58:58,front-door,CLOSE
2026-08-07 13:59:01,front-door,CLOSE
2026-08-07 13:59:04,kitchen-motion,ON
2026-08-07 13:59:07,bed-mat,OCCUPIED
2026-08-07 13:59:10,bedroom-motion,ON
2026-08-07 13:59:13,fridge-door,OPEN
2026-08-07 13:59:16,bed-mat,EMPTY
2026-08-07 13:59:19,kitchen-motion,ON
2026-08-07 13:59:22,living-temp,19.2
2026-08-07 13:59:25,kitchen-motion,ON
2026-08-07 13:59:28,living-temp,20.0
2026-08-07 13:59:31,bathroom-motion,ON
2026-08-07 13:59:34,living-motion,ON
2026-08-07 13:59:37,fridge-door,CLOSE
2026-08-07 13:59:40,bedroom-motion,ON
2026-08-07 13:59:43,front-door,CLOSE
2026-08-07 13:59:46,kitchen-motion,ON
2026-08-07 13:59:49,living-temp,20.9
2026-08-07 13:59:52,fridge-door,OPEN
2026-08-07 13:59:55,fridge-door,OPEN
2026-08-07 13:59:58,bathroom-motion,ON
2026-08-07 14:00:01,fridge-door,CLOSE
2026-08-07 14:00:04,living-motion,ON
2026-08-07 14:00:07,bedroom-motion,ON
2026-08-07 14:00:10,living-temp,18.7
2026-08-07 14:00:13,bed-mat,OCCUPIED
2026-08-07 14:00:16,bed-mat,EMPTY
2026-08-07 14:00:19,bed-mat,EMPTY
2026-08-07 14:00:22,living-temp,21.0
2026-08-07 14:00:25,living-motion,ON
2026-08-07 14:00:28,front-door,OPEN
2026-08-07 14:00:31,fridge-door,CLOSE
2026-08-07 14:00:34,front-door,OPEN
2026-08-07 14:00:37,front-door,CLOSE
2026-08-07 14:00:40,living-motion,ON
2026-08-07 14:00:43,bedroom-motion,ON
2026-08-07 14:00:46,living-motion,ON
2026-08-07 14:00:49,bathroom-motion,ON
2026-08-07 14:00:52,kitchen-motion,ON
2026-08-07 14:00:55,living-temp,20.9
2026-08-07 14:00:58,fridge-door,OPEN
2026-08-07 14:01:01,fridge-door,CLOSE
2026-08-07 14:01:04,fridge-door,CLOSE
2026-08-07 14:01:07,kitchen-motion,ON
2026-08-07 14:01:10,living-motion,ON
2026-08-07 14:01:13,kitchen-motion,ON
2026-08-07 14:01:16,bedroom-motion,ON
2026-08-07 14:01:19,bed-mat,OCCUPIED
2026-08-07 14:01:22,bed-mat,EMPTY
2026-08-07 14:01:25,bathroom-motion,ON
2026-08-07 14:01:28,bathroom-motion,ON
2026-08-07 14:01:31,bed-mat,OCCUPIED
2026-08-07 14:01:34,living-motion,ON
2026-08-07 14:01:37,living-motion,ON
2026-08-07 14:01:40,kitchen-motion,ON
2026-08-07 14:01:43,fridge-door,OPEN
2026-08-07 14:01:46,kitchen-motion,ON
2026-08-07 14:01:49,living-temp,19.4
2026-08-07 14:01:52,bathroom-motion,ON
2026-08-07 14:01:55,bathroom-motion,ON
2026-08-07 14:01:58,bedroom-motion,ON
2026-08-07 14:02:01,living-motion,ON
2026-08-07 14:02:04,bed-mat,EMPTY
2026-08-07 14:02:07,bedroom-motion,ON
2026-08-07 14:02:10,front-door,OPEN
2026-08-07 14:02:13,bathroom-motion,ON
2026-08-07 14:02:16,bathroom-motion,ON
2026-08-07 14:02:19,living-motion,ON
2026-08-07 14:02:22,living-temp,19.9
2026-08-07 14:02:25,fridge-door,OPEN
2026-08-07 14:02:28,bathroom-motion,ON
2026-08-07 14:02:31,bedroom-motion,ON
2026-08-07 14:02:34,living-temp,19.5
2026-08-07 14:02:37,fridge-door,OPEN
2026-08-07 14:02:40,bed-mat,EMPTY
2026-08-07 14:02:43,bathroom-motion,ON
2026-08-07 14:02:46,living-motion,ON
2026-08-07 14:02:49,living-temp,19.8
2026-08-07 14:02:52,fridge-door,CLOSE
2026-08-07 14:02:55,living-temp,19.3
2026-08-07 14:02:58,fridge-door,CLOSE
2026-08-07 14:03:01,bedroom-motion,ON
2026-08-07 14:03:04,fridge-door,OPEN
2026-08-07 14:03:07,fridge-door,CLOSE
2026-08-07 14:03:10,fridge-door,CLOSE
2026-08-07 14:03:13,bedroom-motion,ON
2026-08-07 14:03:16,fridge-door,OPEN
2026-08-07 14:03:19,kitchen-motion,ON
2026-08-07 14:03:22,living-temp,20.1
2026-08-07 14:03:25,bed-mat,EMPTY
2026-08-07 14:03:28,bed-mat,OCCUPIED
2026-08-07 14:03:31,bedroom-motion,ON
2026-08-07 14:03:34,living-motion,ON
2026-08-07 14:03:37,front-door,OPEN
2026-08-07 14:03:40,bathroom-motion,ON
2026-08-07 14:03:43,bedroom-motion,ON
2026-08-07 14:03:46,bed-mat,EMPTY
2026-08-07 14:03:49,bed-mat,OCCUPIED
2026-08-07 14:03:52,bathroom-motion,ON
2026-08-07 14:03:55,bedroom-motion,ON
2026-08-07 14:03:58,living-motion,ON
2026-08-07 14:04:01,bed-mat,OCCUPIED
2026-08-07 14:04:04,bathroom-motion,ON
2026-08-07 14:04:07,bathroom-motion,ON
2026-08-07 14:04:10,front-door,OPEN
2026-08-07 14:04:13,fridge-door,OPEN
2026-08-07 14:04:16,bed-mat,OCCUPIED
2026-08-07 14:04:19,bed-mat,EMPTY
2026-08-07 14:04:22,living-motion,ON
2026-08-07 14:04:25,bathroom-motion,ON
2026-08-07 14:04:28,fridge-door,OPEN
2026-08-07 14:04:31,fridge-door,OPEN
2026-08-07 14:04:34,bedroom-motion,ON
2026-08-07 14:04:37,bathroom-motion,ON
2026-08-07 14:04:40,bedroom-motion,ON
2026-08-07 14:04:43,living-motion,ON
2026-08-07 14:04:46,front-door,CLOSE
2026-08-07 14:04:49,kitchen-motion,ON
2026-08-07 14:04:52,front-door,OPEN
2026-08-07 14:04:55,living-temp,21.3
2026-08-07 14:04:58,kitchen-motion,ON
2026-08-07 14:05:01,living-motion,ON
2026-08-07 14:05:04,front-door,CLOSE
2026-08-07 14:05:07,bedroom-motion,ON
2026-08-07 14:05:10,living-motion,ON
2026-08-07 14:05:13,bed-mat,EMPTY
2026-08-07 14:05:16,bedroom-motion,ON
2026-08-07 14:05:19,bathroom-motion,ON
2026-08-07 14:05:22,kitchen-motion,ON
2026-08-07 14:05:25,fridge-door,OPEN
2026-08-07 14:05:28,living-temp,19.4
2026-08-07 14:05:31,living-motion,ON
2026-08-07 14:05:34,front-door,OPEN
2026-08-07 14:05:37,living-motion,ON
2026-08-07 14:05:40,fridge-door,CLOSE
2026-08-07 14:05:43,kitchen-motion,ON
2026-08-07 14:05:46,bed-mat,EMPTY
2026-08-07 14:05:49,bed-mat,EMPTY
2026-08-07 14:05:52,bathroom-motion,ON
2026-08-07 14:05:55,bathroom-motion,ON
2026-08-07 14:05:58,bathroom-motion,ON
2026-08-07 14:06:01,kitchen-motion,ON
2026-08-07 14:06:04,fridge-door,OPEN
2026-08-07 14:06:07,bedroom-motion,ON
2026-08-07 14:06:10,bathroom-motion,ON
2026-08-07 14:06:13,front-door,OPEN
2026-08-07 14:06:16,living-temp,18.5
2026-08-07 14:06:19,living-motion,ON
2026-08-07 14:06:22,bathroom-motion,ON
2026-08-07 14:06:25,living-temp,18.8
2026-08-07 14:06:28,kitchen-motion,ON
2026-08-07 14:06:31,kitchen-motion,ON
2026-08-07 14:06:34,bedroom-motion,ON
2026-08-07 14:06:37,fridge-door,CLOSE
2026-08-07 14:06:40,bedroom-motion,ON
2026-08-07 14:06:43,bedroom-motion,ON
2026-08-07 14:06:46,front-door,OPEN
2026-08-07 14:06:49,kitchen-motion,ON
2026-08-07 14:06:52,fridge-door,CLOSE
2026-08-07 14:06:55,front-door,CLOSE
2026-08-07 14:06:58,bed-mat,OCCUPIED
2026-08-07 14:07:01,front-door,CLOSE
2026-08-07 14:07:04,bedroom-motion,ON
2026-08-07 14:07:07,bed-mat,OCCUPIED
2026-08-07 14:07:10,living-motion,ON
2026-08-07 14:07:13,kitchen-motion,ON
2026-08-07 14:07:16,kitchen-motion,ON
2026-08-07 14:07:19,bed-mat,OCCUPIED
2026-08-07 14:07:22,kitchen-motion,ON
2026-08-07 14:07:25,fridge-door,OPEN
2026-08-07 14:07:28,bedroom-motion,ON
2026-08-07 14:07:31,living-motion,ON
2026-08-07 14:07:34,bedroom-motion,ON
2026-08-07 14:07:37,fridge-door,OPEN
2026-08-07 14:07:40,front-door,CLOSE
2026-08-07 14:07:43,kitchen-motion,ON
2026-08-07 14:07:46,bed-mat,OCCUPIED
2026-08-07 14:07:49,bedroom-motion,ON
2026-08-07 14:07:52,bed-mat,EMPTY
2026-08-07 14:07:55,bedroom-motion,ON
2026-08-07 14:07:58,bedroom-motion,ON
2026-08-07 14:08:01,fridge-door,OPEN
2026-08-07 14:08:04,bedroom-motion,ON
2026-08-07 14:08:07,living-motion,ON
2026-08-07 14:08:10,living-temp,19.6
2026-08-07 14:08:13,living-motion,ON
2026-08-07 14:08:16,bed-mat,EMPTY
2026-08-07 14:08:19,bedroom-motion,ON
2026-08-07 14:08:22,kitchen-motion,ON
2026-08-07 14:08:25,bed-mat,EMPTY
2026-08-07 14:08:28,bed-mat,EMPTY
2026-08-07 14:08:31,living-temp,18.6
2026-08-07 14:08:34,front-door,CLOSE
2026-08-07 14:08:37,living-temp,21.3
2026-08-07 14:08:40,living-motion,ON
2026-08-07 14:08:43,front-door,CLOSE
2026-08-07 14:08:46,bathroom-motion,ON
2026-08-07 14:08:49,front-door,CLOSE
2026-08-07 14:08:52,kitchen-motion,ON
2026-08-07 14:08:55,living-motion,ON
2026-08-07 14:08:58,bathroom-motion,ON
2026-08-07 14:09:01,bedroom-motion,ON
2026-08-07 14:09:04,bathroom-motion,ON
2026-08-07 14:09:07,kitchen-motion,ON
2026-08-07 14:09:10,bed-mat,OCCUPIED
2026-08-07 14:09:13,living-temp,20.6
2026-08-07 14:09:16,front-door,OPEN
2026-08-07 14:09:20,bathroom-motion,ON
2026-08-07 14:09:23,living-motion,ON
2026-08-07 14:09:26,bathroom-motion,ON
2026-08-07 14:09:29,kitchen-motion,ON
2026-08-07 14:09:32,front-door,CLOSE
2026-08-07 14:09:35,fridge-door,CLOSE
2026-08-07 14:09:38,bed-mat,OCCUPIED
2026-08-07 14:09:41,bedroom-motion,ON
2026-08-07 14:09:44,fridge-door,OPEN
2026-08-07 14:09:47,bedroom-motion,ON
2026-08-07 14:09:50,living-temp,18.5
2026-08-07 14:09:53,front-door,CLOSE
2026-08-07 14:09:56,fridge-door,CLOSE
2026-08-07 14:09:59,bathroom-motion,ON
2026-08-07 14:10:02,living-temp,21.0
2026-08-07 14:10:05,bed-mat,EMPTY
2026-08-07 14:10:08,kitchen-motion,ON
2026-08-07 14:10:11,kitchen-motion,ON
2026-08-07 14:10:14,bathroom-motion,ON
2026-08-07 14:10:17,bedroom-motion,ON
2026-08-07 14:10:20,front-door,OPEN
2026-08-07 14:10:23,fridge-door,OPEN
2026-08-07 14:10:26,living-motion,ON
2026-08-07 14:10:29,living-temp,21.3
2026-08-07 14:10:32,living-motion,ON
2026-08-07 14:10:35,bathroom-motion,ON
2026-08-07 14:10:38,kitchen-motion,ON
2026-08-07 14:10:41,fridge-door,CLOSE
2026-08-07 14:10:44,front-door,OPEN
2026-08-07 14:10:47,bedroom-motion,ON
2026-08-07 14:10:50,living-motion,ON
2026-08-07 14:10:53,living-motion,ON
2026-08-07 14:10:56,kitchen-motion,ON
2026-08-07 14:10:59,bathroom-motion,ON
2026-08-07 14:11:02,bedroom-motion,ON
2026-08-07 14:11:05,front-door,CLOSE
2026-08-07 14:11:08,living-temp,18.8
2026-08-07 14:11:11,living-temp,21.1
2026-08-07 14:11:14,bed-mat,OCCUPIED
2026-08-07 14:11:17,fridge-door,CLOSE
2026-08-07 14:11:20,living-motion,ON
2026-08-07 14:11:23,kitchen-motion,ON
2026-08-07 14:11:26,bed-mat,OCCUPIED
2026-08-07 14:12:25,bathroom-motion,ON
2026-08-07 14:12:28,bed-mat,OCCUPIED
2026-08-07 14:12:31,kitchen-motion,ON
2026-08-07 14:12:34,bathroom-motion,ON
2026-08-07 14:12:37,living-temp,19.6
2026-08-07 14:12:42,living-motion,ON
2026-08-07 14:12:45,fridge-door,OPEN
2026-08-07 14:13:02,bathroom-motion,ON
2026-08-07 14:13:05,kitchen-motion,ON
2026-08-07 14:13:08,fridge-door,CLOSE
2026-08-07 14:13:36,fridge-door,OPEN
2026-08-07 14:13:39,fridge-door,CLOSE
2026-08-07 14:13:44,bed-mat,OCCUPIED
2026-08-07 14:13:47,bed-mat,OCCUPIED
2026-08-07 14:13:50,living-motion,ON
2026-08-07 14:14:07,bedroom-motion,ON
2026-08-07 14:14:10,bed-mat,OCCUPIED
2026-08-07 14:14:37,fridge-door,CLOSE
2026-08-07 14:14:40,kitchen-motion,ON
2026-08-07 14:14:43,kitchen-motion,ON
2026-08-07 14:15:10,kitchen-motion,ON
2026-08-07 14:15:13,fridge-door,CLOSE
2026-08-07 14:15:40,bathroom-motion,ON
2026-08-07 14:15:43,bed-mat,OCCUPIED
2026-08-07 14:15:46,bathroom-motion,ON
2026-08-07 14:16:13,bedroom-motion,ON
2026-08-07 14:16:16,fridge-door,OPEN
2026-08-07 14:16:43,fridge-door,OPEN
2026-08-07 14:16:46,bathroom-motion,ON
2026-08-07 14:16:49,living-temp,20.4
2026-08-07 14:17:16,kitchen-motion,ON
2026-08-07 14:17:19,bed-mat,OCCUPIED
2026-08-07 14:17:22,fridge-door,OPEN
2026-08-07 14:26:06,bathroom-motion,ON
2026-08-07 14:26:09,fridge-door,OPEN
2026-08-07 14:26:12,fridge-door,CLOSE
2026-08-07 14:27:05,living-motion,ON
2026-08-07 14:27:08,fridge-door,CLOSE
2026-08-07 14:28:47,bedroom-motion,ON
2026-08-07 14:28:50,living-motion,ON
2026-08-07 14:28:53,front-door,OPEN
2026-08-07 14:28:56,kitchen-motion,ON
2026-08-07 14:28:59,bed-mat,EMPTY
2026-08-07 14:29:02,living-motion,ON
2026-08-07 14:29:05,front-door,CLOSE
2026-08-07 14:29:08,fridge-door,OPEN
2026-08-07 14:29:11,living-temp,21.1
2026-08-07 14:29:14,living-temp,21.3
2026-08-07 14:29:17,bedroom-motion,ON
2026-08-07 14:29:20,kitchen-motion,ON
2026-08-07 14:29:23,front-door,CLOSE
2026-08-07 14:29:26,living-motion,ON
2026-08-07 14:29:29,bed-mat,OCCUPIED
2026-08-07 14:29:32,fridge-door,CLOSE
2026-08-07 14:29:35,living-temp,20.7
2026-08-07 14:29:38,living-motion,ON
2026-08-07 14:29:41,bedroom-motion,ON
2026-08-07 14:29:44,front-door,CLOSE
2026-08-07 14:29:47,bed-mat,OCCUPIED
2026-08-07 14:29:50,fridge-door,OPEN
2026-08-07 14:29:53,kitchen-motion,ON
2026-08-07 14:29:56,front-door,CLOSE
2026-08-07 14:29:59,front-door,CLOSE
2026-08-07 14:30:02,fridge-door,CLOSE
2026-08-07 14:30:05,living-motion,ON
2026-08-07 14:30:08,kitchen-motion,ON
2026-08-07 14:30:11,bathroom-motion,ON
2026-08-07 14:30:14,bed-mat,OCCUPIED
2026-08-07 14:30:17,kitchen-motion,ON
2026-08-07 14:30:20,living-motion,ON
2026-08-07 14:30:23,bed-mat,OCCUPIED
2026-08-07 14:30:26,living-temp,21.3
2026-08-07 14:30:29,bed-mat,EMPTY
2026-08-07 14:30:32,bathroom-motion,ON
2026-08-07 14:30:35,kitchen-motion,ON
2026-08-07 14:30:38,front-door,CLOSE
2026-08-07 14:30:41,bed-mat,EMPTY
2026-08-07 14:30:44,bedroom-motion,ON
2026-08-07 14:30:47,bathroom-motion,ON
2026-08-07 14:30:50,living-motion,ON
2026-08-07 14:30:53,front-door,CLOSE
2026-08-07 14:30:56,front-door,CLOSE
2026-08-07 14:30:59,living-temp,18.5
2026-08-07 14:31:02,bed-mat,EMPTY
2026-08-07 14:31:05,front-door,OPEN
2026-08-07 14:31:08,living-temp,20.9
2026-08-07 14:31:11,front-door,OPEN
2026-08-07 14:31:14,front-door,CLOSE
2026-08-07 14:31:17,living-motion,ON
2026-08-07 14:31:20,front-door,OPEN
2026-08-07 14:31:23,fridge-door,OPEN
2026-08-07 14:31:26,living-motion,ON
2026-08-07 14:31:29,kitchen-motion,ON
2026-08-07 14:31:32,front-door,CLOSE
2026-08-07 14:31:35,fridge-door,OPEN
2026-08-07 14:31:38,front-door,CLOSE
2026-08-07 14:31:41,living-motion,ON
2026-08-07 14:31:44,bed-mat,OCCUPIED
2026-08-07 14:31:47,front-door,OPEN
2026-08-07 14:31:50,fridge-door,CLOSE
2026-08-07 14:31:53,bed-mat,EMPTY
2026-08-07 14:31:56,front-door,OPEN
2026-08-07 14:31:59,living-temp,20.8
2026-08-07 14:32:02,kitchen-motion,ON
2026-08-07 14:32:05,bed-mat,OCCUPIED
2026-08-07 14:32:08,front-door,OPEN
2026-08-07 14:32:11,kitchen-motion,ON
2026-08-07 14:32:14,bedroom-motion,ON
2026-08-07 14:32:17,living-motion,ON
2026-08-07 14:32:20,living-temp,18.6
2026-08-07 14:32:23,living-temp,20.0
2026-08-07 14:32:26,fridge-door,CLOSE
2026-08-07 14:32:29,living-motion,ON
2026-08-07 14:32:32,fridge-door,CLOSE
2026-08-07 14:32:35,bed-mat,OCCUPIED
2026-08-07 14:32:38,bedroom-motion,ON
2026-08-07 14:32:41,bed-mat,OCCUPIED
2026-08-07 14:32:45,front-door,OPEN
2026-08-07 14:32:48,kitchen-motion,ON
2026-08-07 14:32:51,kitchen-motion,ON
2026-08-07 14:32:54,bedroom-motion,ON
2026-08-07 14:32:57,bed-mat,OCCUPIED
2026-08-07 14:33:00,kitchen-motion,ON
2026-08-07 14:33:03,front-door,CLOSE
2026-08-07 14:33:06,fridge-door,OPEN
2026-08-07 14:33:09,living-motion,ON
2026-08-07 14:33:12,living-temp,19.1
2026-08-07 14:33:15,fridge-door,OPEN
2026-08-07 14:33:18,fridge-door,OPEN
2026-08-07 14:33:21,living-temp,20.0
2026-08-07 14:33:24,living-motion,ON
2026-08-07 14:33:27,living-temp,19.0
2026-08-07 14:33:30,bedroom-motion,ON
2026-08-07 14:33:33,kitchen-motion,ON
2026-08-07 14:33:36,fridge-door,OPEN
2026-08-07 14:33:39,bedroom-motion,ON
2026-08-07 14:33:42,bathroom-motion,ON
2026-08-07 14:33:45,fridge-door,CLOSE
2026-08-07 14:33:48,bed-mat,OCCUPIED
2026-08-07 14:33:51,bedroom-motion,ON
2026-08-07 14:33:54,bedroom-motion,ON
2026-08-07 14:33:57,bathroom-motion,ON
2026-08-07 14:34:00,kitchen-motion,ON
2026-08-07 14:34:03,living-temp,18.8
2026-08-07 14:34:06,living-temp,20.1
2026-08-07 14:34:09,bathroom-motion,ON
2026-08-07 14:34:12,bathroom-motion,ON
2026-08-07 14:34:15,front-door,CLOSE
2026-08-07 14:34:18,fridge-door,OPEN
2026-08-07 14:34:21,living-temp,20.9
2026-08-07 14:34:24,bed-mat,OCCUPIED
2026-08-07 14:34:27,bedroom-motion,ON
2026-08-07 14:34:30,living-motion,ON
2026-08-07 14:34:33,bedroom-motion,ON
2026-08-07 14:34:36,living-motion,ON
2026-08-07 14:34:39,living-temp,19.6
2026-08-07 14:34:42,living-motion,ON
2026-08-07 14:34:45,bathroom-motion,ON
2026-08-07 14:34:48,front-door,CLOSE
2026-08-07 14:34:51,front-door,CLOSE
2026-08-07 14:34:54,living-temp,18.8
2026-08-07 14:34:57,living-motion,ON
2026-08-07 14:35:00,bathroom-motion,ON
2026-08-07 14:35:03,living-motion,ON
2026-08-07 14:35:06,bedroom-motion,ON
2026-08-07 14:35:09,bedroom-motion,ON
2026-08-07 14:35:12,living-motion,ON
2026-08-07 14:35:15,kitchen-motion,ON
2026-08-07 14:35:18,front-door,CLOSE
2026-08-07 14:35:21,bathroom-motion,ON
2026-08-07 14:35:24,kitchen-motion,ON
2026-08-07 14:35:27,bedroom-motion,ON
2026-08-07 14:35:30,front-door,CLOSE
2026-08-07 14:35:33,fridge-door,CLOSE
2026-08-07 14:35:36,front-door,CLOSE
2026-08-07 14:35:39,bathroom-motion,ON
2026-08-07 14:35:42,bed-mat,OCCUPIED
2026-08-07 14:35:45,living-motion,ON
2026-08-07 14:35:48,bed-mat,OCCUPIED
2026-08-07 14:35:51,bedroom-motion,ON
2026-08-07 14:35:54,front-door,OPEN
2026-08-07 14:35:57,bathroom-motion,ON
2026-08-07 14:36:00,kitchen-motion,ON
2026-08-07 14:36:03,bathroom-motion,ON
2026-08-07 14:36:06,front-door,CLOSE
2026-08-07 14:36:09,living-temp,19.4
2026-08-07 14:36:12,front-door,OPEN
2026-08-07 14:36:15,front-door,OPEN
2026-08-07 14:36:18,living-motion,ON
2026-08-07 14:36:21,bathroom-motion,ON
2026-08-07 14:36:24,fridge-door,CLOSE
2026-08-07 14:36:27,bed-mat,OCCUPIED
2026-08-07 14:36:30,bed-mat,OCCUPIED
2026-08-07 14:36:33,front-door,OPEN
2026-08-07 14:36:36,living-temp,19.8
2026-08-07 14:36:39,fridge-door,CLOSE
2026-08-07 14:36:42,living-motion,ON
2026-08-07 14:36:45,fridge-door,CLOSE
2026-08-07 14:36:48,living-temp,18.7
2026-08-07 14:36:51,kitchen-motion,ON
2026-08-07 14:36:54,bathroom-motion,ON
2026-08-07 14:36:57,bed-mat,EMPTY
2026-08-07 14:37:00,bathroom-motion,ON
2026-08-07 14:37:03,living-temp,21.2
2026-08-07 14:37:06,bed-mat,EMPTY
2026-08-07 14:37:09,fridge-door,OPEN
2026-08-07 14:37:12,bathroom-motion,ON
2026-08-07 14:37:15,front-door,CLOSE
2026-08-07 14:37:18,bed-mat,EMPTY
2026-08-07 14:37:21,fridge-door,OPEN
2026-08-07 14:37:24,kitchen-motion,ON
2026-08-07 14:37:27,living-temp,19.4
2026-08-07 14:37:30,kitchen-motion,ON
2026-08-07 14:37:33,bedroom-motion,ON
2026-08-07 14:37:36,living-motion,ON
2026-08-07 14:37:39,front-door,OPEN
2026-08-07 14:37:42,living-motion,ON
2026-08-07 14:37:45,fridge-door,OPEN
2026-08-07 14:37:48,bedroom-motion,ON
2026-08-07 14:37:51,fridge-door,CLOSE
2026-08-07 14:37:54,fridge-door,OPEN
2026-08-07 14:37:57,bed-mat,OCCUPIED
2026-08-07 14:38:00,bathroom-motion,ON
2026-08-07 14:38:03,fridge-door,CLOSE
2026-08-07 14:38:06,bedroom-motion,ON
2026-08-07 14:38:09,bathroom-motion,ON
2026-08-07 14:38:12,bed-mat,OCCUPIED
2026-08-07 14:38:15,front-door,CLOSE
2026-08-07 14:38:18,bed-mat,EMPTY
2026-08-07 14:38:21,bathroom-motion,ON
2026-08-07 14:38:24,living-temp,20.9
2026-08-07 14:38:27,front-door,CLOSE
2026-08-07 14:38:30,kitchen-motion,ON
2026-08-07 14:38:33,fridge-door,OPEN
2026-08-07 14:38:36,bathroom-motion,ON
2026-08-07 14:38:39,living-temp,19.3
2026-08-07 14:38:42,front-door,CLOSE
2026-08-07 14:38:45,living-temp,20.9
2026-08-07 14:38:48,front-door,OPEN
2026-08-07 14:38:51,kitchen-motion,ON
2026-08-07 14:38:54,bedroom-motion,ON
2026-08-07 14:38:57,bathroom-motion,ON
2026-08-07 14:39:00,living-motion,ON
2026-08-07 14:39:03,bathroom-motion,ON
2026-08-07 14:39:06,fridge-door,OPEN
2026-08-07 14:39:09,bathroom-motion,ON
2026-08-07 14:39:12,living-temp,19.4
2026-08-07 14:39:15,bed-mat,OCCUPIED
2026-08-07 14:39:18,bedroom-motion,ON
2026-08-07 14:39:21,bedroom-motion,ON
2026-08-07 14:39:24,bed-mat,OCCUPIED
2026-08-07 14:39:27,kitchen-motion,ON
2026-08-07 14:39:30,bedroom-motion,ON
2026-08-07 14:39:33,living-temp,20.9
2026-08-07 14:39:36,bathroom-motion,ON
2026-08-07 14:39:39,front-door,CLOSE
2026-08-07 14:39:42,living-temp,20.6
2026-08-07 14:39:45,fridge-door,OPEN
2026-08-07 14:39:48,bathroom-motion,ON
2026-08-07 14:39:51,kitchen-motion,ON
2026-08-07 14:39:54,fridge-door,CLOSE
2026-08-07 14:39:57,living-temp,21.2
2026-08-07 14:40:00,fridge-door,OPEN
2026-08-07 14:40:03,front-door,CLOSE
2026-08-07 14:40:06,bed-mat,EMPTY
2026-08-07 14:40:09,living-motion,ON
2026-08-07 14:40:12,kitchen-motion,ON
2026-08-07 14:40:15,bed-mat,OCCUPIED
2026-08-07 14:40:18,fridge-door,OPEN
2026-08-07 14:40:21,kitchen-motion,ON
2026-08-07 14:40:24,bedroom-motion,ON
2026-08-07 14:40:27,bed-mat,EMPTY
2026-08-07 14:40:30,living-temp,18.8
2026-08-07 14:40:33,kitchen-motion,ON
2026-08-07 14:40:36,living-temp,20.9
2026-08-07 14:40:39,bedroom-motion,ON
2026-08-07 14:40:42,fridge-door,OPEN
2026-08-07 14:40:45,living-temp,19.4
2026-08-07 14:40:48,living-temp,20.9
2026-08-07 14:40:51,living-motion,ON
2026-08-07 14:40:54,bed-mat,OCCUPIED
2026-08-07 14:40:57,front-door,CLOSE
2026-08-07 14:41:00,bathroom-motion,ON
2026-08-07 14:41:03,front-door,OPEN
2026-08-07 14:41:06,bed-mat,EMPTY
2026-08-07 14:41:09,living-motion,ON
2026-08-07 14:41:12,front-door,CLOSE
2026-08-07 14:41:15,living-temp,20.5
2026-08-07 14:41:18,bedroom-motion,ON
2026-08-07 14:41:21,front-door,CLOSE
2026-08-07 14:41:24,kitchen-motion,ON
2026-08-07 14:41:27,fridge-door,CLOSE
2026-08-07 14:41:30,bed-mat,EMPTY
2026-08-07 14:41:33,living-temp,20.1
2026-08-07 14:41:36,living-temp,19.1
2026-08-07 14:41:39,kitchen-motion,ON
2026-08-07 14:41:42,front-door,OPEN
2026-08-07 14:41:45,living-temp,19.4
2026-08-07 14:41:48,bedroom-motion,ON
2026-08-07 14:41:51,bathroom-motion,ON
2026-08-07 14:41:54,fridge-door,OPEN
2026-08-07 14:41:57,bed-mat,OCCUPIED
2026-08-07 14:42:00,front-door,CLOSE
2026-08-07 14:42:03,fridge-door,OPEN
2026-08-07 14:42:06,kitchen-motion,ON
2026-08-07 14:42:09,living-motion,ON
2026-08-07 14:42:12,front-door,CLOSE
2026-08-07 14:42:15,living-motion,ON
2026-08-07 14:42:18,front-door,CLOSE
2026-08-07 14:42:21,bed-mat,EMPTY
2026-08-07 14:42:24,kitchen-motion,ON
2026-08-07 14:42:27,living-temp,19.9
2026-08-07 14:42:30,living-temp,18.8
2026-08-07 14:42:33,bed-mat,EMPTY
2026-08-07 14:42:36,front-door,OPEN
2026-08-07 14:42:39,front-door,CLOSE
2026-08-07 14:42:42,fridge-door,CLOSE
2026-08-07 14:42:45,bedroom-motion,ON
2026-08-07 14:42:48,bathroom-motion,ON
2026-08-07 14:42:51,bathroom-motion,ON
2026-08-07 14:42:54,living-temp,20.9
2026-08-07 14:42:57,fridge-door,CLOSE
2026-08-07 14:43:00,kitchen-motion,ON
2026-08-07 14:43:03,bedroom-motion,ON
2026-08-07 14:43:06,kitchen-motion,ON
2026-08-07 14:43:09,bedroom-motion,ON
2026-08-07 14:43:13,living-motion,ON
2026-08-07 14:43:16,living-temp,21.4
2026-08-07 14:43:19,bed-mat,OCCUPIED
2026-08-07 14:43:22,front-door,CLOSE
2026-08-07 14:43:25,bathroom-motion,ON
2026-08-07 14:43:28,kitchen-motion,ON
2026-08-07 14:43:31,bedroom-motion,ON
2026-08-07 14:43:34,bed-mat,OCCUPIED
2026-08-07 14:43:37,kitchen-motion,ON
2026-08-07 14:43:40,front-door,CLOSE
2026-08-07 14:43:43,bed-mat,OCCUPIED
2026-08-07 14:43:46,kitchen-motion,ON
2026-08-07 14:43:49,kitchen-motion,ON
2026-08-07 14:43:52,bedroom-motion,ON
2026-08-07 14:43:55,bathroom-motion,ON
2026-08-07 14:43:58,kitchen-motion,ON
2026-08-07 14:44:01,kitchen-motion,ON
2026-08-07 14:44:04,living-temp,20.3
2026-08-07 14:44:07,kitchen-motion,ON
2026-08-07 14:44:10,kitchen-motion,ON
2026-08-07 14:44:13,fridge-door,OPEN
2026-08-07 14:44:16,bedroom-motion,ON
2026-08-07 14:44:19,living-temp,19.2
2026-08-07 14:44:22,living-motion,ON
2026-08-07 14:44:25,fridge-door,OPEN
2026-08-07 14:44:28,fridge-door,CLOSE
2026-08-07 14:44:31,bedroom-motion,ON
2026-08-07 14:44:34,kitchen-motion,ON
2026-08-07 14:44:37,bedroom-motion,ON
2026-08-07 14:44:40,front-door,CLOSE
2026-08-07 14:44:43,bathroom-motion,ON
2026-08-07 14:44:46,fridge-door,OPEN
2026-08-07 14:44:49,bathroom-motion,ON
2026-08-07 14:44:52,fridge-door,CLOSE
2026-08-07 14:44:55,bedroom-motion,ON
2026-08-07 14:44:58,front-door,OPEN
2026-08-07 14:45:01,bed-mat,OCCUPIED
2026-08-07 14:45:04,fridge-door,OPEN
2026-08-07 14:45:07,living-temp,20.1
2026-08-07 14:45:10,kitchen-motion,ON
2026-08-07 14:45:13,fridge-door,CLOSE
2026-08-07 14:45:16,living-motion,ON
2026-08-07 14:45:19,front-door,OPEN
2026-08-07 14:45:22,kitchen-motion,ON
2026-08-07 14:45:25,kitchen-motion,ON
2026-08-07 14:45:28,living-temp,19.7
2026-08-07 14:45:31,living-motion,ON
2026-08-07 14:45:34,fridge-door,OPEN
2026-08-07 14:45:37,bedroom-motion,ON
2026-08-07 14:45:40,bedroom-motion,ON
2026-08-07 14:45:43,bathroom-motion,ON
2026-08-07 14:45:46,living-temp,19.8
2026-08-07 14:45:49,living-temp,20.3
2026-08-07 14:45:52,bathroom-motion,ON
2026-08-07 14:45:55,front-door,CLOSE
2026-08-07 14:45:58,fridge-door,OPEN
2026-08-07 14:46:01,fridge-door,OPEN
2026-08-07 14:46:04,living-motion,ON
2026-08-07 14:46:07,front-door,OPEN
2026-08-07 14:46:10,front-door,CLOSE
2026-08-07 14:46:13,living-motion,ON
2026-08-07 14:46:16,bathroom-motion,ON
2026-08-07 14:46:19,front-door,OPEN
2026-08-07 14:46:22,bed-mat,EMPTY
2026-08-07 14:46:25,bathroom-motion,ON
2026-08-07 14:46:28,living-temp,18.8
2026-08-07 14:46:31,bedroom-motion,ON
2026-08-07 14:46:34,fridge-door,OPEN
2026-08-07 14:46:37,front-door,OPEN
2026-08-07 14:46:40,front-door,OPEN
2026-08-07 14:46:43,living-temp,19.5
2026-08-07 14:46:46,living-motion,ON
2026-08-07 14:46:49,front-door,OPEN
2026-08-07 14:46:52,living-motion,ON
2026-08-07 14:46:55,living-motion,ON
2026-08-07 14:46:58,living-motion,ON
2026-08-07 14:47:01,bedroom-motion,ON
2026-08-07 14:47:04,fridge-door,CLOSE
2026-08-07 14:47:07,living-temp,19.9
2026-08-07 14:47:10,bathroom-motion,ON
2026-08-07 14:47:13,kitchen-motion,ON
2026-08-07 14:47:16,living-motion,ON
2026-08-07 14:47:19,front-door,CLOSE
2026-08-07 14:47:22,fridge-door,OPEN
2026-08-07 14:47:25,fridge-door,OPEN
2026-08-07 14:47:28,bed-mat,OCCUPIED
2026-08-07 14:47:31,front-door,OPEN
2026-08-07 14:47:34,bedroom-motion,ON
2026-08-07 14:47:37,front-door,CLOSE
2026-08-07 14:47:40,bedroom-motion,ON
2026-08-07 14:47:43,front-door,OPEN
2026-08-07 14:47:46,bedroom-motion,ON
2026-08-07 14:47:49,living-motion,ON
2026-08-07 14:47:52,bed-mat,EMPTY
2026-08-07 14:47:55,bathroom-motion,ON
2026-08-07 14:47:58,front-door,OPEN
2026-08-07 14:48:01,living-motion,ON
2026-08-07 14:48:04,bed-mat,EMPTY
2026-08-07 14:48:07,kitchen-motion,ON
2026-08-07 14:48:10,fridge-door,OPEN
2026-08-07 14:48:13,bathroom-motion,ON
2026-08-07 14:48:16,living-motion,ON
2026-08-07 14:48:19,front-door,OPEN
2026-08-07 14:48:22,fridge-door,CLOSE
2026-08-07 14:48:25,kitchen-motion,ON
2026-08-07 14:48:28,living-motion,ON
2026-08-07 14:48:31,kitchen-motion,ON
2026-08-07 14:48:34,front-door,OPEN
2026-08-07 14:48:37,bathroom-motion,ON
2026-08-07 14:48:40,front-door,OPEN
2026-08-07 14:48:43,living-motion,ON
2026-08-07 14:48:46,living-temp,19.4
2026-08-07 14:48:49,living-motion,ON
2026-08-07 14:48:52,fridge-door,CLOSE
2026-08-07 14:48:55,fridge-door,OPEN
2026-08-07 14:48:58,kitchen-motion,ON
2026-08-07 14:49:01,living-motion,ON
2026-08-07 14:49:04,living-motion,ON
2026-08-07 14:49:07,living-temp,21.2
2026-08-07 14:49:10,front-door,CLOSE
2026-08-07 14:49:13,kitchen-motion,ON
2026-08-07 14:49:16,front-door,OPEN
2026-08-07 14:49:19,bedroom-motion,ON
2026-08-07 14:49:22,living-motion,ON
2026-08-07 14:49:25,fridge-door,CLOSE
2026-08-07 14:49:28,kitchen-motion,ON
2026-08-07 14:49:31,fridge-door,CLOSE
2026-08-07 14:49:34,kitchen-motion,ON
2026-08-07 14:49:37,living-motion,ON
2026-08-07 14:49:40,fridge-door,OPEN
2026-08-07 14:49:43,front-door,CLOSE
2026-08-07 14:49:46,living-motion,ON
2026-08-07 14:49:49,bathroom-motion,ON
2026-08-07 14:49:52,front-door,OPEN
2026-08-07 14:49:55,living-temp,19.5
2026-08-07 14:49:58,bedroom-motion,ON
2026-08-07 14:50:01,kitchen-motion,ON
2026-08-07 14:50:04,fridge-door,OPEN
2026-08-07 14:50:07,living-temp,21.0
2026-08-07 14:50:10,living-motion,ON
2026-08-07 14:50:13,living-temp,19.5
2026-08-07 14:50:16,fridge-door,CLOSE
2026-08-07 14:50:19,bedroom-motion,ON
2026-08-07 14:50:22,fridge-door,OPEN
2026-08-07 14:50:25,living-temp,20.8
2026-08-07 14:50:28,bedroom-motion,ON
2026-08-07 14:50:31,front-door,OPEN
2026-08-07 14:50:34,living-temp,19.5
2026-08-07 14:50:37,living-temp,19.0
2026-08-07 14:50:40,bedroom-motion,ON
2026-08-07 14:50:43,living-motion,ON
2026-08-07 14:50:46,kitchen-motion,ON
2026-08-07 14:50:49,bed-mat,EMPTY
2026-08-07 14:50:52,living-motion,ON
2026-08-07 14:50:55,bedroom-motion,ON
2026-08-07 14:50:58,living-temp,20.6
2026-08-07 14:51:01,fridge-door,OPEN
2026-08-07 14:51:04,bedroom-motion,ON
2026-08-07 14:51:07,front-door,OPEN
2026-08-07 14:51:10,living-temp,18.5
2026-08-07 14:51:13,living-motion,ON
2026-08-07 14:51:16,bed-mat,EMPTY
2026-08-07 14:51:19,front-door,CLOSE
2026-08-07 14:51:22,bedroom-motion,ON
2026-08-07 14:51:25,living-motion,ON
2026-08-07 14:51:28,bathroom-motion,ON
2026-08-07 14:51:31,front-door,CLOSE
2026-08-07 14:51:34,front-door,CLOSE
2026-08-07 14:51:37,bedroom-motion,ON
2026-08-07 14:51:40,front-door,OPEN
2026-08-07 14:51:43,bedroom-motion,ON
2026-08-07 14:51:46,bed-mat,OCCUPIED
2026-08-07 14:51:49,living-motion,ON
2026-08-07 14:51:52,bathroom-motion,ON
2026-08-07 14:51:55,bed-mat,OCCUPIED
2026-08-07 14:51:58,living-motion,ON
2026-08-07 14:52:01,fridge-door,CLOSE
2026-08-07 14:52:04,living-temp,18.7
2026-08-07 14:52:07,bedroom-motion,ON
2026-08-07 14:52:10,living-motion,ON
2026-08-07 14:52:13,bed-mat,EMPTY
2026-08-07 14:52:16,living-motion,ON
2026-08-07 14:52:19,kitchen-motion,ON
2026-08-07 14:52:22,bedroom-motion,ON
2026-08-07 14:52:25,bathroom-motion,ON
2026-08-07 14:52:28,kitchen-motion,ON
2026-08-07 14:52:31,bedroom-motion,ON
2026-08-07 14:52:34,bed-mat,EMPTY
2026-08-07 14:52:37,living-temp,20.0
2026-08-07 14:52:40,front-door,CLOSE
2026-08-07 14:52:43,fridge-door,OPEN
2026-08-07 14:52:46,bathroom-motion,ON
2026-08-07 14:52:49,bathroom-motion,ON
2026-08-07 14:52:52,fridge-door,OPEN
2026-08-07 14:52:55,front-door,CLOSE
2026-08-07 14:52:58,fridge-door,OPEN
2026-08-07 14:53:01,bed-mat,EMPTY
2026-08-07 14:53:04,front-door,OPEN
2026-08-07 14:53:07,bathroom-motion,ON
2026-08-07 14:53:10,bed-mat,OCCUPIED
2026-08-07 14:53:13,bedroom-motion,ON
2026-08-07 14:53:16,front-door,OPEN
2026-08-07 14:53:19,living-temp,19.7
2026-08-07 14:53:22,bed-mat,OCCUPIED
2026-08-07 14:53:25,bed-mat,EMPTY
2026-08-07 14:53:28,living-temp,21.1
2026-08-07 14:53:31,living-temp,21.4
2026-08-07 14:53:34,bathroom-motion,ON
2026-08-07 14:53:37,bed-mat,EMPTY
2026-08-07 14:53:40,bedroom-motion,ON
2026-08-07 14:53:43,bathroom-motion,ON
2026-08-07 14:53:47,fridge-door,CLOSE
2026-08-07 14:53:50,kitchen-motion,ON
2026-08-07 14:53:53,living-temp,21.4
2026-08-07 14:53:56,kitchen-motion,ON
2026-08-07 14:53:59,living-motion,ON
2026-08-07 14:54:02,front-door,CLOSE
2026-08-07 14:54:05,living-motion,ON
2026-08-07 14:54:08,bed-mat,EMPTY
2026-08-07 14:54:11,front-door,OPEN
2026-08-07 14:54:14,bedroom-motion,ON
2026-08-07 14:54:17,living-motion,ON
2026-08-07 14:54:20,living-temp,18.9
2026-08-07 14:54:23,fridge-door,OPEN
2026-08-07 14:54:26,bathroom-motion,ON
2026-08-07 14:54:29,bed-mat,EMPTY
2026-08-07 16:17:29,living-motion,ON
2026-08-07 16:17:32,living-motion,ON
2026-08-07 16:30:33,bedroom-motion,ON
2026-08-07 16:30:36,bedroom-motion,ON
2026-08-07 16:30:39,living-temp,21.4
2026-08-07 16:30:42,bedroom-motion,ON
2026-08-07 16:30:45,living-temp,18.5
2026-08-07 16:30:48,kitchen-motion,ON
2026-08-07 16:30:51,living-motion,ON
2026-08-07 16:30:54,kitchen-motion,ON
2026-08-07 16:30:57,living-temp,20.1
2026-08-07 16:31:00,living-temp,20.6
2026-08-07 16:31:03,living-motion,ON
2026-08-07 16:31:06,living-temp,18.7
2026-08-07 16:31:09,kitchen-motion,ON
2026-08-07 16:31:12,bed-mat,EMPTY
2026-08-07 16:31:15,bed-mat,OCCUPIED
2026-08-07 16:31:18,bed-mat,OCCUPIED
2026-08-07 16:31:21,front-door,OPEN
2026-08-07 16:31:24,front-door,CLOSE
2026-08-07 16:31:27,living-motion,ON
2026-08-07 16:31:30,living-temp,21.2
2026-08-07 16:31:33,bed-mat,EMPTY
2026-08-07 16:31:36,bed-mat,OCCUPIED
2026-08-07 16:31:39,kitchen-motion,ON
2026-08-07 16:31:42,kitchen-motion,ON
2026-08-07 16:31:45,living-temp,18.6
2026-08-07 16:31:48,front-door,OPEN
2026-08-07 16:31:51,front-door,CLOSE
2026-08-07 16:31:54,bathroom-motion,ON
2026-08-07 16:31:57,kitchen-motion,ON
2026-08-07 16:32:00,bathroom-motion,ON
2026-08-07 16:32:03,bed-mat,EMPTY
2026-08-07 16:32:06,kitchen-motion,ON
2026-08-07 16:32:09,bed-mat,OCCUPIED
2026-08-07 16:32:12,front-door,CLOSE
2026-08-07 16:32:15,bathroom-motion,ON
2026-08-07 16:32:18,kitchen-motion,ON
2026-08-07 16:32:21,bathroom-motion,ON
2026-08-07 16:32:24,living-motion,ON
2026-08-07 16:32:27,living-temp,21.1
2026-08-07 16:32:30,bedroom-motion,ON
2026-08-07 16:32:33,kitchen-motion,ON
2026-08-07 16:32:36,living-temp,21.0
2026-08-07 16:32:39,bedroom-motion,ON
2026-08-07 16:32:42,fridge-door,CLOSE
2026-08-07 16:32:45,kitchen-motion,ON
2026-08-07 16:32:48,living-temp,19.7
2026-08-07 16:32:51,living-motion,ON
2026-08-07 16:32:54,fridge-door,OPEN
2026-08-07 16:32:57,front-door,CLOSE
2026-08-07 16:33:00,living-motion,ON
2026-08-07 16:33:03,fridge-door,CLOSE
2026-08-07 16:33:06,kitchen-motion,ON
2026-08-07 16:33:09,living-motion,ON
2026-08-07 16:33:12,bathroom-motion,ON
2026-08-07 16:33:15,bedroom-motion,ON
2026-08-07 16:33:18,kitchen-motion,ON
2026-08-07 16:33:21,kitchen-motion,ON
2026-08-07 16:33:24,bedroom-motion,ON
2026-08-07 16:33:27,front-door,OPEN
2026-08-07 16:33:30,bathroom-motion,ON
2026-08-07 16:33:33,bathroom-motion,ON
2026-08-07 16:33:36,bedroom-motion,ON
2026-08-07 16:33:39,fridge-door,OPEN
2026-08-07 16:33:42,fridge-door,OPEN
2026-08-07 16:33:45,bedroom-motion,ON
2026-08-07 16:33:48,bed-mat,EMPTY
2026-08-07 16:33:51,fridge-door,CLOSE
2026-08-07 16:33:54,fridge-door,CLOSE
2026-08-07 16:33:57,kitchen-motion,ON
2026-08-07 16:34:00,front-door,CLOSE
2026-08-07 16:34:03,bed-mat,EMPTY
2026-08-07 16:34:06,front-door,CLOSE
2026-08-07 16:34:09,living-motion,ON
2026-08-07 16:34:12,living-temp,20.8
2026-08-07 16:34:15,bedroom-motion,ON
2026-08-07 16:34:18,living-motion,ON
2026-08-07 16:34:21,bedroom-motion,ON
2026-08-07 16:34:24,fridge-door,OPEN
2026-08-07 16:34:27,bedroom-motion,ON
2026-08-07 16:34:30,front-door,OPEN
2026-08-07 16:34:33,kitchen-motion,ON
2026-08-07 16:34:36,bedroom-motion,ON
2026-08-07 16:34:39,fridge-door,OPEN
2026-08-07 16:34:42,bedroom-motion,ON
2026-08-07 16:34:45,kitchen-motion,ON
2026-08-07 16:34:48,living-temp,19.5
2026-08-07 16:34:51,bed-mat,OCCUPIED
2026-08-07 16:34:54,bedroom-motion,ON
2026-08-07 16:34:57,living-temp,21.2
2026-08-07 16:35:00,bedroom-motion,ON
2026-08-07 16:35:03,bed-mat,EMPTY
2026-08-07 16:35:06,bed-mat,OCCUPIED
2026-08-07 16:35:09,bed-mat,OCCUPIED
2026-08-07 16:35:12,kitchen-motion,ON
2026-08-07 16:35:15,bedroom-motion,ON
2026-08-07 16:35:18,bedroom-motion,ON
2026-08-07 16:35:21,kitchen-motion,ON
2026-08-07 16:35:24,fridge-door,CLOSE
2026-08-07 16:35:27,bedroom-motion,ON
2026-08-07 16:35:30,fridge-door,OPEN
2026-08-07 16:35:33,living-motion,ON
2026-08-07 16:35:36,bedroom-motion,ON
2026-08-07 16:35:39,bathroom-motion,ON
2026-08-07 16:35:42,living-temp,20.0
2026-08-07 16:35:45,bathroom-motion,ON
2026-08-07 16:35:48,bedroom-motion,ON
2026-08-07 16:35:51,front-door,OPEN
2026-08-07 16:35:54,fridge-door,OPEN
2026-08-07 16:35:57,living-temp,21.3
2026-08-07 16:36:00,living-temp,19.7
2026-08-07 16:36:03,bedroom-motion,ON
2026-08-07 16:36:06,bed-mat,EMPTY
2026-08-07 16:36:09,living-temp,20.8
2026-08-07 16:36:12,bedroom-motion,ON
2026-08-07 16:36:15,living-motion,ON
2026-08-07 16:36:18,living-motion,ON
2026-08-07 16:36:21,front-door,OPEN
2026-08-07 16:36:24,front-door,CLOSE
2026-08-07 16:36:27,kitchen-motion,ON
2026-08-07 16:36:30,living-motion,ON
2026-08-07 16:36:33,bedroom-motion,ON
2026-08-07 16:36:36,living-motion,ON
2026-08-07 16:36:39,kitchen-motion,ON
2026-08-07 16:36:42,bathroom-motion,ON
2026-08-07 16:36:45,bed-mat,EMPTY
2026-08-07 16:36:48,bathroom-motion,ON
2026-08-07 16:36:51,fridge-door,CLOSE
2026-08-07 16:36:54,fridge-door,CLOSE
2026-08-07 16:36:57,bed-mat,OCCUPIED
2026-08-07 16:37:00,bedroom-motion,ON
2026-08-07 16:37:03,fridge-door,OPEN
2026-08-07 16:37:06,living-motion,ON
2026-08-07 16:37:09,fridge-door,OPEN
2026-08-07 16:37:12,bedroom-motion,ON
2026-08-07 16:37:15,front-door,OPEN
2026-08-07 16:37:18,bedroom-motion,ON
2026-08-07 16:37:21,kitchen-motion,ON
2026-08-07 16:37:24,kitchen-motion,ON
2026-08-07 16:37:27,bedroom-motion,ON
2026-08-07 16:37:30,bathroom-motion,ON
2026-08-07 16:37:33,bed-mat,OCCUPIED
2026-08-07 16:37:36,fridge-door,OPEN
2026-08-07 16:37:39,bathroom-motion,ON
2026-08-07 16:37:42,bedroom-motion,ON
2026-08-07 16:37:45,bathroom-motion,ON
2026-08-07 16:37:48,front-door,CLOSE
2026-08-07 16:37:52,fridge-door,OPEN
2026-08-07 16:37:55,living-temp,19.6
2026-08-07 16:37:58,bed-mat,EMPTY
2026-08-07 16:38:01,bathroom-motion,ON
2026-08-07 16:38:04,bedroom-motion,ON
2026-08-07 16:38:07,bathroom-motion,ON
2026-08-07 16:38:10,kitchen-motion,ON
2026-08-07 16:38:13,bathroom-motion,ON
2026-08-07 16:38:16,living-motion,ON
2026-08-07 16:38:19,kitchen-motion,ON
2026-08-07 16:38:22,kitchen-motion,ON
2026-08-07 16:38:25,living-motion,ON
2026-08-07 16:38:28,fridge-door,OPEN
2026-08-07 16:38:31,kitchen-motion,ON
2026-08-07 16:38:34,living-temp,19.8
2026-08-07 16:38:37,living-temp,21.0
2026-08-07 16:38:40,bedroom-motion,ON
2026-08-07 16:38:43,bedroom-motion,ON
2026-08-07 16:38:46,bed-mat,OCCUPIED
2026-08-07 16:38:49,living-motion,ON
2026-08-07 16:38:52,kitchen-motion,ON
2026-08-07 16:38:55,bathroom-motion,ON
2026-08-07 16:38:58,fridge-door,OPEN
2026-08-07 16:39:01,living-temp,18.9
2026-08-07 16:39:04,living-temp,19.7
2026-08-07 16:39:07,bed-mat,OCCUPIED
2026-08-07 16:39:10,bathroom-motion,ON
2026-08-07 16:39:13,bedroom-motion,ON
2026-08-07 16:39:16,front-door,OPEN
2026-08-07 16:39:19,living-temp,19.8
2026-08-07 16:39:22,fridge-door,CLOSE
2026-08-07 16:39:25,kitchen-motion,ON
2026-08-07 16:39:28,living-motion,ON
2026-08-07 16:39:31,bed-mat,EMPTY
2026-08-07 16:39:34,bed-mat,EMPTY
2026-08-07 16:39:37,fridge-door,CLOSE
2026-08-07 16:39:40,living-motion,ON
2026-08-07 16:39:43,living-temp,18.8
2026-08-07 16:39:46,bathroom-motion,ON
2026-08-07 16:39:49,living-motion,ON
2026-08-07 16:39:52,fridge-door,OPEN
2026-08-07 16:39:55,bed-mat,OCCUPIED
2026-08-07 16:39:58,living-motion,ON
2026-08-07 16:40:01,bed-mat,OCCUPIED
2026-08-07 16:40:04,bathroom-motion,ON
2026-08-07 16:40:07,bedroom-motion,ON
2026-08-07 16:40:10,living-temp,19.2
2026-08-07 16:40:13,kitchen-motion,ON
2026-08-07 16:40:16,living-temp,19.4
2026-08-07 16:40:19,living-motion,ON
2026-08-07 16:40:22,front-door,CLOSE
2026-08-07 16:40:25,living-motion,ON
2026-08-07 16:40:28,kitchen-motion,ON
2026-08-07 16:40:31,living-temp,20.3
2026-08-07 16:40:34,kitchen-motion,ON
2026-08-07 16:40:37,front-door,CLOSE
2026-08-07 16:40:40,living-temp,19.5
2026-08-07 16:40:43,front-door,CLOSE
2026-08-07 16:40:46,living-temp,20.3
2026-08-07 16:40:49,kitchen-motion,ON
2026-08-07 16:40:52,living-motion,ON
2026-08-07 16:40:55,bedroom-motion,ON
2026-08-07 16:40:58,fridge-door,OPEN
2026-08-07 16:41:01,living-motion,ON
2026-08-07 16:41:04,bathroom-motion,ON
2026-08-07 16:41:07,kitchen-motion,ON
2026-08-07 16:41:10,living-temp,19.4
2026-08-07 16:41:13,living-motion,ON
2026-08-07 16:41:16,kitchen-motion,ON
2026-08-07 16:41:19,living-temp,18.6
2026-08-07 16:41:22,bathroom-motion,ON
2026-08-07 16:41:25,bed-mat,OCCUPIED
2026-08-07 16:41:28,bedroom-motion,ON
2026-08-07 16:41:31,bathroom-motion,ON
2026-08-07 16:41:34,bed-mat,OCCUPIED
2026-08-07 16:41:37,living-temp,18.7
2026-08-07 16:41:40,bedroom-motion,ON
2026-08-07 16:41:43,kitchen-motion,ON
2026-08-07 16:41:46,living-motion,ON
2026-08-07 16:41:49,bed-mat,EMPTY
2026-08-07 16:41:52,fridge-door,OPEN
2026-08-07 16:41:55,bedroom-motion,ON
2026-08-07 16:41:58,living-motion,ON
2026-08-07 16:42:01,front-door,OPEN
2026-08-07 16:42:04,living-temp,20.7
2026-08-07 16:42:07,bed-mat,EMPTY
2026-08-07 16:42:10,living-motion,ON
2026-08-07 16:42:13,fridge-door,OPEN
2026-08-07 16:42:16,bed-mat,OCCUPIED
2026-08-07 16:42:19,living-temp,21.3
2026-08-07 16:42:22,fridge-door,OPEN
2026-08-07 16:42:25,living-motion,ON
2026-08-07 16:42:28,living-motion,ON
2026-08-07 16:42:31,front-door,CLOSE
2026-08-07 16:42:34,bathroom-motion,ON
2026-08-07 16:42:37,kitchen-motion,ON
2026-08-07 16:42:40,living-motion,ON
2026-08-07 16:42:43,bed-mat,EMPTY
2026-08-07 16:42:46,bathroom-motion,ON
2026-08-07 16:42:49,living-temp,20.2
2026-08-07 16:42:52,bed-mat,EMPTY
2026-08-07 16:42:55,front-door,OPEN
2026-08-07 16:42:58,bedroom-motion,ON
2026-08-07 16:43:01,kitchen-motion,ON
2026-08-07 16:43:04,bathroom-motion,ON
2026-08-07 16:43:07,bathroom-motion,ON
2026-08-07 16:43:10,bedroom-motion,ON
2026-08-07 16:43:13,bed-mat,OCCUPIED
2026-08-07 16:43:16,kitchen-motion,ON
2026-08-07 16:43:19,bathroom-motion,ON
2026-08-07 16:43:22,front-door,OPEN
2026-08-07 16:43:25,front-door,CLOSE
2026-08-07 16:43:28,bathroom-motion,ON
2026-08-07 16:43:31,bed-mat,OCCUPIED
2026-08-07 16:43:34,living-temp,19.0
2026-08-07 16:43:37,bed-mat,EMPTY
2026-08-07 16:43:40,bedroom-motion,ON
2026-08-07 16:43:43,bathroom-motion,ON
2026-08-07 16:43:46,front-door,OPEN
2026-08-07 16:43:49,bed-mat,OCCUPIED
2026-08-07 16:43:52,living-motion,ON
2026-08-07 16:43:55,living-motion,ON
2026-08-07 16:43:58,kitchen-motion,ON
2026-08-07 16:44:01,front-door,CLOSE
2026-08-07 16:44:04,living-temp,18.9
2026-08-07 16:44:07,living-temp,20.3
2026-08-07 16:44:10,fridge-door,CLOSE
2026-08-07 16:44:13,bedroom-motion,ON
2026-08-07 16:44:16,living-temp,19.0
2026-08-07 16:44:19,living-temp,21.1
2026-08-07 16:44:22,front-door,OPEN
2026-08-07 16:44:25,bathroom-motion,ON
2026-08-07 16:44:28,bathroom-motion,ON
2026-08-07 16:44:31,living-motion,ON
2026-08-07 16:44:34,bedroom-motion,ON
2026-08-07 16:44:37,bedroom-motion,ON
2026-08-07 16:44:40,bedroom-motion,ON
2026-08-07 16:44:43,fridge-door,CLOSE
2026-08-07 16:44:46,bedroom-motion,ON
2026-08-07 16:44:49,fridge-door,CLOSE
2026-08-07 16:44:52,living-motion,ON
2026-08-07 16:44:55,fridge-door,OPEN
2026-08-07 16:44:58,front-door,CLOSE
2026-08-07 16:45:01,living-temp,21.0
2026-08-07 16:45:04,bedroom-motion,ON
2026-08-07 16:45:07,living-motion,ON
2026-08-07 16:45:10,front-door,CLOSE
2026-08-07 16:45:13,bedroom-motion,ON
2026-08-07 16:45:16,living-temp,18.7
2026-08-07 16:45:19,bedroom-motion,ON
2026-08-07 16:45:22,fridge-door,OPEN
2026-08-07 16:45:25,bed-mat,OCCUPIED
2026-08-07 16:45:28,kitchen-motion,ON
2026-08-07 16:45:31,fridge-door,OPEN
2026-08-07 16:45:34,kitchen-motion,ON
2026-08-07 16:45:37,front-door,OPEN
2026-08-07 16:45:40,bathroom-motion,ON
2026-08-07 16:45:43,front-door,CLOSE
2026-08-07 16:45:46,front-door,CLOSE
2026-08-07 16:45:49,front-door,OPEN
2026-08-07 16:45:52,bed-mat,OCCUPIED
2026-08-07 16:45:55,living-motion,ON
2026-08-07 16:45:58,front-door,OPEN
2026-08-07 16:46:01,front-door,CLOSE
2026-08-07 16:46:04,living-temp,20.1
2026-08-07 16:46:07,living-temp,20.9
2026-08-07 16:46:10,fridge-door,CLOSE
2026-08-07 16:46:13,front-door,CLOSE
2026-08-07 16:46:16,living-motion,ON
2026-08-07 16:46:19,kitchen-motion,ON
2026-08-07 16:46:22,fridge-door,CLOSE
2026-08-07 16:46:25,living-temp,20.5
2026-08-07 16:46:28,bedroom-motion,ON
2026-08-07 16:46:31,bathroom-motion,ON
2026-08-07 16:46:34,bedroom-motion,ON
2026-08-07 16:46:37,bedroom-motion,ON
2026-08-07 16:46:40,fridge-door,CLOSE
2026-08-07 16:46:43,bathroom-motion,ON
2026-08-07 16:46:46,living-temp,19.9
2026-08-07 16:46:49,bathroom-motion,ON
2026-08-07 16:46:52,living-temp,18.9
2026-08-07 16:46:55,bed-mat,OCCUPIED
2026-08-07 16:46:58,living-temp,20.7
2026-08-07 16:47:01,living-temp,20.9
2026-08-07 16:47:04,fridge-door,CLOSE
2026-08-07 16:47:07,bedroom-motion,ON
2026-08-07 16:47:10,kitchen-motion,ON
2026-08-07 16:47:13,fridge-door,OPEN
2026-08-07 16:47:16,bedroom-motion,ON
2026-08-07 16:47:19,fridge-door,CLOSE
2026-08-07 16:47:22,living-motion,ON
2026-08-07 16:47:25,front-door,OPEN
2026-08-07 16:47:28,fridge-door,OPEN
2026-08-07 16:47:31,living-motion,ON
2026-08-07 16:47:34,bed-mat,EMPTY
2026-08-07 16:47:37,bed-mat,EMPTY
2026-08-07 16:47:40,bedroom-motion,ON
2026-08-07 16:47:44,front-door,OPEN
2026-08-07 16:47:47,fridge-door,CLOSE
2026-08-07 16:47:50,fridge-door,CLOSE
2026-08-07 16:47:53,bedroom-motion,ON
2026-08-07 16:53:34,bed-mat,EMPTY
2026-08-07 16:53:37,kitchen-motion,ON
2026-08-07 16:53:40,kitchen-motion,ON
2026-08-07 16:55:07,living-motion,ON
2026-08-07 16:55:10,front-door,OPEN
2026-08-07 16:55:13,fridge-door,OPEN
2026-08-07 16:55:16,fridge-door,CLOSE
2026-08-07 16:55:19,living-temp,20.5
2026-08-07 16:55:44,living-temp,21.1
2026-08-07 16:55:47,front-door,OPEN
2026-08-07 16:55:50,bathroom-motion,ON
2026-08-07 16:55:53,bathroom-motion,ON
2026-08-07 17:10:54,front-door,CLOSE
2026-08-07 17:10:57,bedroom-motion,ON
2026-08-07 17:11:00,bathroom-motion,ON
2026-08-07 17:11:03,bed-mat,OCCUPIED
2026-08-07 17:11:06,living-motion,ON
2026-08-07 17:11:09,bed-mat,OCCUPIED
2026-08-07 17:11:12,kitchen-motion,ON
2026-08-07 17:11:15,bathroom-motion,ON
2026-08-07 17:11:18,bed-mat,OCCUPIED
2026-08-07 17:11:21,kitchen-motion,ON
2026-08-07 17:11:24,front-door,CLOSE
2026-08-07 17:11:27,bedroom-motion,ON
2026-08-07 17:11:30,bedroom-motion,ON
2026-08-07 17:11:33,living-temp,18.8
2026-08-07 17:11:36,front-door,OPEN
2026-08-07 17:11:39,bathroom-motion,ON
2026-08-07 17:11:42,living-motion,ON
2026-08-07 17:11:45,fridge-door,OPEN
2026-08-07 17:11:48,front-door,CLOSE
2026-08-07 17:11:51,fridge-door,CLOSE
2026-08-07 17:11:54,bed-mat,EMPTY
2026-08-07 17:11:57,bed-mat,OCCUPIED
2026-08-07 17:12:00,living-temp,21.4
2026-08-07 17:12:03,kitchen-motion,ON
2026-08-07 17:12:06,bed-mat,OCCUPIED
2026-08-07 17:12:09,bed-mat,OCCUPIED
2026-08-07 17:12:12,fridge-door,CLOSE
2026-08-07 17:12:15,bedroom-motion,ON
2026-08-07 17:12:18,bathroom-motion,ON
2026-08-07 17:12:21,bedroom-motion,ON
2026-08-07 17:12:24,bedroom-motion,ON
2026-08-07 17:12:27,kitchen-motion,ON
2026-08-07 17:12:30,living-motion,ON
2026-08-07 17:12:33,bedroom-motion,ON
2026-08-07 17:12:36,bed-mat,OCCUPIED
2026-08-07 17:12:39,living-temp,19.4
2026-08-07 17:12:42,front-door,OPEN
2026-08-07 17:12:45,fridge-door,OPEN
2026-08-07 17:12:48,kitchen-motion,ON
2026-08-07 17:12:51,bedroom-motion,ON
2026-08-07 17:12:54,bed-mat,OCCUPIED
2026-08-07 17:12:57,bedroom-motion,ON
2026-08-07 17:13:00,bathroom-motion,ON
2026-08-07 17:13:03,fridge-door,OPEN
2026-08-07 17:13:06,fridge-door,CLOSE
2026-08-07 17:13:09,bed-mat,EMPTY
2026-08-07 17:13:12,bed-mat,EMPTY
2026-08-07 17:13:15,bed-mat,OCCUPIED
2026-08-07 17:13:18,bathroom-motion,ON
2026-08-07 17:13:21,bed-mat,EMPTY
2026-08-07 17:13:24,bedroom-motion,ON
2026-08-07 17:13:27,bedroom-motion,ON
2026-08-07 17:13:30,front-door,CLOSE
2026-08-07 17:13:33,living-temp,21.0
2026-08-07 17:13:36,bedroom-motion,ON
2026-08-07 17:13:39,fridge-door,OPEN
2026-08-07 17:13:42,bathroom-motion,ON
2026-08-07 17:13:45,front-door,OPEN
2026-08-07 17:13:48,front-door,OPEN
2026-08-07 17:13:51,living-temp,21.2
2026-08-07 17:13:54,bedroom-motion,ON
2026-08-07 17:13:57,living-motion,ON
2026-08-07 17:14:00,bedroom-motion,ON
2026-08-07 17:14:03,front-door,OPEN
2026-08-07 17:14:06,kitchen-motion,ON
2026-08-07 17:14:09,bathroom-motion,ON
2026-08-07 17:14:12,living-temp,18.8
2026-08-07 17:14:15,bedroom-motion,ON
2026-08-07 17:14:18,kitchen-motion,ON
2026-08-07 17:14:21,front-door,CLOSE
2026-08-07 17:14:24,bedroom-motion,ON
2026-08-07 17:14:27,kitchen-motion,ON
2026-08-07 17:14:30,fridge-door,OPEN
2026-08-07 17:14:33,fridge-door,OPEN
2026-08-07 17:14:36,fridge-door,OPEN
2026-08-07 17:14:39,front-door,OPEN
2026-08-07 17:14:42,bathroom-motion,ON
2026-08-07 17:14:45,fridge-door,OPEN
2026-08-07 17:14:48,fridge-door,CLOSE
2026-08-07 17:14:51,living-motion,ON
2026-08-07 17:14:54,living-motion,ON
2026-08-07 17:14:57,bedroom-motion,ON
2026-08-07 17:15:00,bedroom-motion,ON
2026-08-07 17:15:03,bedroom-motion,ON
2026-08-07 17:15:06,living-motion,ON
2026-08-07 17:15:09,bathroom-motion,ON
2026-08-07 17:15:12,kitchen-motion,ON
2026-08-07 17:15:15,bedroom-motion,ON
2026-08-07 17:15:18,living-temp,19.5
2026-08-07 17:15:21,fridge-door,OPEN
2026-08-07 17:15:24,fridge-door,OPEN
2026-08-07 17:15:27,fridge-door,CLOSE
2026-08-07 17:15:30,living-motion,ON
2026-08-07 17:15:33,bedroom-motion,ON
2026-08-07 17:15:36,living-motion,ON
2026-08-07 17:15:39,kitchen-motion,ON
2026-08-07 17:15:42,bathroom-motion,ON
2026-08-07 17:15:45,living-temp,20.2
2026-08-07 17:15:48,living-temp,20.2
2026-08-07 17:15:51,front-door,OPEN
2026-08-07 17:15:54,front-door,OPEN
2026-08-07 17:15:57,bathroom-motion,ON
2026-08-07 17:16:00,fridge-door,OPEN
2026-08-07 17:16:03,living-temp,19.7
2026-08-07 17:16:06,fridge-door,OPEN
2026-08-07 17:16:09,living-temp,21.1
2026-08-07 17:16:12,front-door,CLOSE
2026-08-07 17:16:15,kitchen-motion,ON
2026-08-07 17:16:18,kitchen-motion,ON
2026-08-07 17:16:21,fridge-door,CLOSE
2026-08-07 17:16:24,living-temp,19.2
2026-08-07 17:16:27,bedroom-motion,ON
2026-08-07 17:16:30,living-temp,19.0
2026-08-07 17:16:33,living-motion,ON
2026-08-07 17:16:36,living-motion,ON
2026-08-07 17:16:39,living-motion,ON
2026-08-07 17:16:42,fridge-door,OPEN
2026-08-07 17:16:45,living-motion,ON
2026-08-07 17:16:48,front-door,CLOSE
2026-08-07 17:16:52,kitchen-motion,ON
2026-08-07 17:16:55,living-temp,19.4
2026-08-07 17:16:58,fridge-door,OPEN
2026-08-07 17:17:01,living-motion,ON
2026-08-07 17:17:04,living-motion,ON
2026-08-07 17:17:07,bed-mat,OCCUPIED
2026-08-07 17:17:10,fridge-door,CLOSE
2026-08-07 17:17:13,front-door,CLOSE
2026-08-07 17:17:16,kitchen-motion,ON
2026-08-07 17:17:19,living-motion,ON
2026-08-07 17:17:22,front-door,OPEN
2026-08-07 17:17:25,front-door,CLOSE
2026-08-07 17:17:28,living-temp,20.3
2026-08-07 17:17:31,front-door,CLOSE
2026-08-07 17:17:34,fridge-door,OPEN
2026-08-07 17:17:37,bed-mat,OCCUPIED
2026-08-07 17:17:40,bedroom-motion,ON
2026-08-07 17:17:43,kitchen-motion,ON
2026-08-07 17:17:46,living-motion,ON
2026-08-07 17:17:49,bed-mat,OCCUPIED
2026-08-07 17:17:52,kitchen-motion,ON
2026-08-07 17:17:55,living-motion,ON
2026-08-07 17:17:58,front-door,OPEN
2026-08-07 17:18:01,fridge-door,CLOSE
2026-08-07 17:18:04,kitchen-motion,ON
2026-08-07 17:18:07,living-motion,ON
2026-08-07 17:18:10,bed-mat,EMPTY
2026-08-07 17:18:13,bed-mat,EMPTY
2026-08-07 17:18:16,living-motion,ON
2026-08-07 17:18:19,fridge-door,OPEN
2026-08-07 17:18:22,bedroom-motion,ON
2026-08-07 17:18:25,bathroom-motion,ON
2026-08-07 17:18:28,living-motion,ON
2026-08-07 17:18:31,front-door,CLOSE
2026-08-07 17:18:34,fridge-door,CLOSE
2026-08-07 17:18:37,front-door,CLOSE
2026-08-07 17:18:40,living-motion,ON
2026-08-07 17:18:43,front-door,OPEN
2026-08-07 17:18:46,front-door,CLOSE
2026-08-07 17:18:49,living-temp,20.2
2026-08-07 17:18:52,bedroom-motion,ON
2026-08-07 17:18:55,bed-mat,EMPTY
2026-08-07 17:18:58,front-door,CLOSE
2026-08-07 17:19:01,bathroom-motion,ON
2026-08-07 17:19:04,bed-mat,OCCUPIED
2026-08-07 17:19:07,bathroom-motion,ON
2026-08-07 17:19:10,fridge-door,OPEN
2026-08-07 17:19:13,bathroom-motion,ON
2026-08-07 17:19:16,living-temp,19.1
2026-08-07 17:19:19,fridge-door,CLOSE
2026-08-07 17:19:22,fridge-door,CLOSE
2026-08-07 17:19:25,bedroom-motion,ON
2026-08-07 17:19:28,front-door,CLOSE
2026-08-07 17:19:31,fridge-door,CLOSE
2026-08-07 17:19:34,bathroom-motion,ON
2026-08-07 17:19:37,bathroom-motion,ON
2026-08-07 17:19:40,kitchen-motion,ON
2026-08-07 17:19:43,living-temp,18.7
2026-08-07 17:19:46,bathroom-motion,ON
2026-08-07 17:19:49,living-temp,19.2
2026-08-07 17:19:52,living-temp,21.0
2026-08-07 17:19:55,fridge-door,OPEN
2026-08-07 17:19:58,living-temp,21.1
2026-08-07 17:20:01,bathroom-motion,ON
2026-08-07 17:20:04,living-motion,ON
2026-08-07 17:20:07,fridge-door,CLOSE
2026-08-07 17:20:10,bathroom-motion,ON
2026-08-07 17:20:13,living-motion,ON
2026-08-07 17:20:16,bathroom-motion,ON
2026-08-07 17:20:19,bathroom-motion,ON
2026-08-07 17:20:22,fridge-door,CLOSE
2026-08-07 17:20:25,front-door,CLOSE
2026-08-07 17:20:28,living-temp,21.0
2026-08-07 17:20:31,fridge-door,OPEN
2026-08-07 17:20:34,bedroom-motion,ON
2026-08-07 17:20:37,kitchen-motion,ON
2026-08-07 17:20:40,bedroom-motion,ON
2026-08-07 17:20:43,bedroom-motion,ON
2026-08-07 17:20:46,fridge-door,CLOSE
2026-08-07 17:20:49,kitchen-motion,ON
2026-08-07 17:20:52,fridge-door,CLOSE
2026-08-07 17:20:55,living-motion,ON
2026-08-07 17:20:58,living-temp,21.4
2026-08-07 17:21:01,fridge-door,OPEN
2026-08-07 17:21:04,living-motion,ON
2026-08-07 17:21:07,bathroom-motion,ON
2026-08-07 17:21:10,living-motion,ON
2026-08-07 17:21:13,living-motion,ON
2026-08-07 17:21:16,living-motion,ON
2026-08-07 17:21:19,living-motion,ON
2026-08-07 17:21:22,bed-mat,EMPTY
2026-08-07 17:21:25,living-motion,ON
2026-08-07 17:21:28,bedroom-motion,ON
2026-08-07 17:21:31,living-motion,ON
2026-08-07 17:21:34,living-motion,ON
2026-08-07 17:21:37,fridge-door,OPEN
2026-08-07 17:21:40,living-motion,ON
2026-08-07 17:21:43,living-motion,ON
2026-08-07 17:21:46,living-motion,ON
2026-08-07 17:21:49,fridge-door,CLOSE
2026-08-07 17:21:52,bedroom-motion,ON
2026-08-07 17:21:55,living-motion,ON
2026-08-07 17:21:58,bed-mat,OCCUPIED
2026-08-07 17:22:01,bathroom-motion,ON
2026-08-07 17:22:04,living-temp,19.3
2026-08-07 17:22:07,bathroom-motion,ON
2026-08-07 17:22:10,fridge-door,OPEN
2026-08-07 17:22:13,living-motion,ON
2026-08-07 17:22:16,kitchen-motion,ON
2026-08-07 17:22:19,front-door,OPEN
2026-08-07 17:22:22,living-motion,ON
2026-08-07 17:22:25,bed-mat,EMPTY
2026-08-07 17:22:28,bed-mat,EMPTY
2026-08-07 17:22:31,living-motion,ON
2026-08-07 17:22:34,living-temp,20.8
2026-08-07 17:22:37,bedroom-motion,ON
2026-08-07 17:22:40,front-door,CLOSE
2026-08-07 17:22:43,kitchen-motion,ON
2026-08-07 17:22:46,bedroom-motion,ON
2026-08-07 17:22:49,living-temp,20.1
2026-08-07 17:22:52,bed-mat,EMPTY
2026-08-07 17:22:55,kitchen-motion,ON
2026-08-07 17:22:59,living-temp,19.4
2026-08-07 17:23:02,bathroom-motion,ON
2026-08-07 17:23:05,bedroom-motion,ON
2026-08-07 17:23:08,front-door,OPEN
2026-08-07 17:23:11,living-temp,19.6
2026-08-07 17:23:14,bathroom-motion,ON
2026-08-07 17:23:17,bed-mat,OCCUPIED
2026-08-07 17:23:20,living-motion,ON
2026-08-07 17:23:23,kitchen-motion,ON
2026-08-07 17:23:26,bed-mat,OCCUPIED
2026-08-07 17:23:29,bedroom-motion,ON
2026-08-07 17:23:32,living-motion,ON
2026-08-07 17:23:35,living-temp,21.4
2026-08-07 17:23:38,bedroom-motion,ON
2026-08-07 17:23:41,fridge-door,CLOSE
2026-08-07 17:23:44,front-door,OPEN
2026-08-07 17:23:47,bed-mat,OCCUPIED
2026-08-07 17:23:50,front-door,CLOSE
2026-08-07 17:23:53,fridge-door,OPEN
2026-08-07 17:23:56,front-door,CLOSE
2026-08-07 17:23:59,fridge-door,OPEN
2026-08-07 17:24:02,bed-mat,OCCUPIED
2026-08-07 17:24:05,bed-mat,EMPTY
2026-08-07 17:24:08,fridge-door,CLOSE
2026-08-07 17:24:11,kitchen-motion,ON
2026-08-07 17:24:14,bedroom-motion,ON
2026-08-07 17:24:17,fridge-door,OPEN
2026-08-07 17:24:20,front-door,OPEN
2026-08-07 17:24:23,bed-mat,OCCUPIED
2026-08-07 17:24:26,living-motion,ON
2026-08-07 17:24:29,living-motion,ON
2026-08-07 17:24:32,kitchen-motion,ON
2026-08-07 17:24:35,living-temp,19.4
2026-08-07 17:24:38,living-motion,ON
2026-08-07 17:24:41,fridge-door,OPEN
2026-08-07 17:24:44,bathroom-motion,ON
2026-08-07 17:24:47,bed-mat,EMPTY
2026-08-07 17:24:50,living-temp,18.8
2026-08-07 17:24:53,front-door,CLOSE
2026-08-07 17:24:56,bathroom-motion,ON
2026-08-07 17:24:59,living-temp,20.8
2026-08-07 17:25:02,kitchen-motion,ON
2026-08-07 17:25:05,living-motion,ON
2026-08-07 17:25:08,bed-mat,EMPTY
2026-08-07 17:25:11,bedroom-motion,ON
2026-08-07 17:25:14,fridge-door,CLOSE
2026-08-07 17:25:17,bed-mat,EMPTY
2026-08-07 17:25:20,bedroom-motion,ON
2026-08-07 17:25:23,bed-mat,EMPTY
2026-08-07 17:25:26,bathroom-motion,ON
2026-08-07 17:25:29,front-door,OPEN
2026-08-07 17:25:32,bedroom-motion,ON
2026-08-07 17:25:35,front-door,OPEN
2026-08-07 17:25:38,living-temp,20.5
2026-08-07 17:25:41,bathroom-motion,ON
2026-08-07 17:25:44,front-door,OPEN
2026-08-07 17:25:47,fridge-door,CLOSE
2026-08-07 17:25:50,front-door,CLOSE
2026-08-07 17:25:53,bed-mat,OCCUPIED
2026-08-07 17:25:56,living-temp,18.9
2026-08-07 17:25:59,front-door,OPEN
2026-08-07 17:26:02,bed-mat,EMPTY
2026-08-07 17:26:05,living-motion,ON
2026-08-07 17:26:08,bathroom-motion,ON
2026-08-07 17:26:11,living-motion,ON
2026-08-07 17:26:14,living-motion,ON
2026-08-07 17:26:17,kitchen-motion,ON
2026-08-07 17:26:20,kitchen-motion,ON
2026-08-07 17:26:23,living-motion,ON
2026-08-07 17:26:26,bedroom-motion,ON
2026-08-07 17:26:29,living-motion,ON
2026-08-07 17:26:32,bathroom-motion,ON
2026-08-07 17:26:35,kitchen-motion,ON
2026-08-07 17:26:38,bed-mat,EMPTY
2026-08-07 17:26:41,bathroom-motion,ON
2026-08-07 17:26:44,fridge-door,CLOSE
2026-08-07 17:26:47,bathroom-motion,ON
2026-08-07 17:26:50,bathroom-motion,ON
2026-08-07 17:26:53,kitchen-motion,ON
2026-08-07 17:26:56,living-motion,ON
2026-08-07 17:26:59,fridge-door,OPEN
2026-08-07 17:27:02,living-motion,ON
2026-08-07 17:27:05,bedroom-motion,ON
2026-08-07 17:27:08,living-motion,ON
2026-08-07 17:27:11,living-temp,20.9
2026-08-07 17:27:14,living-motion,ON
2026-08-07 17:27:17,kitchen-motion,ON
2026-08-07 17:27:20,fridge-door,CLOSE
2026-08-07 17:27:23,kitchen-motion,ON
2026-08-07 17:27:26,bathroom-motion,ON
2026-08-07 17:27:29,front-door,CLOSE
2026-08-07 17:27:32,bathroom-motion,ON
2026-08-07 17:27:35,living-temp,20.0
2026-08-07 17:27:38,front-door,OPEN
2026-08-07 17:27:41,fridge-door,CLOSE
2026-08-07 17:27:44,bathroom-motion,ON
2026-08-07 17:27:47,kitchen-motion,ON
2026-08-07 17:27:50,kitchen-motion,ON
2026-08-07 17:27:53,living-temp,19.5
2026-08-07 17:27:56,living-temp,20.8
2026-08-07 17:27:59,fridge-door,OPEN
2026-08-07 17:28:02,bedroom-motion,ON
2026-08-07 17:28:05,fridge-door,OPEN
2026-08-07 17:28:08,kitchen-motion,ON
2026-08-07 17:28:11,living-temp,19.5
2026-08-07 17:28:14,bed-mat,OCCUPIED
2026-08-07 17:28:17,living-temp,20.3
2026-08-07 17:28:20,fridge-door,CLOSE
2026-08-07 17:28:23,fridge-door,CLOSE
2026-08-07 17:28:26,living-motion,ON
2026-08-07 17:28:29,front-door,OPEN
2026-08-07 17:28:32,bed-mat,EMPTY
2026-08-07 17:28:35,living-motion,ON
2026-08-07 17:28:38,front-door,CLOSE
2026-08-07 17:28:41,bedroom-motion,ON
2026-08-07 17:28:44,living-temp,19.6
2026-08-07 17:28:47,front-door,CLOSE
2026-08-07 17:28:50,bedroom-motion,ON
2026-08-07 17:28:53,front-door,OPEN
2026-08-07 17:28:56,bathroom-motion,ON
2026-08-07 17:28:59,bed-mat,OCCUPIED
2026-08-07 17:29:02,kitchen-motion,ON
2026-08-07 17:29:05,fridge-door,CLOSE
2026-08-07 17:29:08,living-motion,ON
2026-08-07 17:30:01,living-motion,ON
2026-08-07 17:30:04,kitchen-motion,ON
2026-08-07 17:30:07,kitchen-motion,ON
2026-08-07 17:30:10,bathroom-motion,ON
2026-08-07 17:30:20,bedroom-motion,ON
2026-08-07 17:30:23,bedroom-motion,ON
2026-08-07 17:30:26,fridge-door,OPEN
2026-08-07 17:30:29,living-temp,19.7
2026-08-07 17:31:58,kitchen-motion,ON
2026-08-07 17:32:01,living-temp,19.4
2026-08-07 17:32:04,bathroom-motion,ON
2026-08-07 17:32:07,fridge-door,CLOSE
2026-08-07 17:32:10,bedroom-motion,ON
2026-08-07 17:32:13,fridge-door,OPEN
2026-08-07 17:32:16,bed-mat,OCCUPIED
2026-08-07 17:32:19,living-temp,20.7
2026-08-07 17:32:22,living-temp,20.8
2026-08-07 17:32:25,bedroom-motion,ON
2026-08-07 17:32:28,kitchen-motion,ON
2026-08-07 17:32:31,bathroom-motion,ON
2026-08-07 17:32:34,bedroom-motion,ON
2026-08-07 17:32:37,bathroom-motion,ON
2026-08-07 17:32:40,front-door,CLOSE
2026-08-07 17:32:43,living-motion,ON
2026-08-07 17:32:46,kitchen-motion,ON
2026-08-07 17:32:49,bedroom-motion,ON
2026-08-07 17:32:52,kitchen-motion,ON
2026-08-07 17:32:55,bedroom-motion,ON
2026-08-07 17:32:58,bed-mat,EMPTY
2026-08-07 17:33:01,bedroom-motion,ON
2026-08-07 17:33:04,fridge-door,OPEN
2026-08-07 17:33:07,bathroom-motion,ON
2026-08-07 17:33:10,living-motion,ON
2026-08-07 17:33:13,kitchen-motion,ON
2026-08-07 17:33:16,living-temp,20.2
2026-08-07 17:33:19,living-temp,21.0
2026-08-07 17:33:22,fridge-door,CLOSE
2026-08-07 17:33:25,fridge-door,CLOSE
2026-08-07 17:33:28,bed-mat,OCCUPIED
2026-08-07 17:33:31,kitchen-motion,ON
2026-08-07 17:33:34,fridge-door,CLOSE
2026-08-07 17:33:37,kitchen-motion,ON
2026-08-07 17:33:40,bathroom-motion,ON
2026-08-07 17:33:43,kitchen-motion,ON
2026-08-07 17:33:46,living-temp,18.7
2026-08-07 17:33:49,bathroom-motion,ON
2026-08-07 17:33:52,kitchen-motion,ON
2026-08-07 17:33:55,front-door,OPEN
2026-08-07 17:33:58,front-door,OPEN
2026-08-07 17:34:01,front-door,CLOSE
2026-08-07 17:34:04,living-motion,ON
2026-08-07 17:34:07,living-motion,ON
2026-08-07 17:34:10,bathroom-motion,ON
2026-08-07 17:34:13,bedroom-motion,ON
2026-08-07 17:34:16,bathroom-motion,ON
2026-08-07 17:34:19,front-door,CLOSE
2026-08-07 17:34:22,living-temp,20.8
2026-08-07 17:34:25,bedroom-motion,ON
2026-08-07 17:34:28,living-temp,19.8
2026-08-07 17:34:31,bedroom-motion,ON
2026-08-07 17:34:34,bed-mat,OCCUPIED
2026-08-07 17:34:37,living-motion,ON
2026-08-07 17:34:40,bed-mat,OCCUPIED
2026-08-07 17:34:43,kitchen-motion,ON
2026-08-07 17:34:46,kitchen-motion,ON
2026-08-07 17:34:49,bed-mat,EMPTY
2026-08-07 17:34:52,bathroom-motion,ON
2026-08-07 17:34:55,bed-mat,EMPTY
2026-08-07 17:34:58,fridge-door,CLOSE
2026-08-07 17:35:01,bedroom-motion,ON
2026-08-07 17:35:04,bedroom-motion,ON
2026-08-07 17:35:07,kitchen-motion,ON
2026-08-07 17:35:10,bedroom-motion,ON
2026-08-07 17:35:13,bedroom-motion,ON
2026-08-07 17:35:16,bedroom-motion,ON
2026-08-07 17:35:19,bed-mat,EMPTY
2026-08-07 17:35:22,fridge-door,OPEN
2026-08-07 17:35:25,bedroom-motion,ON
2026-08-07 17:35:28,fridge-door,CLOSE
2026-08-07 17:35:31,fridge-door,CLOSE
2026-08-07 17:35:34,living-motion,ON
2026-08-07 17:35:37,fridge-door,CLOSE
2026-08-07 17:35:40,bathroom-motion,ON
2026-08-07 17:35:43,bathroom-motion,ON
2026-08-07 17:35:46,fridge-door,CLOSE
2026-08-07 17:35:49,bed-mat,OCCUPIED
2026-08-07 17:35:52,fridge-door,OPEN
2026-08-07 17:35:55,living-motion,ON
2026-08-07 17:35:58,bedroom-motion,ON
2026-08-07 17:36:01,bed-mat,OCCUPIED
2026-08-07 17:36:04,bed-mat,OCCUPIED
2026-08-07 17:36:07,bed-mat,EMPTY
2026-08-07 17:36:10,living-motion,ON
2026-08-07 17:36:13,living-temp,21.1
2026-08-07 17:36:16,bedroom-motion,ON
2026-08-07 17:36:19,fridge-door,OPEN
2026-08-07 17:36:22,living-motion,ON
2026-08-07 17:36:25,bed-mat,OCCUPIED
2026-08-07 17:36:28,living-temp,20.7
2026-08-07 17:36:31,fridge-door,OPEN
2026-08-07 17:36:34,fridge-door,CLOSE
2026-08-07 17:36:37,bathroom-motion,ON
2026-08-07 17:36:40,bathroom-motion,ON
2026-08-07 17:36:43,bathroom-motion,ON
2026-08-07 17:36:46,front-door,OPEN
2026-08-07 17:36:49,living-temp,20.4
2026-08-07 17:36:52,living-motion,ON
2026-08-07 17:36:55,living-motion,ON
2026-08-07 17:36:58,bathroom-motion,ON
2026-08-07 17:37:01,kitchen-motion,ON
2026-08-07 17:37:04,bathroom-motion,ON
2026-08-07 17:37:07,bathroom-motion,ON
2026-08-07 17:37:10,kitchen-motion,ON
2026-08-07 17:37:13,kitchen-motion,ON
2026-08-07 17:37:16,living-motion,ON
2026-08-07 17:37:19,bathroom-motion,ON
2026-08-07 17:37:22,kitchen-motion,ON
2026-08-07 17:37:25,front-door,CLOSE
2026-08-07 17:37:28,front-door,CLOSE
2026-08-07 17:37:31,kitchen-motion,ON
2026-08-07 17:37:34,bathroom-motion,ON
2026-08-07 17:37:37,front-door,CLOSE
2026-08-07 17:37:40,fridge-door,CLOSE
2026-08-07 17:37:43,living-temp,19.9
2026-08-07 17:37:46,fridge-door,OPEN
2026-08-07 17:37:49,living-temp,20.6
2026-08-07 17:37:52,front-door,CLOSE
2026-08-07 17:37:55,living-motion,ON
2026-08-07 17:37:58,living-motion,ON
2026-08-07 17:38:01,fridge-door,CLOSE
2026-08-07 17:38:04,kitchen-motion,ON
2026-08-07 17:38:07,front-door,CLOSE
2026-08-07 17:38:10,bedroom-motion,ON
2026-08-07 17:38:13,bed-mat,OCCUPIED
2026-08-07 17:38:16,fridge-door,CLOSE
2026-08-07 17:38:19,front-door,CLOSE
2026-08-07 17:38:22,fridge-door,OPEN
2026-08-07 17:38:25,bed-mat,OCCUPIED
2026-08-07 17:38:28,bathroom-motion,ON
2026-08-07 17:38:31,bathroom-motion,ON
2026-08-07 17:38:34,bathroom-motion,ON
2026-08-07 17:38:37,fridge-door,OPEN
2026-08-07 17:38:40,living-temp,21.0
2026-08-07 17:38:43,bed-mat,EMPTY
2026-08-07 17:38:46,bathroom-motion,ON
2026-08-07 17:38:49,bedroom-motion,ON
2026-08-07 17:38:52,living-temp,19.5
2026-08-07 17:38:55,fridge-door,OPEN
2026-08-07 17:38:58,bedroom-motion,ON
2026-08-07 17:39:01,bed-mat,OCCUPIED
2026-08-07 17:39:04,fridge-door,OPEN
2026-08-07 17:39:07,bed-mat,EMPTY
2026-08-07 17:39:10,front-door,CLOSE
2026-08-07 17:39:13,living-temp,20.6
2026-08-07 17:39:16,bathroom-motion,ON
2026-08-07 17:39:19,bed-mat,OCCUPIED
2026-08-07 17:39:22,living-temp,20.4
2026-08-07 17:39:25,bathroom-motion,ON
2026-08-07 17:39:28,bed-mat,OCCUPIED
2026-08-07 17:39:31,bed-mat,OCCUPIED
2026-08-07 17:39:34,living-temp,18.7
2026-08-07 17:39:37,fridge-door,CLOSE
2026-08-07 17:39:40,bedroom-motion,ON
2026-08-07 17:39:43,bathroom-motion,ON
2026-08-07 17:39:46,kitchen-motion,ON
2026-08-07 17:39:49,front-door,CLOSE
2026-08-07 17:39:52,fridge-door,CLOSE
2026-08-07 17:39:55,kitchen-motion,ON
2026-08-07 17:39:58,living-motion,ON
2026-08-07 17:40:01,fridge-door,OPEN
2026-08-07 17:40:04,bedroom-motion,ON
2026-08-07 17:40:07,living-temp,21.2
2026-08-07 17:40:10,living-temp,20.6
2026-08-07 17:40:13,front-door,CLOSE
2026-08-07 17:40:16,bathroom-motion,ON
2026-08-07 17:40:19,fridge-door,CLOSE
2026-08-07 17:40:22,fridge-door,CLOSE
2026-08-07 17:40:25,bedroom-motion,ON
2026-08-07 17:40:28,living-motion,ON
2026-08-07 17:40:31,front-door,CLOSE
2026-08-07 17:40:34,kitchen-motion,ON
2026-08-07 17:40:37,front-door,CLOSE
2026-08-07 17:40:40,bedroom-motion,ON
2026-08-07 17:40:43,kitchen-motion,ON
2026-08-07 17:40:46,living-motion,ON
2026-08-07 17:40:49,living-motion,ON
2026-08-07 17:40:52,bathroom-motion,ON
2026-08-07 17:40:55,bedroom-motion,ON
2026-08-07 17:40:59,fridge-door,CLOSE
2026-08-07 17:41:02,living-temp,19.9
2026-08-07 17:41:05,living-motion,ON
2026-08-07 17:41:08,living-motion,ON
2026-08-07 17:41:11,bed-mat,OCCUPIED
2026-08-07 17:41:14,bathroom-motion,ON
2026-08-07 17:41:17,bedroom-motion,ON
2026-08-07 17:41:20,front-door,CLOSE
2026-08-07 17:41:23,living-temp,20.3
2026-08-07 17:41:26,bed-mat,EMPTY
2026-08-07 17:41:29,front-door,OPEN
2026-08-07 17:41:32,bathroom-motion,ON
2026-08-07 17:41:35,bed-mat,OCCUPIED
2026-08-07 17:41:38,bed-mat,EMPTY
2026-08-07 17:41:41,kitchen-motion,ON
2026-08-07 17:41:44,bathroom-motion,ON
2026-08-07 17:41:47,front-door,CLOSE
2026-08-07 17:41:50,bathroom-motion,ON
2026-08-07 17:41:53,kitchen-motion,ON
2026-08-07 17:41:56,living-temp,21.4
2026-08-07 17:41:59,fridge-door,OPEN
2026-08-07 17:42:02,living-motion,ON
2026-08-07 17:42:05,bed-mat,EMPTY
2026-08-07 17:42:08,kitchen-motion,ON
2026-08-07 17:42:11,bed-mat,OCCUPIED
2026-08-07 17:42:14,front-door,CLOSE
2026-08-07 17:42:17,front-door,OPEN
2026-08-07 17:42:20,bedroom-motion,ON
2026-08-07 17:42:23,front-door,CLOSE
2026-08-07 17:42:26,bathroom-motion,ON
2026-08-07 17:42:29,living-temp,21.0
2026-08-07 17:42:32,bedroom-motion,ON
2026-08-07 17:42:35,bedroom-motion,ON
2026-08-07 17:42:38,bathroom-motion,ON
2026-08-07 17:42:41,bathroom-motion,ON
2026-08-07 17:42:44,living-temp,20.6
2026-08-07 17:42:47,kitchen-motion,ON
2026-08-07 17:42:50,bed-mat,OCCUPIED
2026-08-07 17:42:53,kitchen-motion,ON
2026-08-07 17:42:56,living-temp,19.4
2026-08-07 17:42:59,bathroom-motion,ON
2026-08-07 17:43:02,kitchen-motion,ON
2026-08-07 17:43:05,living-temp,19.3
2026-08-07 17:43:08,bed-mat,EMPTY
2026-08-07 17:43:11,bathroom-motion,ON
2026-08-07 17:43:14,front-door,OPEN
2026-08-07 17:43:17,front-door,OPEN
2026-08-07 17:43:20,living-motion,ON
2026-08-07 17:43:23,fridge-door,CLOSE
2026-08-07 17:43:26,kitchen-motion,ON
2026-08-07 17:43:29,kitchen-motion,ON
2026-08-07 17:43:32,kitchen-motion,ON
2026-08-07 17:43:35,bed-mat,EMPTY
2026-08-07 17:43:38,bed-mat,OCCUPIED
2026-08-07 17:43:41,fridge-door,OPEN
2026-08-07 17:43:44,fridge-door,CLOSE
2026-08-07 17:43:47,bed-mat,OCCUPIED
2026-08-07 17:43:50,bed-mat,EMPTY
2026-08-07 17:43:53,fridge-door,OPEN
2026-08-07 17:43:56,bathroom-motion,ON
2026-08-07 17:43:59,front-door,OPEN
2026-08-07 17:44:02,bed-mat,EMPTY
2026-08-07 17:44:05,bed-mat,OCCUPIED
2026-08-07 17:44:08,bed-mat,EMPTY
2026-08-07 17:44:11,fridge-door,OPEN
2026-08-07 17:44:14,kitchen-motion,ON
2026-08-07 17:44:17,bedroom-motion,ON
2026-08-07 17:44:20,living-motion,ON
2026-08-07 17:44:23,kitchen-motion,ON
2026-08-07 17:44:26,front-door,CLOSE
2026-08-07 17:44:29,living-motion,ON
2026-08-07 17:44:32,bedroom-motion,ON
2026-08-07 17:44:35,front-door,CLOSE
2026-08-07 17:44:38,living-motion,ON
2026-08-07 17:44:41,bed-mat,EMPTY
2026-08-07 17:44:44,bed-mat,EMPTY
2026-08-07 17:44:47,fridge-door,CLOSE
2026-08-07 17:44:50,fridge-door,OPEN
2026-08-07 17:44:53,living-motion,ON
2026-08-07 17:44:56,front-door,OPEN
2026-08-07 17:44:59,bedroom-motion,ON
2026-08-07 17:45:02,bedroom-motion,ON
2026-08-07 17:45:05,living-motion,ON
2026-08-07 17:45:08,front-door,OPEN
2026-08-07 17:45:11,bathroom-motion,ON
2026-08-07 17:45:14,kitchen-motion,ON
2026-08-07 17:45:17,bedroom-motion,ON
2026-08-07 17:45:20,kitchen-motion,ON
2026-08-07 17:45:23,living-motion,ON
2026-08-07 17:45:26,living-temp,20.9
2026-08-07 17:45:29,front-door,CLOSE
2026-08-07 17:45:32,bed-mat,OCCUPIED
2026-08-07 17:45:35,living-temp,19.5
2026-08-07 17:45:38,front-door,CLOSE
2026-08-07 17:45:41,front-door,CLOSE
2026-08-07 17:45:44,fridge-door,OPEN
2026-08-07 17:45:47,living-motion,ON
2026-08-07 17:45:50,fridge-door,OPEN
2026-08-07 17:45:53,bathroom-motion,ON
2026-08-07 17:45:56,living-temp,19.0
2026-08-07 17:45:59,fridge-door,OPEN
2026-08-07 17:46:02,living-temp,20.9
2026-08-07 17:46:05,kitchen-motion,ON
2026-08-07 17:46:08,bedroom-motion,ON
2026-08-07 17:46:11,living-temp,19.3
2026-08-07 17:46:14,front-door,CLOSE
2026-08-07 17:46:17,kitchen-motion,ON
2026-08-07 17:46:20,front-door,CLOSE
2026-08-07 17:46:23,bathroom-motion,ON
2026-08-07 17:46:26,bathroom-motion,ON
2026-08-07 17:46:29,bed-mat,EMPTY
2026-08-07 17:46:32,living-temp,19.4
2026-08-07 17:46:35,living-motion,ON
2026-08-07 17:46:38,living-temp,19.6
2026-08-07 17:46:41,living-temp,18.7
2026-08-07 17:46:44,bed-mat,OCCUPIED
2026-08-07 17:46:47,fridge-door,OPEN
2026-08-07 17:46:50,front-door,OPEN
2026-08-07 17:46:53,living-temp,19.1
2026-08-07 17:46:56,kitchen-motion,ON
2026-08-07 17:46:59,living-temp,21.0
2026-08-07 17:47:02,bedroom-motion,ON
2026-08-07 17:47:05,front-door,CLOSE
2026-08-07 17:47:08,living-motion,ON
2026-08-07 17:47:11,bed-mat,EMPTY
2026-08-07 17:47:14,kitchen-motion,ON
2026-08-07 17:47:17,bedroom-motion,ON
2026-08-07 17:47:20,front-door,CLOSE
2026-08-07 17:47:23,fridge-door,OPEN
2026-08-07 17:47:26,kitchen-motion,ON
2026-08-07 17:47:29,living-temp,20.9
2026-08-07 17:47:32,fridge-door,OPEN
2026-08-07 17:47:35,living-motion,ON
2026-08-07 17:47:38,living-temp,19.8
2026-08-07 17:47:41,fridge-door,CLOSE
2026-08-07 17:47:44,bathroom-motion,ON
2026-08-07 17:47:47,fridge-door,CLOSE
2026-08-07 17:47:50,living-temp,19.2
2026-08-07 17:47:53,kitchen-motion,ON
2026-08-07 17:47:56,front-door,OPEN
2026-08-07 17:47:59,living-temp,19.2
2026-08-07 17:48:02,bedroom-motion,ON
2026-08-07 17:48:05,front-door,CLOSE
2026-08-07 17:48:08,fridge-door,OPEN
2026-08-07 17:48:11,fridge-door,CLOSE
2026-08-07 17:48:14,living-motion,ON
2026-08-07 17:48:17,living-temp,19.6
2026-08-07 17:48:20,bathroom-motion,ON
2026-08-07 17:48:23,bedroom-motion,ON
2026-08-07 17:48:26,living-temp,21.1
2026-08-07 17:48:29,bathroom-motion,ON
2026-08-07 17:48:32,fridge-door,CLOSE
2026-08-07 17:48:35,front-door,CLOSE
2026-08-07 17:48:38,kitchen-motion,ON
2026-08-07 17:48:41,living-temp,18.8
2026-08-07 17:48:44,living-temp,19.3
2026-08-07 17:48:47,living-motion,ON
2026-08-07 17:48:50,front-door,OPEN
2026-08-07 17:48:53,front-door,OPEN
2026-08-07 17:48:56,fridge-door,OPEN
2026-08-07 17:48:59,fridge-door,OPEN
2026-08-07 17:49:02,living-temp,18.8
2026-08-07 17:49:05,fridge-door,CLOSE
2026-08-07 17:49:08,front-door,OPEN
2026-08-07 17:49:11,front-door,CLOSE
2026-08-07 17:49:14,bedroom-motion,ON
2026-08-07 17:49:17,bedroom-motion,ON
2026-08-07 17:49:20,fridge-door,CLOSE
2026-08-07 17:49:23,bedroom-motion,ON
2026-08-07 17:49:26,living-motion,ON
2026-08-07 17:49:29,kitchen-motion,ON
2026-08-07 17:49:32,bathroom-motion,ON
2026-08-07 17:49:35,bathroom-motion,ON
2026-08-07 17:49:38,fridge-door,CLOSE
2026-08-07 17:49:41,bed-mat,EMPTY
2026-08-07 17:49:44,kitchen-motion,ON
2026-08-07 17:49:47,living-temp,20.4
2026-08-07 17:49:50,living-motion,ON
2026-08-07 17:49:53,living-temp,20.7
2026-08-07 17:49:56,kitchen-motion,ON
2026-08-07 17:49:59,kitchen-motion,ON
2026-08-07 17:50:02,fridge-door,OPEN
2026-08-07 17:50:05,fridge-door,CLOSE
2026-08-07 17:50:08,fridge-door,OPEN
2026-08-07 17:50:11,front-door,CLOSE
2026-08-07 17:50:14,bathroom-motion,ON
2026-08-07 17:50:17,bed-mat,EMPTY
2026-08-07 17:50:20,fridge-door,OPEN
2026-08-07 17:50:23,front-door,CLOSE
2026-08-07 17:50:26,kitchen-motion,ON
2026-08-07 17:50:29,fridge-door,OPEN
2026-08-07 17:50:32,front-door,OPEN
2026-08-07 17:50:35,front-door,OPEN
2026-08-07 17:50:38,living-temp,21.5
2026-08-07 17:50:41,bedroom-motion,ON
2026-08-07 17:50:44,kitchen-motion,ON
2026-08-07 17:50:47,front-door,OPEN
2026-08-07 17:50:50,fridge-door,CLOSE
2026-08-07 17:50:53,fridge-door,OPEN
2026-08-07 17:50:56,living-temp,19.7
2026-08-07 17:50:59,bathroom-motion,ON
2026-08-07 17:51:02,front-door,OPEN
2026-08-07 17:51:05,front-door,OPEN
2026-08-07 17:51:08,fridge-door,CLOSE
2026-08-07 17:51:11,front-door,CLOSE
2026-08-07 17:51:14,bedroom-motion,ON
2026-08-07 17:51:17,living-motion,ON
2026-08-07 17:51:20,fridge-door,OPEN
2026-08-07 17:51:23,bedroom-motion,ON
2026-08-07 17:51:26,fridge-door,CLOSE
2026-08-07 17:51:29,bathroom-motion,ON
2026-08-07 17:51:32,bedroom-motion,ON
2026-08-07 17:51:35,bathroom-motion,ON
2026-08-07 17:51:38,bathroom-motion,ON
2026-08-07 17:51:41,fridge-door,CLOSE
2026-08-07 17:51:44,fridge-door,CLOSE
2026-08-07 17:51:47,fridge-door,CLOSE
2026-08-07 17:51:50,living-temp,21.4
2026-08-07 17:51:53,living-motion,ON
2026-08-07 17:51:56,bathroom-motion,ON
2026-08-07 17:51:59,fridge-door,OPEN
2026-08-07 17:52:02,fridge-door,CLOSE
2026-08-07 17:52:05,bedroom-motion,ON
2026-08-07 17:52:08,living-motion,ON
2026-08-07 17:52:11,bed-mat,EMPTY
2026-08-07 17:52:14,bathroom-motion,ON
2026-08-07 17:52:17,kitchen-motion,ON
2026-08-07 17:52:20,kitchen-motion,ON
2026-08-07 17:52:23,living-motion,ON
2026-08-07 17:52:26,bedroom-motion,ON
2026-08-07 17:52:30,fridge-door,CLOSE
2026-08-07 17:52:33,living-motion,ON
2026-08-07 17:52:36,living-motion,ON
2026-08-07 17:52:39,living-temp,19.7
2026-08-07 17:52:42,kitchen-motion,ON
2026-08-07 17:52:45,fridge-door,CLOSE
2026-08-07 17:52:48,kitchen-motion,ON
2026-08-07 17:52:51,bedroom-motion,ON
2026-08-07 17:52:54,bed-mat,EMPTY
2026-08-07 17:52:57,front-door,OPEN
2026-08-07 17:53:00,front-door,CLOSE
2026-08-07 17:53:03,living-motion,ON
2026-08-07 17:53:06,bathroom-motion,ON
2026-08-07 17:53:09,front-door,OPEN
2026-08-07 17:53:12,bedroom-motion,ON
2026-08-07 17:53:15,bedroom-motion,ON
2026-08-07 17:53:18,fridge-door,OPEN
2026-08-07 17:53:21,fridge-door,OPEN
2026-08-07 17:53:24,living-temp,18.6
2026-08-07 17:53:27,kitchen-motion,ON
2026-08-07 17:53:30,bed-mat,EMPTY
2026-08-07 17:53:33,fridge-door,OPEN
2026-08-07 17:53:36,front-door,OPEN
2026-08-07 17:53:39,front-door,CLOSE
2026-08-07 17:53:42,front-door,CLOSE
2026-08-07 17:53:45,bathroom-motion,ON
2026-08-07 17:53:48,kitchen-motion,ON
2026-08-07 17:53:51,living-temp,21.1
2026-08-07 17:53:54,living-temp,21.1
2026-08-07 17:53:57,kitchen-motion,ON
2026-08-07 17:54:00,living-temp,18.6
2026-08-07 17:54:03,bed-mat,OCCUPIED
2026-08-07 17:54:06,fridge-door,CLOSE
2026-08-07 17:54:09,living-temp,20.1
2026-08-07 17:54:12,front-door,OPEN
2026-08-07 17:54:15,kitchen-motion,ON
2026-08-07 17:54:18,front-door,OPEN
2026-08-07 17:54:21,front-door,CLOSE
2026-08-07 17:54:24,bedroom-motion,ON
2026-08-07 17:54:27,living-temp,20.9
2026-08-07 17:54:30,bed-mat,EMPTY
2026-08-07 17:54:33,kitchen-motion,ON
2026-08-07 17:54:36,kitchen-motion,ON
2026-08-07 17:54:39,fridge-door,OPEN
2026-08-07 17:54:42,front-door,CLOSE
2026-08-07 17:54:45,living-temp,19.1
2026-08-07 17:54:48,bed-mat,OCCUPIED
2026-08-07 17:54:51,living-motion,ON
2026-08-07 17:54:54,bedroom-motion,ON
2026-08-07 17:54:57,living-motion,ON
2026-08-07 17:55:00,bathroom-motion,ON
2026-08-07 17:55:03,fridge-door,CLOSE
2026-08-07 17:55:06,living-temp,20.8
2026-08-07 17:55:09,bed-mat,EMPTY
2026-08-07 17:55:12,bedroom-motion,ON
2026-08-07 17:55:15,bed-mat,EMPTY
2026-08-07 17:55:18,bed-mat,OCCUPIED
2026-08-07 17:55:21,living-motion,ON
2026-08-07 17:55:24,bed-mat,EMPTY
2026-08-07 17:55:27,bed-mat,EMPTY
2026-08-07 17:55:30,living-motion,ON
2026-08-07 17:55:33,fridge-door,CLOSE
2026-08-07 17:55:36,living-temp,18.7
2026-08-07 17:55:39,front-door,CLOSE
2026-08-07 17:55:42,front-door,CLOSE
2026-08-07 17:55:45,bed-mat,OCCUPIED
2026-08-07 17:55:48,living-temp,19.3
2026-08-07 17:55:51,kitchen-motion,ON
2026-08-07 17:55:54,front-door,CLOSE
2026-08-07 17:55:57,living-temp,19.0
2026-08-07 17:56:00,bed-mat,OCCUPIED
2026-08-07 17:56:03,fridge-door,OPEN
2026-08-07 17:56:06,living-temp,19.0
2026-08-07 17:56:09,bedroom-motion,ON
2026-08-07 17:56:12,living-motion,ON
2026-08-07 17:56:15,bedroom-motion,ON
2026-08-07 17:56:18,bedroom-motion,ON
2026-08-07 17:56:21,bed-mat,OCCUPIED
2026-08-07 17:56:24,living-motion,ON
2026-08-07 17:56:27,fridge-door,OPEN
2026-08-07 17:56:30,bathroom-motion,ON
2026-08-07 17:56:33,kitchen-motion,ON
2026-08-07 17:56:36,bathroom-motion,ON
2026-08-07 17:56:39,bedroom-motion,ON
2026-08-07 17:56:42,front-door,CLOSE
2026-08-07 17:56:45,bathroom-motion,ON
2026-08-07 17:56:48,kitchen-motion,ON
2026-08-07 17:56:51,fridge-door,CLOSE
2026-08-07 17:56:54,bed-mat,EMPTY
2026-08-07 17:56:57,fridge-door,CLOSE
2026-08-07 17:57:00,kitchen-motion,ON
2026-08-07 17:57:03,front-door,CLOSE
2026-08-07 17:57:06,bed-mat,EMPTY
2026-08-07 17:57:09,living-temp,21.2
2026-08-07 17:57:12,living-motion,ON
2026-08-07 17:57:15,kitchen-motion,ON
2026-08-07 17:57:18,kitchen-motion,ON
2026-08-07 17:57:21,fridge-door,OPEN
2026-08-07 17:57:24,bed-mat,EMPTY
2026-08-07 17:57:27,living-motion,ON
2026-08-07 17:57:30,front-door,CLOSE
2026-08-07 17:57:33,living-temp,18.8
2026-08-07 17:57:36,kitchen-motion,ON
2026-08-07 17:57:39,bedroom-motion,ON
2026-08-07 17:57:42,kitchen-motion,ON
2026-08-07 17:57:45,bedroom-motion,ON
2026-08-07 17:57:48,living-motion,ON
2026-08-07 17:57:51,bedroom-motion,ON
2026-08-07 17:57:54,bedroom-motion,ON
2026-08-07 17:57:57,bathroom-motion,ON
2026-08-07 17:58:00,fridge-door,CLOSE
2026-08-07 17:58:03,fridge-door,CLOSE
2026-08-07 17:58:06,bed-mat,OCCUPIED
2026-08-07 17:58:09,living-motion,ON
2026-08-07 17:58:12,bathroom-motion,ON
2026-08-07 17:58:15,bedroom-motion,ON
2026-08-07 17:58:18,front-door,OPEN
2026-08-07 17:58:21,kitchen-motion,ON
2026-08-07 17:58:24,bed-mat,OCCUPIED
2026-08-07 17:58:27,bed-mat,OCCUPIED
2026-08-07 17:58:30,bedroom-motion,ON
2026-08-07 17:58:33,front-door,CLOSE
2026-08-07 17:58:36,fridge-door,CLOSE
2026-08-07 17:58:39,kitchen-motion,ON
2026-08-07 17:58:42,living-motion,ON
2026-08-07 17:58:45,bathroom-motion,ON
2026-08-07 17:58:48,kitchen-motion,ON
2026-08-07 17:58:51,living-motion,ON
2026-08-07 17:58:54,bathroom-motion,ON
2026-08-07 17:58:57,living-temp,19.4
2026-08-07 17:59:00,bed-mat,OCCUPIED
2026-08-07 17:59:03,fridge-door,CLOSE
2026-08-07 17:59:06,kitchen-motion,ON
2026-08-07 17:59:09,living-temp,20.3
2026-08-07 17:59:12,front-door,CLOSE
2026-08-07 17:59:15,bed-mat,EMPTY
2026-08-07 17:59:18,bed-mat,OCCUPIED
2026-08-07 17:59:21,living-temp,21.1
2026-08-07 17:59:24,front-door,OPEN
2026-08-07 17:59:27,bedroom-motion,ON
2026-08-07 17:59:30,fridge-door,CLOSE
2026-08-07 17:59:33,living-temp,20.1
2026-08-07 17:59:36,living-temp,20.4
2026-08-07 17:59:39,front-door,OPEN
2026-08-07 17:59:42,fridge-door,CLOSE
2026-08-07 17:59:45,front-door,OPEN
2026-08-07 17:59:48,bedroom-motion,ON
2026-08-07 17:59:51,fridge-door,CLOSE
2026-08-07 17:59:54,fridge-door,OPEN
2026-08-07 17:59:57,front-door,CLOSE
2026-08-07 18:00:00,bathroom-motion,ON
2026-08-07 18:00:03,kitchen-motion,ON
2026-08-07 18:00:06,front-door,OPEN
2026-08-07 18:00:09,kitchen-motion,ON
2026-08-07 18:00:12,living-motion,ON
2026-08-07 18:00:15,fridge-door,OPEN
2026-08-07 18:00:18,kitchen-motion,ON
2026-08-07 18:00:21,bedroom-motion,ON
2026-08-07 18:00:24,fridge-door,OPEN
2026-08-07 18:00:27,kitchen-motion,ON
2026-08-07 18:00:30,fridge-door,CLOSE
2026-08-07 18:00:33,bedroom-motion,ON
2026-08-07 18:00:36,bed-mat,EMPTY
2026-08-07 18:00:39,fridge-door,OPEN
2026-08-07 18:00:42,living-temp,21.3
2026-08-07 18:00:45,fridge-door,CLOSE
2026-08-07 18:00:48,front-door,OPEN
2026-08-07 18:00:51,fridge-door,OPEN
2026-08-07 18:00:54,bedroom-motion,ON
2026-08-07 18:00:57,kitchen-motion,ON
2026-08-07 18:01:00,fridge-door,CLOSE
2026-08-07 18:01:03,fridge-door,CLOSE
2026-08-07 18:01:06,living-motion,ON
2026-08-07 18:01:09,kitchen-motion,ON
2026-08-07 18:01:12,bed-mat,EMPTY
2026-08-07 18:01:15,fridge-door,CLOSE
2026-08-07 18:01:18,bed-mat,EMPTY
2026-08-07 18:01:21,kitchen-motion,ON
2026-08-07 18:01:24,kitchen-motion,ON
2026-08-07 18:01:27,living-temp,18.9
2026-08-07 18:01:30,living-motion,ON
2026-08-07 18:01:33,living-temp,20.7
2026-08-07 18:01:36,living-temp,20.4
2026-08-07 18:01:39,bed-mat,OCCUPIED
2026-08-07 18:01:42,front-door,OPEN
2026-08-07 18:01:45,living-temp,18.7
2026-08-07 18:01:48,living-motion,ON
2026-08-07 18:01:51,bedroom-motion,ON
2026-08-07 18:01:54,fridge-door,CLOSE
2026-08-07 18:01:57,front-door,OPEN
2026-08-07 18:02:00,living-temp,21.3
2026-08-07 18:02:03,front-door,OPEN
2026-08-07 18:02:06,fridge-door,CLOSE
2026-08-07 18:02:09,bed-mat,EMPTY
2026-08-07 18:02:12,kitchen-motion,ON
2026-08-07 18:02:15,kitchen-motion,ON
2026-08-07 18:02:18,living-temp,21.3
2026-08-07 18:02:21,fridge-door,OPEN
2026-08-07 18:02:24,living-motion,ON
2026-08-07 18:02:27,living-temp,21.1
2026-08-07 18:02:30,front-door,CLOSE
2026-08-07 18:02:33,fridge-door,OPEN
2026-08-07 18:02:36,living-temp,20.3
2026-08-07 18:02:39,bathroom-motion,ON
2026-08-07 18:02:42,front-door,OPEN
2026-08-07 18:02:45,fridge-door,CLOSE
2026-08-07 18:02:48,front-door,OPEN
2026-08-07 18:02:51,bed-mat,OCCUPIED
2026-08-07 18:02:54,bathroom-motion,ON
2026-08-07 18:02:57,bathroom-motion,ON
2026-08-07 18:03:00,living-temp,20.9
2026-08-07 18:03:04,kitchen-motion,ON
2026-08-07 18:03:07,front-door,CLOSE
2026-08-07 18:03:10,bedroom-motion,ON
2026-08-07 18:03:13,bedroom-motion,ON
2026-08-07 18:03:16,fridge-door,OPEN
2026-08-07 18:03:19,front-door,CLOSE
2026-08-07 18:03:22,living-temp,20.2
2026-08-07 18:03:25,fridge-door,OPEN
2026-08-07 18:03:28,fridge-door,OPEN
2026-08-07 18:03:31,kitchen-motion,ON
2026-08-07 18:03:34,living-temp,21.2
2026-08-07 18:03:37,front-door,CLOSE
2026-08-07 18:03:40,kitchen-motion,ON
2026-08-07 18:03:43,living-motion,ON
2026-08-07 18:03:46,bedroom-motion,ON
2026-08-07 18:03:49,bathroom-motion,ON
2026-08-07 18:03:52,bathroom-motion,ON
2026-08-07 18:03:55,living-temp,19.8
2026-08-07 18:03:58,living-temp,18.6
2026-08-07 18:04:01,kitchen-motion,ON
2026-08-07 18:04:04,bedroom-motion,ON
2026-08-07 18:04:07,bedroom-motion,ON
2026-08-07 18:04:10,front-door,CLOSE
2026-08-07 18:04:13,kitchen-motion,ON
2026-08-07 18:04:16,fridge-door,OPEN
2026-08-07 18:04:19,fridge-door,CLOSE
2026-08-07 18:04:22,front-door,OPEN
2026-08-07 18:04:25,fridge-door,CLOSE
2026-08-07 18:04:28,living-temp,21.5
2026-08-07 18:04:31,bathroom-motion,ON
2026-08-07 18:04:34,fridge-door,CLOSE
2026-08-07 18:04:37,living-motion,ON
2026-08-07 18:04:40,bathroom-motion,ON
2026-08-07 18:04:43,kitchen-motion,ON
2026-08-07 18:04:46,front-door,CLOSE
2026-08-07 18:04:49,bed-mat,OCCUPIED
2026-08-07 18:04:52,kitchen-motion,ON
2026-08-07 18:04:55,bedroom-motion,ON
2026-08-07 18:04:58,living-temp,19.6
2026-08-07 18:05:01,bed-mat,OCCUPIED
2026-08-07 18:05:04,bathroom-motion,ON
2026-08-07 18:05:07,living-temp,18.8
2026-08-07 18:05:10,bathroom-motion,ON
2026-08-07 18:05:13,bedroom-motion,ON
2026-08-07 18:05:16,front-door,OPEN
2026-08-07 18:05:19,living-temp,20.8
2026-08-07 18:05:22,bathroom-motion,ON
2026-08-07 18:05:25,fridge-door,OPEN
2026-08-07 18:05:28,living-temp,21.5
2026-08-07 18:05:31,fridge-door,OPEN
2026-08-07 18:05:34,fridge-door,CLOSE
2026-08-07 18:05:37,living-motion,ON
2026-08-07 18:05:40,kitchen-motion,ON
2026-08-07 18:05:43,living-motion,ON
2026-08-07 18:05:46,front-door,OPEN
2026-08-07 18:05:49,bathroom-motion,ON
2026-08-07 18:05:52,living-temp,21.1
2026-08-07 18:05:55,bathroom-motion,ON
2026-08-07 18:05:58,bedroom-motion,ON
2026-08-07 18:06:01,living-temp,21.2
2026-08-07 18:06:04,kitchen-motion,ON
2026-08-07 18:06:07,fridge-door,CLOSE
2026-08-07 18:06:10,kitchen-motion,ON
2026-08-07 18:06:13,front-door,CLOSE
2026-08-07 18:06:16,living-motion,ON
2026-08-07 18:06:19,kitchen-motion,ON
2026-08-07 18:06:22,front-door,OPEN
2026-08-07 18:06:25,bedroom-motion,ON
2026-08-07 18:06:28,bed-mat,OCCUPIED
2026-08-07 18:06:31,living-temp,20.0
2026-08-07 18:06:34,bedroom-motion,ON
2026-08-07 18:06:37,bathroom-motion,ON
2026-08-07 18:06:40,bedroom-motion,ON
2026-08-07 18:06:43,front-door,OPEN
2026-08-07 18:06:46,bathroom-motion,ON
2026-08-07 18:06:49,bedroom-motion,ON
2026-08-07 18:06:52,bathroom-motion,ON
2026-08-07 18:06:55,front-door,OPEN
2026-08-07 18:06:58,bedroom-motion,ON
2026-08-07 18:07:01,fridge-door,CLOSE
2026-08-07 18:07:04,bedroom-motion,ON
2026-08-07 18:07:07,fridge-door,OPEN
2026-08-07 18:07:10,living-motion,ON
2026-08-07 18:07:13,living-motion,ON
2026-08-07 18:07:16,living-motion,ON
2026-08-07 18:07:19,living-temp,19.6
2026-08-07 18:07:22,front-door,OPEN
2026-08-07 18:07:25,bed-mat,OCCUPIED
2026-08-07 18:07:28,bed-mat,OCCUPIED
2026-08-07 18:07:31,living-temp,19.5
2026-08-07 18:07:34,bedroom-motion,ON
2026-08-07 18:07:37,fridge-door,CLOSE
2026-08-07 18:07:40,fridge-door,OPEN
2026-08-07 18:07:43,bed-mat,OCCUPIED
2026-08-07 18:07:46,living-motion,ON
2026-08-07 18:07:49,kitchen-motion,ON
2026-08-07 18:07:52,living-temp,20.9
2026-08-07 18:07:55,kitchen-motion,ON
2026-08-07 18:07:58,fridge-door,OPEN
2026-08-07 18:08:01,bedroom-motion,ON
2026-08-07 18:08:04,bathroom-motion,ON
2026-08-07 18:08:07,front-door,OPEN
2026-08-07 18:08:10,fridge-door,CLOSE
2026-08-07 18:08:13,living-motion,ON
2026-08-07 18:08:16,front-door,OPEN
2026-08-07 18:08:19,living-temp,18.6
2026-08-07 18:08:22,bedroom-motion,ON
2026-08-07 18:08:25,kitchen-motion,ON
2026-08-07 18:08:28,bed-mat,EMPTY
2026-08-07 18:08:31,bed-mat,OCCUPIED
2026-08-07 18:08:34,front-door,OPEN
2026-08-07 18:08:37,living-motion,ON
2026-08-07 18:08:40,front-door,OPEN
2026-08-07 18:08:43,front-door,OPEN
2026-08-07 18:08:46,bed-mat,EMPTY
2026-08-07 18:08:49,bathroom-motion,ON
2026-08-07 18:08:52,bathroom-motion,ON
2026-08-07 18:08:55,front-door,OPEN
2026-08-07 18:08:58,front-door,OPEN
2026-08-07 18:09:01,front-door,CLOSE
2026-08-07 18:09:04,bed-mat,OCCUPIED
2026-08-07 18:09:07,bedroom-motion,ON
2026-08-07 18:09:10,bed-mat,EMPTY
2026-08-07 18:09:13,bed-mat,OCCUPIED
2026-08-07 18:09:16,bathroom-motion,ON
2026-08-07 18:09:19,fridge-door,CLOSE
2026-08-07 18:09:22,living-motion,ON
2026-08-07 18:09:25,bed-mat,EMPTY
2026-08-07 18:09:28,living-temp,19.2
2026-08-07 18:09:31,living-temp,20.1
2026-08-07 18:09:34,living-temp,19.2
2026-08-07 18:09:37,living-motion,ON
2026-08-07 18:09:40,front-door,OPEN
2026-08-07 18:09:43,bedroom-motion,ON
2026-08-07 18:09:46,bedroom-motion,ON
2026-08-07 18:09:49,living-motion,ON
2026-08-07 18:09:52,kitchen-motion,ON
2026-08-07 18:09:55,bedroom-motion,ON
2026-08-07 18:09:58,fridge-door,CLOSE
2026-08-07 18:10:01,front-door,CLOSE
2026-08-07 18:10:04,fridge-door,OPEN
2026-08-07 18:10:07,kitchen-motion,ON
2026-08-07 18:10:10,bed-mat,EMPTY
2026-08-07 18:10:13,living-motion,ON
2026-08-07 18:10:16,living-temp,19.3
2026-08-07 18:10:19,bedroom-motion,ON
2026-08-07 18:10:22,front-door,CLOSE
2026-08-07 18:10:25,living-motion,ON
2026-08-07 18:10:28,front-door,CLOSE
2026-08-07 18:10:31,living-motion,ON
2026-08-07 18:10:34,fridge-door,CLOSE
2026-08-07 18:10:37,kitchen-motion,ON
2026-08-07 18:10:40,front-door,CLOSE
2026-08-07 18:10:43,kitchen-motion,ON
2026-08-07 18:10:46,kitchen-motion,ON
2026-08-07 18:10:49,living-temp,18.6
2026-08-07 18:10:52,bedroom-motion,ON
2026-08-07 18:10:55,bathroom-motion,ON
2026-08-07 18:10:58,front-door,OPEN
2026-08-07 18:11:01,bedroom-motion,ON
2026-08-07 18:11:04,front-door,CLOSE
2026-08-07 18:11:07,bed-mat,EMPTY
2026-08-07 18:11:10,bathroom-motion,ON
2026-08-07 18:11:13,front-door,CLOSE
2026-08-07 18:11:16,kitchen-motion,ON
2026-08-07 18:11:19,front-door,OPEN
2026-08-07 18:11:22,bathroom-motion,ON
2026-08-07 18:11:25,front-door,CLOSE
2026-08-07 18:11:28,bed-mat,EMPTY
2026-08-07 18:11:31,front-door,CLOSE
2026-08-07 18:11:34,bed-mat,OCCUPIED
2026-08-07 18:11:37,bathroom-motion,ON
2026-08-07 18:11:40,living-motion,ON
2026-08-07 18:11:43,front-door,CLOSE
2026-08-07 18:11:46,kitchen-motion,ON
2026-08-07 18:11:49,front-door,OPEN
2026-08-07 18:11:52,front-door,OPEN
2026-08-07 18:11:55,living-temp,19.0
2026-08-07 18:11:58,bed-mat,OCCUPIED
2026-08-07 18:12:01,living-motion,ON
2026-08-07 18:12:04,bedroom-motion,ON
2026-08-07 18:12:07,bedroom-motion,ON
2026-08-07 18:12:10,kitchen-motion,ON
2026-08-07 18:12:13,living-temp,18.8
2026-08-07 18:12:16,fridge-door,OPEN
2026-08-07 18:12:19,bathroom-motion,ON
2026-08-07 18:12:22,bedroom-motion,ON
2026-08-07 18:12:25,living-temp,18.6
2026-08-07 18:12:28,bedroom-motion,ON
2026-08-07 18:12:31,front-door,OPEN
2026-08-07 18:12:34,fridge-door,CLOSE
2026-08-07 18:12:37,bathroom-motion,ON
2026-08-07 18:12:40,bathroom-motion,ON
2026-08-07 18:12:43,bed-mat,EMPTY
2026-08-07 18:12:46,front-door,CLOSE
2026-08-07 18:12:49,living-motion,ON
2026-08-07 18:12:52,bed-mat,EMPTY
2026-08-07 18:12:55,living-temp,19.5
2026-08-07 18:12:58,bathroom-motion,ON
2026-08-07 18:13:01,bed-mat,OCCUPIED
2026-08-07 18:13:04,bedroom-motion,ON
2026-08-07 18:13:07,bed-mat,EMPTY
2026-08-07 18:13:10,fridge-door,OPEN
2026-08-07 18:13:13,front-door,CLOSE
2026-08-07 18:13:16,kitchen-motion,ON
2026-08-07 18:13:19,bathroom-motion,ON
2026-08-07 18:13:22,bed-mat,OCCUPIED
2026-08-07 18:13:25,front-door,CLOSE
2026-08-07 18:13:28,kitchen-motion,ON
2026-08-07 18:13:31,living-temp,20.3
2026-08-07 18:13:34,fridge-door,OPEN
2026-08-07 18:13:37,fridge-door,CLOSE
2026-08-07 18:13:40,living-temp,20.4
2026-08-07 18:13:43,bathroom-motion,ON
2026-08-07 18:13:46,fridge-door,CLOSE
2026-08-07 18:13:49,living-motion,ON
2026-08-07 18:13:52,kitchen-motion,ON
2026-08-07 18:13:55,front-door,OPEN
2026-08-07 18:13:59,bed-mat,OCCUPIED
2026-08-07 18:14:02,fridge-door,OPEN
2026-08-07 18:14:05,living-motion,ON
2026-08-07 18:14:08,bed-mat,OCCUPIED
2026-08-07 18:14:11,living-temp,18.8
2026-08-07 18:14:14,bed-mat,EMPTY
2026-08-07 18:14:17,bedroom-motion,ON
2026-08-07 18:14:20,kitchen-motion,ON
2026-08-07 18:14:23,living-motion,ON
2026-08-07 18:14:26,bed-mat,EMPTY
2026-08-07 18:14:29,living-motion,ON
2026-08-07 18:14:32,living-motion,ON
2026-08-07 18:14:35,bedroom-motion,ON
2026-08-07 18:14:38,kitchen-motion,ON
2026-08-07 18:14:41,front-door,CLOSE
2026-08-07 18:14:44,front-door,CLOSE
2026-08-07 18:14:47,front-door,CLOSE
2026-08-07 18:14:50,front-door,CLOSE
2026-08-07 18:14:53,fridge-door,OPEN
2026-08-07 18:14:56,living-motion,ON
2026-08-07 18:14:59,fridge-door,CLOSE
2026-08-07 18:15:02,living-temp,21.2
2026-08-07 18:15:05,bed-mat,EMPTY
2026-08-07 18:15:08,bathroom-motion,ON
2026-08-07 18:15:11,kitchen-motion,ON
2026-08-07 18:15:14,bathroom-motion,ON
2026-08-07 18:15:17,bedroom-motion,ON
2026-08-07 18:15:20,living-temp,19.0
2026-08-07 18:15:23,bedroom-motion,ON
2026-08-07 18:15:26,front-door,CLOSE
2026-08-07 18:15:29,front-door,CLOSE
2026-08-07 18:15:32,bathroom-motion,ON
2026-08-07 18:15:35,living-temp,21.0
2026-08-07 18:15:38,front-door,CLOSE
2026-08-07 18:15:41,bedroom-motion,ON
2026-08-07 18:15:44,bedroom-motion,ON
2026-08-07 18:15:47,living-motion,ON
2026-08-07 18:15:50,kitchen-motion,ON
2026-08-07 18:15:53,front-door,OPEN
2026-08-07 18:15:56,kitchen-motion,ON
2026-08-07 18:15:59,living-motion,ON
2026-08-07 18:16:02,front-door,CLOSE
2026-08-07 18:16:05,bathroom-motion,ON
2026-08-07 18:16:08,front-door,OPEN
2026-08-07 18:16:11,fridge-door,CLOSE
2026-08-07 18:16:14,living-motion,ON
2026-08-07 18:16:17,bedroom-motion,ON
2026-08-07 18:16:20,living-motion,ON
2026-08-07 18:16:23,living-motion,ON
2026-08-07 18:16:26,living-motion,ON
2026-08-07 18:16:29,front-door,CLOSE
2026-08-07 18:16:32,bedroom-motion,ON
2026-08-07 18:16:35,living-motion,ON
2026-08-07 18:16:38,front-door,CLOSE
2026-08-07 18:16:41,living-temp,18.5
2026-08-07 18:16:44,fridge-door,CLOSE
2026-08-07 18:16:47,kitchen-motion,ON
2026-08-07 18:16:50,living-motion,ON
2026-08-07 18:16:53,bed-mat,OCCUPIED
2026-08-07 18:16:56,kitchen-motion,ON
2026-08-07 18:16:59,kitchen-motion,ON
2026-08-07 18:17:02,living-temp,19.9
2026-08-07 18:17:05,living-motion,ON
2026-08-07 18:17:08,living-temp,20.9
2026-08-07 18:17:11,living-motion,ON
2026-08-07 18:17:14,bed-mat,EMPTY
2026-08-07 18:17:17,bathroom-motion,ON
2026-08-07 18:17:20,bed-mat,EMPTY
2026-08-07 18:17:23,front-door,CLOSE
2026-08-07 18:17:26,bedroom-motion,ON
2026-08-07 18:17:29,fridge-door,OPEN
2026-08-07 18:17:32,front-door,OPEN
2026-08-07 18:17:35,fridge-door,OPEN
2026-08-07 18:17:38,living-temp,19.6
2026-08-07 18:17:41,kitchen-motion,ON
2026-08-07 18:17:44,bathroom-motion,ON
2026-08-07 18:17:47,living-temp,20.4
2026-08-07 18:17:50,living-motion,ON
2026-08-07 18:17:53,living-temp,19.3
2026-08-07 18:17:56,kitchen-motion,ON
2026-08-07 18:17:59,front-door,CLOSE
2026-08-07 18:18:02,fridge-door,CLOSE
2026-08-07 18:18:05,bathroom-motion,ON
2026-08-07 18:18:08,bedroom-motion,ON
2026-08-07 18:18:11,front-door,CLOSE
2026-08-07 18:18:14,bathroom-motion,ON
2026-08-07 18:18:17,front-door,CLOSE
2026-08-07 18:18:20,bathroom-motion,ON
2026-08-07 18:18:23,living-motion,ON
2026-08-07 18:18:26,bed-mat,EMPTY
2026-08-07 18:18:29,living-motion,ON
2026-08-07 18:18:32,fridge-door,OPEN
2026-08-07 18:18:35,bed-mat,EMPTY
2026-08-07 18:18:38,fridge-door,OPEN
2026-08-07 18:18:41,living-motion,ON
2026-08-07 18:18:44,front-door,OPEN
2026-08-07 18:18:47,fridge-door,OPEN
2026-08-07 18:18:50,front-door,OPEN
2026-08-07 18:18:53,living-temp,21.1
2026-08-07 18:18:56,fridge-door,OPEN
2026-08-07 18:18:59,fridge-door,OPEN
2026-08-07 18:19:02,bedroom-motion,ON
2026-08-07 18:19:05,kitchen-motion,ON
2026-08-07 18:19:08,front-door,OPEN
2026-08-07 18:19:11,living-motion,ON
2026-08-07 18:19:14,bathroom-motion,ON
2026-08-07 18:19:17,living-temp,19.5
2026-08-07 18:19:20,fridge-door,CLOSE
2026-08-07 18:19:23,bathroom-motion,ON
2026-08-07 18:19:26,front-door,CLOSE
2026-08-07 18:19:29,living-motion,ON
2026-08-07 18:19:32,bedroom-motion,ON
2026-08-07 18:19:35,living-temp,21.2
2026-08-07 18:19:38,bed-mat,EMPTY
2026-08-07 18:19:41,kitchen-motion,ON
2026-08-07 18:19:44,kitchen-motion,ON
2026-08-07 18:19:47,bathroom-motion,ON
2026-08-07 18:19:50,front-door,CLOSE
2026-08-07 18:19:53,kitchen-motion,ON
2026-08-07 18:19:56,bed-mat,EMPTY
2026-08-07 18:19:59,fridge-door,CLOSE
2026-08-07 18:20:02,bedroom-motion,ON
2026-08-07 18:20:05,fridge-door,OPEN
2026-08-07 18:20:08,fridge-door,OPEN
2026-08-07 18:20:11,bed-mat,EMPTY
2026-08-07 18:20:14,fridge-door,CLOSE
2026-08-07 18:20:17,living-motion,ON
2026-08-07 18:20:20,bathroom-motion,ON
2026-08-07 18:20:23,front-door,CLOSE
2026-08-07 18:20:26,bathroom-motion,ON
2026-08-07 18:20:29,living-motion,ON
2026-08-07 18:20:32,bathroom-motion,ON
2026-08-07 18:20:35,bathroom-motion,ON
2026-08-07 18:20:38,living-motion,ON
2026-08-07 18:20:41,living-temp,20.2
2026-08-07 18:20:44,front-door,OPEN
2026-08-07 18:20:47,bed-mat,EMPTY
2026-08-07 18:20:50,kitchen-motion,ON
2026-08-07 18:20:53,bathroom-motion,ON
2026-08-07 18:20:56,living-motion,ON
2026-08-07 18:20:59,bathroom-motion,ON
2026-08-07 18:21:02,kitchen-motion,ON
2026-08-07 18:21:05,bathroom-motion,ON
2026-08-07 18:21:08,bedroom-motion,ON
2026-08-07 18:21:11,living-motion,ON
2026-08-07 18:21:14,living-temp,19.8
2026-08-07 18:21:17,living-motion,ON
2026-08-07 18:21:20,bathroom-motion,ON
2026-08-07 18:21:23,front-door,OPEN
2026-08-07 18:21:26,bed-mat,EMPTY
2026-08-07 18:21:29,living-temp,21.4
2026-08-07 18:21:32,kitchen-motion,ON
2026-08-07 18:21:35,living-temp,19.4
2026-08-07 18:21:38,bed-mat,EMPTY
2026-08-07 18:21:41,kitchen-motion,ON
2026-08-07 18:21:44,bedroom-motion,ON
2026-08-07 18:21:47,fridge-door,CLOSE
2026-08-07 18:21:50,living-motion,ON
2026-08-07 18:21:53,fridge-door,OPEN
2026-08-07 18:21:56,kitchen-motion,ON
2026-08-07 18:21:59,front-door,OPEN
2026-08-07 18:22:02,bathroom-motion,ON
2026-08-07 18:22:05,bed-mat,OCCUPIED
2026-08-07 18:22:08,kitchen-motion,ON
2026-08-07 18:22:11,bedroom-motion,ON
2026-08-07 18:22:14,living-motion,ON
2026-08-07 18:22:17,bathroom-motion,ON
2026-08-07 18:22:20,fridge-door,CLOSE
2026-08-07 18:22:23,living-temp,21.0
2026-08-07 18:22:26,bed-mat,EMPTY
2026-08-07 18:22:29,bed-mat,EMPTY
2026-08-07 18:22:32,bedroom-motion,ON
2026-08-07 18:22:35,fridge-door,OPEN
2026-08-07 18:22:38,front-door,OPEN
2026-08-07 18:22:41,living-temp,18.6
2026-08-07 18:22:44,bed-mat,OCCUPIED
2026-08-07 18:22:47,bathroom-motion,ON
2026-08-07 18:22:50,fridge-door,CLOSE
2026-08-07 18:22:53,fridge-door,CLOSE
2026-08-07 18:22:56,kitchen-motion,ON
2026-08-07 18:22:59,kitchen-motion,ON
2026-08-07 18:23:02,bedroom-motion,ON
2026-08-07 18:23:05,kitchen-motion,ON
2026-08-07 18:23:08,bed-mat,OCCUPIED
2026-08-07 18:23:11,bed-mat,EMPTY
2026-08-07 18:23:14,fridge-door,CLOSE
2026-08-07 18:23:17,bathroom-motion,ON
2026-08-07 18:23:20,kitchen-motion,ON
2026-08-07 18:23:23,fridge-door,CLOSE
2026-08-07 18:23:26,living-temp,19.3
2026-08-07 18:23:29,bedroom-motion,ON
2026-08-07 18:23:32,bed-mat,OCCUPIED
2026-08-07 18:23:35,kitchen-motion,ON
2026-08-07 18:23:38,living-temp,19.6
2026-08-07 18:23:41,bedroom-motion,ON
2026-08-07 18:23:44,fridge-door,CLOSE
2026-08-07 18:23:47,bed-mat,OCCUPIED
2026-08-07 18:23:50,living-temp,20.6
2026-08-07 18:23:53,bedroom-motion,ON
2026-08-07 18:23:56,living-motion,ON
2026-08-07 18:23:59,bedroom-motion,ON
2026-08-07 18:24:02,kitchen-motion,ON
2026-08-07 18:24:05,fridge-door,OPEN
2026-08-07 18:24:08,kitchen-motion,ON
2026-08-07 18:24:11,bedroom-motion,ON
2026-08-07 18:24:14,kitchen-motion,ON
2026-08-07 18:24:17,bedroom-motion,ON
2026-08-07 18:24:20,bathroom-motion,ON
2026-08-07 18:24:23,bed-mat,EMPTY
2026-08-07 18:24:26,kitchen-motion,ON
2026-08-07 18:24:29,front-door,CLOSE
2026-08-07 18:24:32,bathroom-motion,ON
2026-08-07 18:24:35,fridge-door,CLOSE
2026-08-07 18:24:38,living-temp,21.2
2026-08-07 18:24:41,bed-mat,OCCUPIED
2026-08-07 18:24:44,living-temp,19.4
2026-08-07 18:24:47,living-motion,ON
2026-08-07 18:24:50,bed-mat,OCCUPIED
2026-08-07 18:24:53,bed-mat,OCCUPIED
2026-08-07 18:24:56,bedroom-motion,ON
2026-08-07 18:24:59,living-temp,18.7
2026-08-07 18:25:02,living-temp,20.3
2026-08-07 18:25:05,bedroom-motion,ON
2026-08-07 18:25:08,front-door,CLOSE
2026-08-07 18:25:11,bedroom-motion,ON
2026-08-07 18:25:14,kitchen-motion,ON
2026-08-07 18:25:17,bathroom-motion,ON
2026-08-07 18:25:20,living-motion,ON
2026-08-07 18:25:23,living-temp,19.6
2026-08-07 18:25:26,bathroom-motion,ON
2026-08-07 18:25:29,bathroom-motion,ON
2026-08-07 18:25:32,bathroom-motion,ON
2026-08-07 18:25:35,living-motion,ON
2026-08-07 18:25:38,bed-mat,EMPTY
2026-08-07 18:25:41,bedroom-motion,ON
2026-08-07 18:25:44,kitchen-motion,ON
2026-08-07 18:25:47,bed-mat,EMPTY
2026-08-07 18:25:50,living-motion,ON
2026-08-07 18:25:53,living-motion,ON
2026-08-07 18:25:56,kitchen-motion,ON
2026-08-07 18:25:59,fridge-door,CLOSE
2026-08-07 18:26:03,fridge-door,CLOSE
2026-08-07 18:26:06,living-motion,ON
2026-08-07 18:26:09,kitchen-motion,ON
2026-08-07 18:26:12,bathroom-motion,ON
2026-08-07 18:26:15,living-temp,20.8
2026-08-07 18:26:18,fridge-door,OPEN
2026-08-07 18:26:21,bedroom-motion,ON
2026-08-07 18:26:24,bathroom-motion,ON
2026-08-07 18:26:27,fridge-door,CLOSE
2026-08-07 18:26:30,kitchen-motion,ON
2026-08-07 18:26:33,fridge-door,CLOSE
2026-08-07 18:26:36,bathroom-motion,ON
2026-08-07 18:26:39,bed-mat,OCCUPIED
2026-08-07 18:26:42,bedroom-motion,ON
2026-08-07 18:26:45,kitchen-motion,ON
2026-08-07 18:26:48,living-temp,21.2
2026-08-07 18:26:51,bed-mat,EMPTY
2026-08-07 18:26:54,living-motion,ON
2026-08-07 18:26:57,front-door,CLOSE
2026-08-07 18:27:00,bed-mat,EMPTY
2026-08-07 18:27:03,bathroom-motion,ON
2026-08-07 18:27:06,living-motion,ON
2026-08-07 18:27:09,bathroom-motion,ON
2026-08-07 18:27:12,bed-mat,OCCUPIED
2026-08-07 18:27:15,kitchen-motion,ON
2026-08-07 18:27:18,kitchen-motion,ON
2026-08-07 18:27:21,kitchen-motion,ON
2026-08-07 18:27:24,living-temp,18.7
2026-08-07 18:27:27,bed-mat,EMPTY
2026-08-07 18:27:30,kitchen-motion,ON
2026-08-07 18:27:33,bathroom-motion,ON
2026-08-07 18:27:36,living-motion,ON
2026-08-07 18:27:39,living-motion,ON
2026-08-07 18:27:42,kitchen-motion,ON
2026-08-07 18:27:45,bathroom-motion,ON
2026-08-07 18:27:48,front-door,CLOSE
2026-08-07 18:27:51,bedroom-motion,ON
2026-08-07 18:27:54,bathroom-motion,ON
2026-08-07 18:27:57,fridge-door,OPEN
2026-08-07 18:28:00,bedroom-motion,ON
2026-08-07 18:28:03,kitchen-motion,ON
2026-08-07 18:28:06,bathroom-motion,ON
2026-08-07 18:28:09,living-motion,ON
2026-08-07 18:28:12,living-motion,ON
2026-08-07 18:28:15,living-motion,ON
2026-08-07 18:28:18,bedroom-motion,ON
2026-08-07 18:28:21,living-motion,ON
2026-08-07 18:28:24,bed-mat,EMPTY
2026-08-07 18:28:27,kitchen-motion,ON
2026-08-07 18:28:30,kitchen-motion,ON
2026-08-07 18:28:33,living-motion,ON
2026-08-07 18:28:36,bed-mat,EMPTY
2026-08-07 18:28:39,front-door,CLOSE
2026-08-07 18:28:42,kitchen-motion,ON
2026-08-07 18:28:45,living-temp,21.0
2026-08-07 18:28:48,bedroom-motion,ON
2026-08-07 18:28:51,living-temp,20.5
2026-08-07 18:28:54,bedroom-motion,ON
2026-08-07 18:28:57,fridge-door,OPEN
2026-08-07 18:29:00,bed-mat,EMPTY
2026-08-07 18:29:03,bathroom-motion,ON
2026-08-07 18:29:06,bathroom-motion,ON
2026-08-07 18:29:09,front-door,OPEN
2026-08-07 18:29:12,living-motion,ON
2026-08-07 18:29:15,bathroom-motion,ON
2026-08-07 18:29:18,kitchen-motion,ON
2026-08-07 18:29:21,front-door,OPEN
2026-08-07 18:29:24,front-door,OPEN
2026-08-07 18:29:27,bed-mat,OCCUPIED
2026-08-07 18:29:30,living-motion,ON
2026-08-07 18:29:33,bedroom-motion,ON
2026-08-07 18:29:36,bed-mat,EMPTY
2026-08-07 18:29:39,bathroom-motion,ON
2026-08-07 18:29:42,fridge-door,CLOSE
2026-08-07 18:29:45,fridge-door,CLOSE
2026-08-07 18:29:48,bedroom-motion,ON
2026-08-07 18:29:51,bed-mat,OCCUPIED
2026-08-07 18:29:54,bathroom-motion,ON
2026-08-07 18:29:57,fridge-door,OPEN
2026-08-07 18:30:00,bed-mat,OCCUPIED
2026-08-07 18:30:03,kitchen-motion,ON
2026-08-07 18:45:04,bathroom-motion,ON
2026-08-07 18:45:07,living-motion,ON
2026-08-07 18:45:10,front-door,CLOSE
2026-08-07 18:45:13,fridge-door,OPEN
2026-08-07 18:45:16,kitchen-motion,ON
2026-08-07 18:45:19,kitchen-motion,ON
2026-08-07 18:45:22,living-temp,20.2
2026-08-07 18:45:25,front-door,OPEN
2026-08-07 18:45:28,front-door,CLOSE
2026-08-07 18:45:31,living-temp,20.8
2026-08-07 18:45:34,front-door,CLOSE
2026-08-07 18:45:38,front-door,CLOSE
2026-08-07 18:45:41,living-temp,20.9
2026-08-07 18:45:44,living-temp,19.0
2026-08-07 18:45:47,bedroom-motion,ON
2026-08-07 18:45:50,bedroom-motion,ON
2026-08-07 18:54:11,kitchen-motion,ON
2026-08-07 18:54:15,living-motion,ON
2026-08-07 18:54:18,front-door,OPEN
2026-08-07 18:54:21,living-motion,ON
2026-08-07 18:54:24,bathroom-motion,ON
2026-08-07 18:54:27,bed-mat,EMPTY
2026-08-07 18:54:30,living-motion,ON
2026-08-07 18:54:33,fridge-door,OPEN
2026-08-07 18:54:36,bathroom-motion,ON
2026-08-07 18:54:39,living-temp,21.1
2026-08-07 18:54:42,fridge-door,CLOSE
2026-08-07 18:54:45,front-door,OPEN
2026-08-07 18:54:48,bathroom-motion,ON
2026-08-07 18:54:51,bedroom-motion,ON
2026-08-07 18:54:54,bedroom-motion,ON
2026-08-07 18:54:57,fridge-door,OPEN
2026-08-07 19:00:15,fridge-door,CLOSE
2026-08-07 19:00:18,kitchen-motion,ON
2026-08-07 19:00:21,living-temp,20.1
2026-08-07 19:00:24,kitchen-motion,ON
2026-08-07 19:00:27,fridge-door,OPEN
2026-08-07 19:00:30,front-door,OPEN
2026-08-07 19:00:33,bed-mat,EMPTY
2026-08-07 19:00:36,front-door,CLOSE
2026-08-07 19:00:39,living-temp,20.7
2026-08-07 19:00:43,kitchen-motion,ON
2026-08-07 19:00:46,fridge-door,OPEN
2026-08-07 19:00:49,front-door,OPEN
2026-08-07 19:00:52,bed-mat,EMPTY
2026-08-07 19:00:55,front-door,OPEN
2026-08-07 19:00:58,bed-mat,OCCUPIED
2026-08-07 19:09:15,bedroom-motion,ON
2026-08-07 19:09:18,bathroom-motion,ON
2026-08-07 19:09:21,bathroom-motion,ON
2026-08-07 19:09:24,kitchen-motion,ON
2026-08-07 19:09:27,living-motion,ON
2026-08-07 19:09:30,bedroom-motion,ON
2026-08-07 19:09:33,kitchen-motion,ON
2026-08-07 19:09:36,fridge-door,CLOSE
2026-08-07 19:09:39,living-temp,21.5
2026-08-07 19:09:42,fridge-door,CLOSE
2026-08-07 19:09:45,bedroom-motion,ON
2026-08-07 19:09:48,front-door,CLOSE
2026-08-07 19:09:51,bedroom-motion,ON
2026-08-07 19:09:54,bathroom-motion,ON
2026-08-07 19:09:57,kitchen-motion,ON
2026-08-07 19:10:00,living-motion,ON
2026-08-07 19:16:53,kitchen-motion,ON
2026-08-07 19:16:56,front-door,OPEN
2026-08-07 19:16:59,bathroom-motion,ON
2026-08-07 19:17:06,bed-mat,EMPTY
2026-08-07 19:17:09,fridge-door,OPEN
2026-08-07 19:17:12,bedroom-motion,ON
2026-08-07 19:17:15,bathroom-motion,ON
2026-08-07 19:17:18,bed-mat,OCCUPIED
2026-08-07 19:17:21,front-door,CLOSE
2026-08-07 19:17:24,kitchen-motion,ON
2026-08-07 19:17:27,living-temp,20.0
2026-08-07 19:17:30,living-temp,21.2
2026-08-07 19:17:33,living-temp,20.3
2026-08-07 19:17:36,fridge-door,OPEN
2026-08-07 19:17:39,front-door,OPEN
2026-08-07 19:17:42,front-door,OPEN
2026-08-07 19:17:45,kitchen-motion,ON
2026-08-07 19:17:48,bathroom-motion,ON
2026-08-07 19:17:51,living-temp,20.0
2026-08-07 19:17:54,bedroom-motion,ON
2026-08-07 19:17:57,bathroom-motion,ON
2026-08-07 19:18:00,living-motion,ON
2026-08-07 19:18:03,bed-mat,OCCUPIED
2026-08-07 19:18:06,living-temp,19.6
2026-08-07 19:18:09,front-door,CLOSE
2026-08-07 19:18:12,bathroom-motion,ON
2026-08-07 19:18:15,bed-mat,OCCUPIED
2026-08-07 19:18:18,bedroom-motion,ON
2026-08-07 19:18:21,bed-mat,OCCUPIED
2026-08-07 19:18:24,living-motion,ON
2026-08-07 19:18:27,bathroom-motion,ON
2026-08-07 19:18:30,bathroom-motion,ON
2026-08-07 19:18:33,fridge-door,CLOSE
2026-08-07 19:18:36,kitchen-motion,ON
2026-08-07 19:18:39,fridge-door,OPEN
2026-08-07 19:18:42,front-door,CLOSE
2026-08-07 19:18:45,bathroom-motion,ON
2026-08-07 19:18:48,front-door,OPEN
2026-08-07 19:18:51,bedroom-motion,ON
2026-08-07 19:18:54,front-door,CLOSE
2026-08-07 19:18:57,kitchen-motion,ON
2026-08-07 19:19:00,bed-mat,EMPTY
2026-08-07 19:19:03,living-temp,20.1
2026-08-07 19:19:06,fridge-door,OPEN
2026-08-07 19:19:09,bathroom-motion,ON
2026-08-07 19:19:12,fridge-door,OPEN
2026-08-07 19:19:15,bed-mat,OCCUPIED
2026-08-07 19:19:18,bedroom-motion,ON
2026-08-07 19:19:21,bathroom-motion,ON
2026-08-07 19:19:24,bedroom-motion,ON
2026-08-07 19:19:27,bedroom-motion,ON
2026-08-07 19:19:30,bed-mat,EMPTY
2026-08-07 19:19:33,bedroom-motion,ON
2026-08-07 19:19:36,front-door,CLOSE
2026-08-07 19:19:39,living-temp,19.2
2026-08-07 19:19:42,fridge-door,OPEN
2026-08-07 19:19:45,living-temp,20.1
2026-08-07 19:19:48,bathroom-motion,ON
2026-08-07 19:19:51,kitchen-motion,ON
2026-08-07 19:19:54,bedroom-motion,ON
2026-08-07 19:19:57,front-door,OPEN
2026-08-07 19:20:00,bedroom-motion,ON
2026-08-07 19:20:03,bed-mat,OCCUPIED
2026-08-07 19:20:06,living-temp,20.0
2026-08-07 19:20:10,bed-mat,EMPTY
2026-08-07 19:20:13,bathroom-motion,ON
2026-08-07 19:20:16,bedroom-motion,ON
2026-08-07 19:20:19,bedroom-motion,ON
2026-08-07 19:20:22,front-door,OPEN
2026-08-07 19:20:25,living-temp,19.1
2026-08-07 19:20:28,living-temp,18.9
2026-08-07 19:20:31,bathroom-motion,ON
2026-08-07 19:20:34,living-motion,ON
2026-08-07 19:20:37,bed-mat,EMPTY
2026-08-07 19:20:40,bedroom-motion,ON
2026-08-07 19:20:43,bed-mat,OCCUPIED
2026-08-07 19:20:46,bedroom-motion,ON
2026-08-07 19:20:49,bed-mat,OCCUPIED
2026-08-07 19:20:52,fridge-door,CLOSE
2026-08-07 19:20:55,kitchen-motion,ON
2026-08-07 19:20:58,bathroom-motion,ON
2026-08-07 19:21:01,front-door,OPEN
2026-08-07 19:21:04,bedroom-motion,ON
2026-08-07 19:21:07,kitchen-motion,ON
2026-08-07 19:21:10,bathroom-motion,ON
2026-08-07 19:21:13,living-motion,ON
2026-08-07 19:21:16,bathroom-motion,ON
2026-08-07 19:21:19,front-door,OPEN
2026-08-07 19:21:22,fridge-door,CLOSE
2026-08-07 19:21:25,fridge-door,CLOSE
2026-08-07 19:21:28,living-temp,19.1
2026-08-07 19:21:31,bathroom-motion,ON
2026-08-07 19:21:34,living-temp,21.1
2026-08-07 19:21:37,living-motion,ON
2026-08-07 19:21:40,bathroom-motion,ON
2026-08-07 19:21:43,front-door,OPEN
2026-08-07 19:21:46,front-door,CLOSE
2026-08-07 19:21:49,bedroom-motion,ON
2026-08-07 19:21:52,bathroom-motion,ON
2026-08-07 19:21:55,kitchen-motion,ON
2026-08-07 19:21:58,front-door,OPEN
2026-08-07 19:22:01,living-motion,ON
2026-08-07 19:22:04,living-temp,18.9
2026-08-07 19:22:07,kitchen-motion,ON
2026-08-07 19:22:10,living-temp,21.0
2026-08-07 19:22:13,front-door,OPEN
2026-08-07 19:22:16,bedroom-motion,ON
2026-08-07 19:22:19,bed-mat,EMPTY
2026-08-07 19:22:22,living-temp,21.1
2026-08-07 19:22:25,kitchen-motion,ON
2026-08-07 19:22:28,front-door,CLOSE
2026-08-07 19:22:31,bed-mat,EMPTY
2026-08-07 19:22:34,living-temp,20.9
2026-08-07 19:22:37,bedroom-motion,ON
2026-08-07 19:22:40,living-temp,20.6
2026-08-07 19:22:43,fridge-door,CLOSE
2026-08-07 19:22:46,bathroom-motion,ON
2026-08-07 19:22:49,bathroom-motion,ON
2026-08-07 19:22:52,front-door,CLOSE
2026-08-07 19:22:55,front-door,OPEN
2026-08-07 19:22:58,living-temp,20.5
2026-08-07 19:23:01,bedroom-motion,ON
2026-08-07 19:23:04,kitchen-motion,ON
2026-08-07 19:23:07,front-door,OPEN
2026-08-07 19:23:10,bedroom-motion,ON
2026-08-07 19:23:13,kitchen-motion,ON
2026-08-07 19:23:16,living-motion,ON
2026-08-07 19:23:19,kitchen-motion,ON
2026-08-07 19:23:22,fridge-door,OPEN
2026-08-07 19:23:25,fridge-door,OPEN
2026-08-07 19:23:28,kitchen-motion,ON
2026-08-07 19:23:31,bathroom-motion,ON
2026-08-07 19:23:34,fridge-door,CLOSE
2026-08-07 19:23:37,bedroom-motion,ON
2026-08-07 19:23:40,bathroom-motion,ON
2026-08-07 19:23:43,living-motion,ON
2026-08-07 19:23:46,fridge-door,CLOSE
2026-08-07 19:23:49,bathroom-motion,ON
2026-08-07 19:23:52,living-temp,19.8
2026-08-07 19:23:55,living-temp,18.5
2026-08-07 19:23:58,front-door,CLOSE
2026-08-07 19:24:01,bathroom-motion,ON
2026-08-07 19:24:04,bathroom-motion,ON
2026-08-07 19:24:07,living-motion,ON
2026-08-07 19:24:10,bedroom-motion,ON
2026-08-07 19:24:13,bedroom-motion,ON
2026-08-07 19:24:16,bedroom-motion,ON
2026-08-07 19:24:19,bedroom-motion,ON
2026-08-07 19:24:22,living-temp,19.4
2026-08-07 19:24:25,fridge-door,CLOSE
2026-08-07 19:24:28,bed-mat,OCCUPIED
2026-08-07 19:24:31,fridge-door,OPEN
2026-08-07 19:24:34,living-temp,19.7
2026-08-07 19:24:37,bedroom-motion,ON
2026-08-07 19:24:40,kitchen-motion,ON
2026-08-07 19:24:43,bedroom-motion,ON
2026-08-07 19:24:46,living-temp,20.5
2026-08-07 19:24:49,bedroom-motion,ON
2026-08-07 19:24:52,living-motion,ON
2026-08-07 19:24:55,front-door,CLOSE
2026-08-07 19:24:58,living-temp,19.7
2026-08-07 19:25:01,bedroom-motion,ON
2026-08-07 19:25:04,living-motion,ON
2026-08-07 19:25:07,kitchen-motion,ON
2026-08-07 19:25:10,living-temp,19.3
2026-08-07 19:25:13,bed-mat,OCCUPIED
2026-08-07 19:25:16,living-motion,ON
2026-08-07 19:25:19,bed-mat,EMPTY
2026-08-07 19:25:22,bathroom-motion,ON
2026-08-07 19:25:25,living-motion,ON
2026-08-07 19:25:28,bathroom-motion,ON
2026-08-07 19:25:31,kitchen-motion,ON
2026-08-07 19:25:34,bathroom-motion,ON
2026-08-07 19:25:37,bedroom-motion,ON
2026-08-07 19:25:40,living-motion,ON
2026-08-07 19:25:43,fridge-door,CLOSE
2026-08-07 19:25:46,front-door,OPEN
2026-08-07 19:25:49,kitchen-motion,ON
2026-08-07 19:25:52,bathroom-motion,ON
2026-08-07 19:25:55,bathroom-motion,ON
2026-08-07 19:25:58,living-motion,ON
2026-08-07 19:26:01,bed-mat,EMPTY
2026-08-07 19:26:04,bathroom-motion,ON
2026-08-07 19:26:07,fridge-door,CLOSE
2026-08-07 19:26:10,bedroom-motion,ON
2026-08-07 19:26:13,bathroom-motion,ON
2026-08-07 19:26:16,bed-mat,OCCUPIED
2026-08-07 19:26:19,front-door,CLOSE
2026-08-07 19:26:22,living-motion,ON
2026-08-07 19:26:25,living-temp,19.6
2026-08-07 19:26:28,bathroom-motion,ON
2026-08-07 19:26:31,bathroom-motion,ON
2026-08-07 19:26:34,bed-mat,EMPTY
2026-08-07 19:26:37,bedroom-motion,ON
2026-08-07 19:26:40,fridge-door,CLOSE
2026-08-07 19:26:43,fridge-door,OPEN
2026-08-07 19:26:46,bedroom-motion,ON
2026-08-07 19:26:49,bathroom-motion,ON
2026-08-07 19:26:52,front-door,CLOSE
2026-08-07 19:26:55,kitchen-motion,ON
2026-08-07 19:26:58,fridge-door,OPEN
2026-08-07 19:27:01,living-motion,ON
2026-08-07 19:27:04,bathroom-motion,ON
2026-08-07 19:27:07,bed-mat,OCCUPIED
2026-08-07 19:27:10,bedroom-motion,ON
2026-08-07 19:27:13,living-temp,19.8
2026-08-07 19:27:16,living-motion,ON
2026-08-07 19:27:19,bedroom-motion,ON
2026-08-07 19:27:22,bedroom-motion,ON
2026-08-07 19:27:25,kitchen-motion,ON
2026-08-07 19:27:28,living-motion,ON
2026-08-07 19:27:31,front-door,OPEN
2026-08-07 19:27:34,kitchen-motion,ON
2026-08-07 19:27:37,bathroom-motion,ON
2026-08-07 19:27:40,bathroom-motion,ON
2026-08-07 19:27:43,bathroom-motion,ON
2026-08-07 19:27:46,bathroom-motion,ON
2026-08-07 19:27:49,fridge-door,OPEN
2026-08-07 19:27:52,fridge-door,CLOSE
2026-08-07 19:27:55,bedroom-motion,ON
2026-08-07 19:27:58,bed-mat,EMPTY
2026-08-07 19:28:01,fridge-door,CLOSE
2026-08-07 19:28:04,fridge-door,CLOSE
2026-08-07 19:28:07,fridge-door,CLOSE
2026-08-07 19:28:10,bedroom-motion,ON
2026-08-07 19:28:13,kitchen-motion,ON
2026-08-07 19:28:16,front-door,CLOSE
2026-08-07 19:28:19,bedroom-motion,ON
2026-08-07 19:28:22,bed-mat,EMPTY
2026-08-07 19:28:25,bathroom-motion,ON
2026-08-07 19:28:28,bedroom-motion,ON
2026-08-07 19:28:31,bedroom-motion,ON
2026-08-07 19:28:34,fridge-door,OPEN
2026-08-07 19:28:37,fridge-door,CLOSE
2026-08-07 19:28:40,bathroom-motion,ON
2026-08-07 19:30:26,living-temp,19.6
2026-08-07 19:30:29,bedroom-motion,ON
2026-08-07 19:30:32,living-motion,ON
2026-08-07 19:30:35,bathroom-motion,ON
2026-08-07 19:30:38,fridge-door,CLOSE
2026-08-07 19:30:41,fridge-door,OPEN
2026-08-07 19:30:44,front-door,CLOSE
2026-08-07 19:30:47,living-motion,ON
2026-08-07 19:30:50,bathroom-motion,ON
2026-08-07 19:30:53,front-door,OPEN
2026-08-07 19:30:56,bathroom-motion,ON
2026-08-07 19:30:59,bedroom-motion,ON
2026-08-07 19:31:02,kitchen-motion,ON
2026-08-07 19:31:05,bed-mat,OCCUPIED
2026-08-07 19:31:08,living-temp,20.6
2026-08-07 19:31:11,bedroom-motion,ON
2026-08-07 19:31:14,bedroom-motion,ON
2026-08-07 19:31:17,living-motion,ON
2026-08-07 19:31:20,bathroom-motion,ON
2026-08-07 19:31:23,living-temp,21.0
2026-08-07 19:31:26,living-temp,20.3
2026-08-07 19:31:29,living-motion,ON
2026-08-07 19:31:32,fridge-door,OPEN
2026-08-07 19:31:35,kitchen-motion,ON
2026-08-07 19:31:38,living-temp,19.2
2026-08-07 19:31:41,living-motion,ON
2026-08-07 19:31:44,bathroom-motion,ON
2026-08-07 19:31:47,living-motion,ON
2026-08-07 19:31:50,bedroom-motion,ON
2026-08-07 19:31:53,bathroom-motion,ON
2026-08-07 19:31:56,bedroom-motion,ON
2026-08-07 19:31:59,living-temp,19.4
2026-08-07 19:32:02,bedroom-motion,ON
2026-08-07 19:32:05,bathroom-motion,ON
2026-08-07 19:32:08,bathroom-motion,ON
2026-08-07 19:32:11,kitchen-motion,ON
2026-08-07 19:32:14,fridge-door,CLOSE
2026-08-07 19:32:17,kitchen-motion,ON
2026-08-07 19:32:20,fridge-door,CLOSE
2026-08-07 19:32:23,front-door,OPEN
2026-08-07 19:32:26,living-motion,ON
2026-08-07 19:32:29,bedroom-motion,ON
2026-08-07 19:32:32,bathroom-motion,ON
2026-08-07 19:32:35,bathroom-motion,ON
2026-08-07 19:32:38,bedroom-motion,ON
2026-08-07 19:32:41,bathroom-motion,ON
2026-08-07 19:32:44,living-motion,ON
2026-08-07 19:32:47,kitchen-motion,ON
2026-08-07 19:32:50,living-motion,ON
2026-08-07 19:32:53,bed-mat,EMPTY
2026-08-07 19:32:56,fridge-door,CLOSE
2026-08-07 19:32:59,living-temp,20.5
2026-08-07 19:33:02,bed-mat,OCCUPIED
2026-08-07 19:33:05,bedroom-motion,ON
2026-08-07 19:33:08,living-temp,19.0
2026-08-07 19:33:11,bed-mat,EMPTY
2026-08-07 19:33:14,kitchen-motion,ON
2026-08-07 19:33:17,front-door,CLOSE
2026-08-07 19:33:20,living-motion,ON
2026-08-07 19:33:23,living-motion,ON
2026-08-07 19:33:26,living-motion,ON
2026-08-07 19:33:29,bathroom-motion,ON
2026-08-07 19:33:32,bed-mat,EMPTY
2026-08-07 19:33:35,living-temp,21.3
2026-08-07 19:33:38,bed-mat,EMPTY
2026-08-07 19:33:41,bed-mat,OCCUPIED
2026-08-07 19:33:44,bedroom-motion,ON
2026-08-07 19:33:47,living-motion,ON
2026-08-07 19:33:50,bathroom-motion,ON
2026-08-07 19:33:53,bedroom-motion,ON
2026-08-07 19:33:56,fridge-door,OPEN
2026-08-07 19:33:59,front-door,CLOSE
2026-08-07 19:34:02,fridge-door,OPEN
2026-08-07 19:34:05,front-door,CLOSE
2026-08-07 19:34:08,bedroom-motion,ON
2026-08-07 19:34:11,fridge-door,CLOSE
2026-08-07 19:34:14,bed-mat,OCCUPIED
2026-08-07 19:34:17,living-motion,ON
2026-08-07 19:34:20,kitchen-motion,ON
2026-08-07 19:34:23,front-door,OPEN
2026-08-07 19:34:27,front-door,CLOSE
2026-08-07 19:34:30,kitchen-motion,ON
2026-08-07 19:34:33,living-temp,21.2
2026-08-07 19:34:36,kitchen-motion,ON
2026-08-07 19:34:39,bed-mat,OCCUPIED
2026-08-07 19:34:42,bed-mat,OCCUPIED
2026-08-07 19:34:45,kitchen-motion,ON
2026-08-07 19:34:48,bed-mat,EMPTY
2026-08-07 19:34:51,fridge-door,OPEN
2026-08-07 19:34:54,living-motion,ON
2026-08-07 19:34:57,living-motion,ON
2026-08-07 19:35:00,living-motion,ON
2026-08-07 19:35:03,bathroom-motion,ON
2026-08-07 19:35:06,kitchen-motion,ON
2026-08-07 19:35:09,fridge-door,CLOSE
2026-08-07 19:35:12,living-motion,ON
2026-08-07 19:35:15,front-door,OPEN
2026-08-07 19:35:18,bathroom-motion,ON
2026-08-07 19:35:21,front-door,CLOSE
2026-08-07 19:35:24,bathroom-motion,ON
2026-08-07 19:35:27,bathroom-motion,ON
2026-08-07 19:35:30,front-door,OPEN
2026-08-07 19:35:33,bathroom-motion,ON
2026-08-07 19:35:36,bathroom-motion,ON
2026-08-07 19:35:39,bed-mat,EMPTY
2026-08-07 19:35:42,living-motion,ON
2026-08-07 19:35:45,fridge-door,OPEN
2026-08-07 19:35:48,living-temp,19.4
2026-08-07 19:35:51,living-motion,ON
2026-08-07 19:35:54,bedroom-motion,ON
2026-08-07 19:35:57,living-motion,ON
2026-08-07 19:36:00,bedroom-motion,ON
2026-08-07 19:36:03,living-motion,ON
2026-08-07 19:36:06,front-door,CLOSE
2026-08-07 19:36:09,living-temp,18.6
2026-08-07 19:36:12,bedroom-motion,ON
2026-08-07 19:36:15,bathroom-motion,ON
2026-08-07 19:36:18,bathroom-motion,ON
2026-08-07 19:36:21,bedroom-motion,ON
2026-08-07 19:36:24,bathroom-motion,ON
2026-08-07 19:36:27,fridge-door,CLOSE
2026-08-07 19:36:30,living-temp,19.1
2026-08-07 19:36:33,fridge-door,OPEN
2026-08-07 19:36:36,kitchen-motion,ON
2026-08-07 19:36:39,fridge-door,CLOSE
2026-08-07 19:36:42,fridge-door,OPEN
2026-08-07 19:36:45,living-temp,18.7
2026-08-07 19:36:48,bathroom-motion,ON
2026-08-07 19:36:51,living-motion,ON
2026-08-07 19:36:54,bathroom-motion,ON
2026-08-07 19:36:57,front-door,CLOSE
2026-08-07 19:37:00,bathroom-motion,ON
2026-08-07 19:37:03,fridge-door,OPEN
2026-08-07 19:37:06,bed-mat,OCCUPIED
2026-08-07 19:37:09,fridge-door,CLOSE
2026-08-07 19:37:12,bathroom-motion,ON
2026-08-07 19:37:15,bathroom-motion,ON
2026-08-07 19:37:18,kitchen-motion,ON
2026-08-07 19:37:21,bed-mat,OCCUPIED
2026-08-07 19:37:24,fridge-door,CLOSE
2026-08-07 19:37:27,living-temp,21.0
2026-08-07 19:37:30,bathroom-motion,ON
2026-08-07 19:37:33,front-door,OPEN
2026-08-07 19:37:36,front-door,OPEN
2026-08-07 19:37:39,bed-mat,OCCUPIED
2026-08-07 19:37:42,kitchen-motion,ON
2026-08-07 19:37:45,bathroom-motion,ON
2026-08-07 19:37:48,front-door,CLOSE
2026-08-07 19:37:51,living-temp,19.2
2026-08-07 19:37:54,living-temp,20.9
2026-08-07 19:37:57,fridge-door,CLOSE
2026-08-07 19:38:00,front-door,CLOSE
2026-08-07 19:38:03,bedroom-motion,ON
2026-08-07 19:38:06,living-motion,ON
2026-08-07 19:38:09,living-temp,20.2
2026-08-07 19:38:12,front-door,OPEN
2026-08-07 19:38:15,fridge-door,OPEN
2026-08-07 19:38:18,front-door,OPEN
2026-08-07 19:38:21,front-door,OPEN
2026-08-07 19:38:24,bed-mat,EMPTY
2026-08-07 19:38:27,front-door,OPEN
2026-08-07 19:38:30,bedroom-motion,ON
2026-08-07 19:38:33,front-door,CLOSE
2026-08-07 19:38:36,kitchen-motion,ON
2026-08-07 19:38:39,bedroom-motion,ON
2026-08-07 19:38:42,bed-mat,EMPTY
2026-08-07 19:38:45,bed-mat,EMPTY
2026-08-07 19:38:48,kitchen-motion,ON
2026-08-07 19:38:51,kitchen-motion,ON
2026-08-07 19:38:54,living-temp,21.4
2026-08-07 19:38:57,front-door,OPEN
2026-08-07 19:39:00,kitchen-motion,ON
2026-08-07 19:39:03,bed-mat,OCCUPIED
2026-08-07 19:39:06,bathroom-motion,ON
2026-08-07 19:39:09,front-door,CLOSE
2026-08-07 19:39:12,front-door,OPEN
2026-08-07 19:39:15,fridge-door,OPEN
2026-08-07 19:39:18,living-temp,21.1
2026-08-07 19:39:21,living-temp,19.2
2026-08-07 19:39:24,kitchen-motion,ON
2026-08-07 19:39:27,fridge-door,CLOSE
2026-08-07 19:39:30,kitchen-motion,ON
2026-08-07 19:39:33,living-motion,ON
2026-08-07 19:39:36,bed-mat,EMPTY
2026-08-07 19:39:39,front-door,OPEN
2026-08-07 19:39:42,bathroom-motion,ON
2026-08-07 19:39:45,bedroom-motion,ON
2026-08-07 19:39:48,bed-mat,OCCUPIED
2026-08-07 19:39:51,living-motion,ON
2026-08-07 19:39:54,bed-mat,EMPTY
2026-08-07 19:39:57,bathroom-motion,ON
2026-08-07 19:40:00,bedroom-motion,ON
2026-08-07 19:40:03,living-temp,20.4
2026-08-07 19:40:06,living-motion,ON
2026-08-07 19:40:09,fridge-door,CLOSE
2026-08-07 19:40:12,front-door,OPEN
2026-08-07 19:40:15,living-motion,ON
2026-08-07 19:40:18,bed-mat,OCCUPIED
2026-08-07 19:40:21,kitchen-motion,ON
2026-08-07 19:40:24,living-motion,ON
2026-08-07 19:40:27,bed-mat,OCCUPIED
2026-08-07 19:40:30,living-temp,19.2
2026-08-07 19:40:33,bedroom-motion,ON
2026-08-07 19:40:36,kitchen-motion,ON
2026-08-07 19:40:39,living-temp,19.5
2026-08-07 19:40:42,bathroom-motion,ON
2026-08-07 19:40:45,bathroom-motion,ON
2026-08-07 19:40:48,front-door,CLOSE
2026-08-07 19:40:51,fridge-door,OPEN
2026-08-07 19:40:54,bed-mat,OCCUPIED
2026-08-07 19:40:57,kitchen-motion,ON
2026-08-07 19:41:00,bed-mat,EMPTY
2026-08-07 19:41:03,bedroom-motion,ON
2026-08-07 19:41:06,bed-mat,EMPTY
2026-08-07 19:41:09,bed-mat,EMPTY
2026-08-07 19:41:12,bathroom-motion,ON
2026-08-07 19:41:15,front-door,CLOSE
2026-08-07 19:41:18,fridge-door,OPEN
2026-08-07 19:41:21,kitchen-motion,ON
2026-08-07 19:41:24,bed-mat,EMPTY
2026-08-07 19:41:27,living-temp,21.0
2026-08-07 19:41:30,bathroom-motion,ON
2026-08-07 19:41:33,front-door,CLOSE
2026-08-07 19:41:36,front-door,CLOSE
2026-08-07 19:41:39,front-door,OPEN
2026-08-07 19:41:42,bedroom-motion,ON
2026-08-07 19:41:45,bedroom-motion,ON
2026-08-07 19:41:48,bed-mat,OCCUPIED
2026-08-07 19:41:51,bathroom-motion,ON
2026-08-07 19:41:54,fridge-door,CLOSE
2026-08-07 19:41:57,bedroom-motion,ON
2026-08-07 19:42:00,living-motion,ON
2026-08-07 19:42:03,fridge-door,OPEN
2026-08-07 19:42:06,bathroom-motion,ON
2026-08-07 19:42:09,front-door,CLOSE
2026-08-07 19:42:12,living-temp,20.5
2026-08-07 19:42:15,living-motion,ON
2026-08-07 19:42:18,bedroom-motion,ON
2026-08-07 19:42:21,living-motion,ON
2026-08-07 19:42:24,fridge-door,OPEN
2026-08-07 19:42:27,living-motion,ON
2026-08-07 19:42:30,living-temp,21.3
2026-08-07 19:42:33,front-door,OPEN
2026-08-07 19:42:36,bed-mat,EMPTY
2026-08-07 19:42:39,kitchen-motion,ON
2026-08-07 19:42:42,bathroom-motion,ON
2026-08-07 19:42:45,living-temp,18.6
2026-08-07 19:42:48,living-motion,ON
2026-08-07 19:42:51,bathroom-motion,ON
2026-08-07 19:42:54,kitchen-motion,ON
2026-08-07 19:42:57,bedroom-motion,ON
2026-08-07 19:43:00,kitchen-motion,ON
2026-08-07 19:43:03,bedroom-motion,ON
2026-08-07 19:43:06,living-motion,ON
2026-08-07 19:43:09,bathroom-motion,ON
2026-08-07 19:43:12,bedroom-motion,ON
2026-08-07 19:43:15,front-door,CLOSE
2026-08-07 19:43:18,living-temp,20.1
2026-08-07 19:43:21,living-temp,20.9
2026-08-07 19:43:24,fridge-door,CLOSE
2026-08-07 19:43:27,bed-mat,OCCUPIED
2026-08-07 19:43:30,bathroom-motion,ON
2026-08-07 19:43:33,living-motion,ON
2026-08-07 19:43:36,living-motion,ON
2026-08-07 19:43:39,front-door,OPEN
2026-08-07 19:43:42,bathroom-motion,ON
2026-08-07 19:43:45,bed-mat,EMPTY
2026-08-07 19:43:48,bathroom-motion,ON
2026-08-07 19:43:51,kitchen-motion,ON
2026-08-07 19:43:54,bedroom-motion,ON
2026-08-07 19:43:57,kitchen-motion,ON
2026-08-07 19:44:00,living-motion,ON
2026-08-07 19:44:03,kitchen-motion,ON
2026-08-07 19:44:07,living-motion,ON
2026-08-07 19:44:10,bedroom-motion,ON
2026-08-07 19:44:13,front-door,OPEN
2026-08-07 19:44:16,living-motion,ON
2026-08-07 19:44:19,bathroom-motion,ON
2026-08-07 19:44:22,living-temp,18.9
2026-08-07 19:44:25,living-temp,18.5
2026-08-07 19:44:28,living-motion,ON
2026-08-07 19:44:31,front-door,OPEN
2026-08-07 19:44:34,kitchen-motion,ON
2026-08-07 19:44:37,bed-mat,OCCUPIED
2026-08-07 19:44:40,living-motion,ON
2026-08-07 19:44:43,fridge-door,OPEN
2026-08-07 19:44:46,kitchen-motion,ON
2026-08-07 19:44:49,front-door,OPEN
2026-08-07 19:44:52,bed-mat,OCCUPIED
2026-08-07 19:44:55,kitchen-motion,ON
2026-08-07 19:44:58,bed-mat,OCCUPIED
2026-08-07 19:45:01,fridge-door,OPEN
2026-08-07 19:45:04,bathroom-motion,ON
2026-08-07 19:45:07,front-door,CLOSE
2026-08-07 19:49:46,fridge-door,OPEN
2026-08-07 19:49:49,kitchen-motion,ON
2026-08-07 19:49:52,living-temp,20.8
2026-08-07 19:59:35,bedroom-motion,ON
2026-08-07 19:59:38,bed-mat,EMPTY
2026-08-07 19:59:41,fridge-door,OPEN
2026-08-07 19:59:44,bedroom-motion,ON
2026-08-07 19:59:47,bathroom-motion,ON
2026-08-07 19:59:50,bedroom-motion,ON
2026-08-07 19:59:53,living-motion,ON
2026-08-07 19:59:56,living-motion,ON
2026-08-07 19:59:59,front-door,CLOSE
2026-08-07 20:00:02,front-door,CLOSE
2026-08-07 20:00:05,living-temp,19.8
2026-08-07 20:00:08,bedroom-motion,ON
2026-08-07 20:00:11,bathroom-motion,ON
2026-08-07 20:00:14,living-temp,21.0
2026-08-07 20:00:17,fridge-door,CLOSE
2026-08-07 20:00:20,bathroom-motion,ON
2026-08-07 20:00:23,fridge-door,OPEN
2026-08-07 20:00:26,living-motion,ON
2026-08-07 20:00:29,fridge-door,CLOSE
2026-08-07 20:00:32,kitchen-motion,ON
2026-08-07 20:00:35,living-temp,21.3
2026-08-07 20:00:38,living-motion,ON
2026-08-07 20:00:41,living-temp,19.6
2026-08-07 20:00:44,front-door,OPEN
2026-08-07 20:00:47,kitchen-motion,ON
2026-08-07 20:00:50,living-temp,20.9
2026-08-07 20:00:53,living-motion,ON
2026-08-07 20:00:56,fridge-door,OPEN
2026-08-07 20:00:59,living-temp,19.6
2026-08-07 20:01:02,front-door,OPEN
2026-08-07 20:01:05,living-temp,19.7
2026-08-07 20:01:08,bed-mat,OCCUPIED
2026-08-07 20:01:11,fridge-door,OPEN
2026-08-07 20:01:14,fridge-door,OPEN
2026-08-07 20:01:17,living-temp,19.6
2026-08-07 20:01:20,front-door,CLOSE
2026-08-07 20:01:23,living-motion,ON
2026-08-07 20:01:26,living-temp,21.1
2026-08-07 20:01:29,bedroom-motion,ON
2026-08-07 20:01:32,bed-mat,OCCUPIED
2026-08-07 20:01:35,bedroom-motion,ON
2026-08-07 20:01:38,bathroom-motion,ON
2026-08-07 20:01:41,bathroom-motion,ON
2026-08-07 20:01:44,kitchen-motion,ON
2026-08-07 20:01:47,bedroom-motion,ON
2026-08-07 20:01:50,living-motion,ON
2026-08-07 20:01:53,living-temp,20.4
2026-08-07 20:01:56,bathroom-motion,ON
2026-08-07 20:01:59,living-temp,19.5
2026-08-07 20:02:02,bedroom-motion,ON
2026-08-07 20:02:05,bedroom-motion,ON
2026-08-07 20:02:08,kitchen-motion,ON
2026-08-07 20:02:11,bed-mat,OCCUPIED
2026-08-07 20:02:14,bedroom-motion,ON
2026-08-07 20:02:17,living-motion,ON
2026-08-07 20:02:20,bathroom-motion,ON
2026-08-07 20:02:23,bathroom-motion,ON
2026-08-07 20:02:26,kitchen-motion,ON
2026-08-07 20:02:29,bathroom-motion,ON
2026-08-07 20:02:32,living-motion,ON
2026-08-07 20:02:35,bedroom-motion,ON
2026-08-07 20:02:38,bed-mat,EMPTY
2026-08-07 20:02:41,front-door,CLOSE
2026-08-07 20:02:44,fridge-door,CLOSE
2026-08-07 20:02:47,living-temp,19.1
2026-08-07 20:02:50,living-motion,ON
2026-08-07 20:02:53,living-motion,ON
2026-08-07 20:02:56,bedroom-motion,ON
2026-08-07 20:02:59,bedroom-motion,ON
2026-08-07 20:03:02,fridge-door,CLOSE
2026-08-07 20:03:05,front-door,CLOSE
2026-08-07 20:03:08,fridge-door,CLOSE
2026-08-07 20:03:11,kitchen-motion,ON
2026-08-07 20:03:14,bed-mat,EMPTY
2026-08-07 20:03:17,fridge-door,CLOSE
2026-08-07 20:03:20,living-temp,21.0
2026-08-07 20:03:23,kitchen-motion,ON
2026-08-07 20:03:26,bathroom-motion,ON
2026-08-07 20:03:29,front-door,CLOSE
2026-08-07 20:03:32,front-door,OPEN
2026-08-07 20:03:35,front-door,OPEN
2026-08-07 20:03:38,kitchen-motion,ON
2026-08-07 20:03:41,living-temp,19.2
2026-08-07 20:03:44,front-door,OPEN
2026-08-07 20:03:47,front-door,OPEN
2026-08-07 20:03:50,living-motion,ON
2026-08-07 20:03:53,kitchen-motion,ON
2026-08-07 20:03:56,bathroom-motion,ON
2026-08-07 20:03:59,kitchen-motion,ON
2026-08-07 20:04:02,bedroom-motion,ON
2026-08-07 20:04:05,living-temp,19.9
2026-08-07 20:04:08,front-door,CLOSE
2026-08-07 20:04:11,bedroom-motion,ON
2026-08-07 20:04:14,fridge-door,CLOSE
2026-08-07 20:04:17,living-motion,ON
2026-08-07 20:04:20,front-door,CLOSE
2026-08-07 20:04:23,kitchen-motion,ON
2026-08-07 20:04:26,kitchen-motion,ON
2026-08-07 20:04:29,fridge-door,CLOSE
2026-08-07 20:04:32,kitchen-motion,ON
2026-08-07 20:04:35,bathroom-motion,ON
2026-08-07 20:04:38,fridge-door,OPEN
2026-08-07 20:04:41,bed-mat,OCCUPIED
2026-08-07 20:04:44,bed-mat,EMPTY
2026-08-07 20:04:47,front-door,OPEN
2026-08-07 20:04:50,bed-mat,EMPTY
2026-08-07 20:04:53,kitchen-motion,ON
2026-08-07 20:04:56,living-motion,ON
2026-08-07 20:04:59,living-temp,19.9
2026-08-07 20:05:02,bedroom-motion,ON
2026-08-07 20:05:05,living-motion,ON
2026-08-07 20:05:08,bathroom-motion,ON
2026-08-07 20:05:11,bed-mat,OCCUPIED
2026-08-07 20:05:14,living-temp,18.8
2026-08-07 20:05:17,kitchen-motion,ON
2026-08-07 20:05:20,fridge-door,OPEN
2026-08-07 20:05:23,bed-mat,EMPTY
2026-08-07 20:05:26,bathroom-motion,ON
2026-08-07 20:05:29,bathroom-motion,ON
2026-08-07 20:05:32,fridge-door,OPEN
2026-08-07 20:05:35,front-door,CLOSE
2026-08-07 20:05:38,kitchen-motion,ON
2026-08-07 20:05:41,living-temp,20.9
2026-08-07 20:05:44,front-door,CLOSE
2026-08-07 20:05:47,living-motion,ON
2026-08-07 20:05:50,front-door,CLOSE
2026-08-07 20:05:53,bed-mat,OCCUPIED
2026-08-07 20:05:56,living-motion,ON
2026-08-07 20:05:59,fridge-door,OPEN
2026-08-07 20:06:02,bathroom-motion,ON
2026-08-07 20:06:05,fridge-door,CLOSE
2026-08-07 20:06:08,bathroom-motion,ON
2026-08-07 20:06:11,front-door,CLOSE
2026-08-07 20:06:14,bed-mat,OCCUPIED
2026-08-07 20:06:17,fridge-door,CLOSE
2026-08-07 20:06:20,fridge-door,OPEN
2026-08-07 20:06:23,bathroom-motion,ON
2026-08-07 20:06:26,bathroom-motion,ON
2026-08-07 20:06:29,bathroom-motion,ON
2026-08-07 20:06:32,bathroom-motion,ON
2026-08-07 20:06:35,bedroom-motion,ON
2026-08-07 20:06:38,bathroom-motion,ON
2026-08-07 20:06:41,bedroom-motion,ON
2026-08-07 20:06:44,bed-mat,OCCUPIED
2026-08-07 20:06:47,fridge-door,CLOSE
2026-08-07 20:06:50,front-door,OPEN
2026-08-07 20:06:53,living-temp,19.4
2026-08-07 20:06:56,front-door,OPEN
2026-08-07 20:06:59,bed-mat,EMPTY
2026-08-07 20:07:02,bedroom-motion,ON
2026-08-07 20:07:05,kitchen-motion,ON
2026-08-07 20:07:08,bathroom-motion,ON
2026-08-07 20:07:11,living-motion,ON
2026-08-07 20:07:14,bedroom-motion,ON
2026-08-07 20:07:17,kitchen-motion,ON
2026-08-07 20:07:20,front-door,CLOSE
2026-08-07 20:07:23,bathroom-motion,ON
2026-08-07 20:07:26,fridge-door,CLOSE
2026-08-07 20:07:29,bedroom-motion,ON
2026-08-07 20:07:32,living-temp,19.0
2026-08-07 20:07:35,living-temp,20.4
2026-08-07 20:07:38,kitchen-motion,ON
2026-08-07 20:07:41,front-door,CLOSE
2026-08-07 20:07:44,bedroom-motion,ON
2026-08-07 20:07:47,kitchen-motion,ON
2026-08-07 20:07:50,living-temp,19.8
2026-08-07 20:07:53,bed-mat,EMPTY
2026-08-07 20:07:56,bathroom-motion,ON
2026-08-07 20:07:59,front-door,OPEN
2026-08-07 20:08:02,living-temp,21.0
2026-08-07 20:08:05,bathroom-motion,ON
2026-08-07 20:08:08,kitchen-motion,ON
2026-08-07 20:08:12,bathroom-motion,ON
2026-08-07 20:08:15,front-door,OPEN
2026-08-07 20:08:18,front-door,OPEN
2026-08-07 20:08:21,living-motion,ON
2026-08-07 20:08:24,bathroom-motion,ON
2026-08-07 20:08:27,living-motion,ON
2026-08-07 20:08:30,front-door,OPEN
2026-08-07 20:08:33,bedroom-motion,ON
2026-08-07 20:08:36,bedroom-motion,ON
2026-08-07 20:08:39,kitchen-motion,ON
2026-08-07 20:08:42,fridge-door,CLOSE
2026-08-07 20:08:45,living-motion,ON
2026-08-07 20:08:48,living-temp,18.6
2026-08-07 20:08:51,bathroom-motion,ON
2026-08-07 20:08:54,bed-mat,EMPTY
2026-08-07 20:08:57,fridge-door,OPEN
2026-08-07 20:09:00,kitchen-motion,ON
2026-08-07 20:09:03,bed-mat,EMPTY
2026-08-07 20:09:06,bathroom-motion,ON
2026-08-07 20:09:09,bedroom-motion,ON
2026-08-07 20:09:12,bathroom-motion,ON
2026-08-07 20:09:15,living-motion,ON
2026-08-07 20:09:18,living-motion,ON
2026-08-07 20:09:21,living-temp,19.7
2026-08-07 20:09:24,bathroom-motion,ON
2026-08-07 20:09:27,front-door,OPEN
2026-08-07 20:09:30,bed-mat,OCCUPIED
2026-08-07 20:09:33,kitchen-motion,ON
2026-08-07 20:09:36,bed-mat,OCCUPIED
2026-08-07 20:09:39,front-door,CLOSE
2026-08-07 20:09:42,kitchen-motion,ON
2026-08-07 20:09:45,fridge-door,CLOSE
2026-08-07 20:09:48,kitchen-motion,ON
2026-08-07 20:09:51,bed-mat,OCCUPIED
2026-08-07 20:09:54,living-motion,ON
2026-08-07 20:09:57,living-temp,19.7
2026-08-07 20:10:00,living-motion,ON
2026-08-07 20:10:03,front-door,CLOSE
2026-08-07 20:10:06,kitchen-motion,ON
2026-08-07 20:10:09,bedroom-motion,ON
2026-08-07 20:10:12,living-motion,ON
2026-08-07 20:10:15,bed-mat,OCCUPIED
2026-08-07 20:10:18,living-motion,ON
2026-08-07 20:10:21,living-temp,19.1
2026-08-07 20:10:24,front-door,CLOSE
2026-08-07 20:10:27,fridge-door,CLOSE
2026-08-07 20:10:30,bed-mat,OCCUPIED
2026-08-07 20:10:33,front-door,OPEN
2026-08-07 20:10:36,bedroom-motion,ON
2026-08-07 20:10:39,living-motion,ON
2026-08-07 20:10:42,bathroom-motion,ON
2026-08-07 20:10:45,front-door,CLOSE
2026-08-07 20:10:48,kitchen-motion,ON
2026-08-07 20:10:51,kitchen-motion,ON
2026-08-07 20:10:54,living-temp,19.8
2026-08-07 20:10:57,bed-mat,EMPTY
2026-08-07 20:11:00,living-motion,ON
2026-08-07 20:11:03,kitchen-motion,ON
2026-08-07 20:11:06,front-door,OPEN
2026-08-07 20:11:09,kitchen-motion,ON
2026-08-07 20:11:12,front-door,OPEN
2026-08-07 20:11:15,bed-mat,EMPTY
2026-08-07 20:11:18,front-door,CLOSE
2026-08-07 20:11:21,living-temp,18.9
2026-08-07 20:11:24,bedroom-motion,ON
2026-08-07 20:11:27,living-temp,19.3
2026-08-07 20:11:30,living-temp,19.1
2026-08-07 20:11:33,front-door,CLOSE
2026-08-07 20:11:36,kitchen-motion,ON
2026-08-07 20:11:39,front-door,CLOSE
2026-08-07 20:11:42,bathroom-motion,ON
2026-08-07 20:11:45,fridge-door,OPEN
2026-08-07 20:11:48,bathroom-motion,ON
2026-08-07 20:11:51,bed-mat,EMPTY
2026-08-07 20:11:54,living-temp,20.6
2026-08-07 20:11:57,bathroom-motion,ON
2026-08-07 20:12:00,living-motion,ON
2026-08-07 20:12:03,fridge-door,CLOSE
2026-08-07 20:12:06,bed-mat,OCCUPIED
2026-08-07 20:12:09,bed-mat,OCCUPIED
2026-08-07 20:12:12,bedroom-motion,ON
2026-08-07 20:12:15,bathroom-motion,ON
2026-08-07 20:12:18,bed-mat,OCCUPIED
2026-08-07 20:12:21,kitchen-motion,ON
2026-08-07 20:12:24,bed-mat,EMPTY
2026-08-07 20:12:27,fridge-door,OPEN
2026-08-07 20:12:30,living-motion,ON
2026-08-07 20:12:33,kitchen-motion,ON
2026-08-07 20:12:36,bed-mat,EMPTY
2026-08-07 20:12:39,living-temp,21.3
2026-08-07 20:12:42,bed-mat,OCCUPIED
2026-08-07 20:12:45,living-motion,ON
2026-08-07 20:12:48,living-motion,ON
2026-08-07 20:12:51,living-motion,ON
2026-08-07 20:12:54,bathroom-motion,ON
2026-08-07 20:12:57,kitchen-motion,ON
2026-08-07 20:13:00,living-temp,20.7
2026-08-07 20:13:03,bathroom-motion,ON
2026-08-07 20:13:06,front-door,OPEN
2026-08-07 20:13:09,living-motion,ON
2026-08-07 20:13:12,fridge-door,CLOSE
2026-08-07 20:13:15,fridge-door,OPEN
2026-08-07 20:13:18,living-motion,ON
2026-08-07 20:13:21,kitchen-motion,ON
2026-08-07 20:13:24,living-motion,ON
2026-08-07 20:13:27,bathroom-motion,ON
2026-08-07 20:13:30,bedroom-motion,ON
2026-08-07 20:13:33,kitchen-motion,ON
2026-08-07 20:13:36,living-motion,ON
2026-08-07 20:13:39,bedroom-motion,ON
2026-08-07 20:13:42,living-temp,21.3
2026-08-07 20:13:45,bed-mat,OCCUPIED
2026-08-07 20:13:48,fridge-door,OPEN
2026-08-07 20:13:51,bathroom-motion,ON
2026-08-07 20:16:38,bedroom-motion,ON
2026-08-07 20:16:41,kitchen-motion,ON
2026-08-07 20:16:44,kitchen-motion,ON
2026-08-07 20:16:47,living-temp,18.9
2026-08-07 20:16:50,kitchen-motion,ON
2026-08-07 20:16:53,kitchen-motion,ON
2026-08-07 20:16:56,bathroom-motion,ON
2026-08-07 20:16:59,fridge-door,CLOSE
2026-08-07 20:17:02,bathroom-motion,ON
2026-08-07 20:17:16,front-door,OPEN
2026-08-07 20:17:19,living-temp,19.6
2026-08-07 20:17:22,living-motion,ON
2026-08-07 20:33:31,front-door,CLOSE
2026-08-07 20:33:34,bed-mat,OCCUPIED
2026-08-07 20:38:56,fridge-door,OPEN
2026-08-07 20:38:59,bed-mat,OCCUPIED
2026-08-07 20:39:02,living-temp,18.9
2026-08-07 20:39:05,bathroom-motion,ON
2026-08-07 20:39:08,front-door,CLOSE
2026-08-07 20:39:11,living-motion,ON
2026-08-07 20:39:14,bedroom-motion,ON
2026-08-07 20:39:17,front-door,OPEN
2026-08-07 20:39:20,living-motion,ON
2026-08-07 20:39:23,living-temp,19.1
2026-08-07 20:39:37,kitchen-motion,ON
2026-08-07 20:39:40,bathroom-motion,ON
2026-08-07 20:40:09,bedroom-motion,ON
2026-08-07 20:40:12,bathroom-motion,ON
2026-08-07 20:40:15,kitchen-motion,ON
2026-08-07 20:40:18,kitchen-motion,ON
2026-08-07 20:40:21,kitchen-motion,ON
2026-08-07 20:40:24,front-door,CLOSE
2026-08-07 20:40:27,living-temp,21.1
2026-08-07 20:40:30,bedroom-motion,ON
2026-08-07 20:40:33,living-temp,21.1
2026-08-07 20:40:36,fridge-door,OPEN
2026-08-07 20:40:39,bedroom-motion,ON
2026-08-07 20:40:45,living-temp,20.4
2026-08-07 20:40:48,bed-mat,OCCUPIED
2026-08-07 20:40:51,kitchen-motion,ON
2026-08-07 20:42:37,bed-mat,EMPTY
2026-08-07 20:42:40,kitchen-motion,ON
2026-08-07 20:42:43,bedroom-motion,ON
2026-08-07 20:42:46,living-temp,20.6
2026-08-07 20:42:49,front-door,CLOSE
2026-08-07 20:42:52,bed-mat,OCCUPIED
2026-08-07 20:42:55,bedroom-motion,ON
2026-08-07 20:42:58,bed-mat,OCCUPIED
2026-08-07 20:43:01,fridge-door,CLOSE
2026-08-07 20:43:04,bedroom-motion,ON
2026-08-07 20:43:07,bed-mat,EMPTY
2026-08-07 20:43:10,living-motion,ON
2026-08-07 20:43:13,living-motion,ON
2026-08-07 20:43:16,bathroom-motion,ON
2026-08-07 20:43:19,bed-mat,OCCUPIED
2026-08-07 20:43:22,fridge-door,CLOSE
2026-08-07 20:43:27,living-temp,20.8
2026-08-07 20:43:30,living-motion,ON
2026-08-07 20:43:35,kitchen-motion,ON
2026-08-07 20:43:38,fridge-door,OPEN
2026-08-07 20:43:41,bathroom-motion,ON
2026-08-07 20:43:49,bathroom-motion,ON
2026-08-07 20:43:52,living-motion,ON
2026-08-07 20:44:24,living-motion,ON
2026-08-07 20:44:27,living-temp,19.7
2026-08-07 20:44:30,bedroom-motion,ON
2026-08-07 20:44:40,bedroom-motion,ON
2026-08-07 20:44:43,living-motion,ON
2026-08-07 20:44:49,bed-mat,EMPTY
2026-08-07 20:44:52,bathroom-motion,ON
2026-08-07 20:44:55,kitchen-motion,ON
2026-08-07 20:44:58,living-motion,ON
2026-08-07 20:45:01,living-motion,ON
2026-08-07 20:45:07,bedroom-motion,ON
2026-08-07 20:45:10,bedroom-motion,ON
2026-08-07 20:45:13,bed-mat,OCCUPIED
2026-08-07 20:45:16,bathroom-motion,ON
2026-08-07 20:45:20,front-door,CLOSE
2026-08-07 20:45:23,front-door,CLOSE
2026-08-07 20:45:26,fridge-door,CLOSE
2026-08-07 20:45:33,bathroom-motion,ON
2026-08-07 20:45:36,kitchen-motion,ON
2026-08-07 20:45:39,bedroom-motion,ON
2026-08-07 20:46:35,fridge-door,CLOSE
2026-08-07 20:46:38,bedroom-motion,ON
2026-08-07 20:46:41,bed-mat,OCCUPIED
2026-08-07 20:46:44,living-temp,18.9
2026-08-07 20:48:56,bedroom-motion,ON
2026-08-07 20:48:59,front-door,CLOSE
2026-08-07 20:49:02,bed-mat,EMPTY
2026-08-07 20:49:05,living-temp,19.0
2026-08-07 20:50:12,bedroom-motion,ON
2026-08-07 20:50:15,bedroom-motion,ON
2026-08-07 20:50:18,kitchen-motion,ON
2026-08-07 20:50:31,bed-mat,EMPTY
2026-08-07 20:50:34,living-motion,ON
2026-08-07 20:50:37,bedroom-motion,ON
2026-08-07 20:50:42,bed-mat,EMPTY
2026-08-07 20:50:45,living-motion,ON
2026-08-07 20:50:52,kitchen-motion,ON
2026-08-07 20:50:55,bed-mat,EMPTY
2026-08-07 20:51:15,bed-mat,OCCUPIED
2026-08-07 20:51:18,bedroom-motion,ON
2026-08-07 20:51:21,front-door,CLOSE
2026-08-07 20:51:48,bed-mat,OCCUPIED
2026-08-07 20:51:51,front-door,OPEN
2026-08-07 20:52:18,bathroom-motion,ON
2026-08-07 20:52:21,bathroom-motion,ON
2026-08-07 20:52:24,bedroom-motion,ON
2026-08-07 20:52:49,bedroom-motion,ON
2026-08-07 20:52:52,bathroom-motion,ON
2026-08-07 20:52:55,living-temp,19.8
2026-08-07 20:53:01,front-door,OPEN
2026-08-07 20:53:04,living-temp,20.2
2026-08-07 20:53:21,front-door,OPEN
2026-08-07 20:53:24,bedroom-motion,ON
2026-08-07 20:53:30,living-temp,20.6
2026-08-07 20:53:33,bed-mat,EMPTY
2026-08-07 20:53:36,living-motion,ON
2026-08-07 20:53:53,kitchen-motion,ON
2026-08-07 20:53:56,fridge-door,OPEN
2026-08-07 20:54:01,bed-mat,EMPTY
2026-08-07 20:54:04,fridge-door,CLOSE
2026-08-07 20:54:07,bed-mat,OCCUPIED
2026-08-07 20:54:15,front-door,OPEN
2026-08-07 20:54:18,bed-mat,OCCUPIED
2026-08-07 20:54:21,living-temp,19.1
2026-08-07 20:54:24,fridge-door,CLOSE
2026-08-07 20:54:27,kitchen-motion,ON
2026-08-07 20:54:54,bedroom-motion,ON
2026-08-07 20:54:57,bedroom-motion,ON
2026-08-07 20:55:00,living-motion,ON
2026-08-07 20:55:04,bedroom-motion,ON
2026-08-07 20:55:07,living-temp,20.6
2026-08-07 20:55:10,bed-mat,EMPTY
2026-08-07 20:55:13,bed-mat,OCCUPIED
2026-08-07 20:55:16,kitchen-motion,ON
2026-08-07 20:55:19,bathroom-motion,ON
2026-08-07 20:55:22,living-motion,ON
2026-08-07 20:55:26,living-temp,21.0
2026-08-07 20:55:29,fridge-door,OPEN
2026-08-07 20:55:32,bathroom-motion,ON
2026-08-07 20:55:35,bedroom-motion,ON
2026-08-07 20:55:38,bed-mat,OCCUPIED
2026-08-07 20:55:59,bed-mat,EMPTY
2026-08-07 20:56:02,kitchen-motion,ON
2026-08-07 20:56:05,fridge-door,CLOSE
2026-08-07 20:56:08,bathroom-motion,ON
2026-08-07 20:56:11,living-temp,18.7
2026-08-07 20:56:14,bathroom-motion,ON
2026-08-07 20:56:17,fridge-door,CLOSE
2026-08-07 20:56:21,front-door,CLOSE
2026-08-07 20:56:24,bed-mat,EMPTY
2026-08-07 20:56:27,front-door,CLOSE
2026-08-07 20:56:30,bedroom-motion,ON
2026-08-07 20:56:33,fridge-door,OPEN
2026-08-07 20:56:36,bathroom-motion,ON
2026-08-07 20:56:39,living-motion,ON
2026-08-07 20:56:42,living-motion,ON
2026-08-07 20:56:45,bedroom-motion,ON
2026-08-07 20:56:49,fridge-door,OPEN
2026-08-07 20:56:52,bedroom-motion,ON
2026-08-07 20:57:10,bathroom-motion,ON
2026-08-07 20:57:13,bed-mat,EMPTY
2026-08-07 20:57:16,living-temp,19.8
2026-08-07 20:57:22,front-door,OPEN
2026-08-07 20:57:25,living-temp,20.2
2026-08-07 20:57:41,living-motion,ON
2026-08-07 20:57:44,kitchen-motion,ON
2026-08-07 20:57:51,fridge-door,CLOSE
2026-08-07 20:57:54,bed-mat,OCCUPIED
2026-08-07 20:57:57,front-door,OPEN
2026-08-07 20:58:04,fridge-door,OPEN
2026-08-07 20:58:07,front-door,OPEN
2026-08-07 20:58:12,kitchen-motion,ON
2026-08-07 20:58:15,living-motion,ON
2026-08-07 20:58:19,kitchen-motion,ON
2026-08-07 20:58:22,living-motion,ON
2026-08-07 20:58:25,bed-mat,EMPTY
2026-08-07 20:58:28,living-motion,ON
2026-08-07 20:58:31,kitchen-motion,ON
2026-08-07 20:59:11,bedroom-motion,ON
2026-08-07 20:59:14,bathroom-motion,ON
2026-08-07 20:59:17,bathroom-motion,ON
2026-08-07 20:59:20,bed-mat,EMPTY
2026-08-07 20:59:23,bed-mat,OCCUPIED
2026-08-07 20:59:26,bed-mat,OCCUPIED
2026-08-07 20:59:29,kitchen-motion,ON
2026-08-07 20:59:43,fridge-door,CLOSE
2026-08-07 20:59:46,living-temp,21.2
2026-08-07 20:59:49,front-door,CLOSE
2026-08-07 20:59:52,bedroom-motion,ON
2026-08-07 20:59:55,living-temp,18.6
2026-08-07 20:59:58,bedroom-motion,ON
2026-08-07 21:00:01,living-temp,21.4
2026-08-07 21:00:14,fridge-door,CLOSE
2026-08-07 21:00:17,fridge-door,CLOSE
2026-08-07 21:00:20,bedroom-motion,ON
2026-08-07 21:00:27,living-temp,20.1
2026-08-07 21:00:30,front-door,CLOSE
2026-08-07 21:00:35,bed-mat,OCCUPIED
2026-08-07 21:00:38,living-motion,ON
2026-08-07 21:00:47,front-door,OPEN
2026-08-07 21:00:50,living-temp,18.6
2026-08-07 21:00:53,fridge-door,OPEN
2026-08-07 21:01:02,living-temp,20.9
2026-08-07 21:01:05,bathroom-motion,ON
2026-08-07 21:01:12,bed-mat,EMPTY
2026-08-07 21:01:15,kitchen-motion,ON
2026-08-07 21:01:23,fridge-door,OPEN
2026-08-07 21:01:26,fridge-door,OPEN
2026-08-07 21:01:29,bed-mat,OCCUPIED
2026-08-07 21:01:32,living-temp,18.8
2026-08-07 21:01:35,kitchen-motion,ON
2026-08-07 21:01:41,bathroom-motion,ON
2026-08-07 21:01:44,kitchen-motion,ON
2026-08-07 21:02:03,front-door,CLOSE
2026-08-07 21:02:06,fridge-door,OPEN
2026-08-07 21:02:09,bathroom-motion,ON
2026-08-07 21:02:13,fridge-door,CLOSE
2026-08-07 21:02:16,bedroom-motion,ON
2026-08-07 21:02:28,bed-mat,EMPTY
2026-08-07 21:02:31,bed-mat,OCCUPIED
2026-08-07 21:03:03,living-motion,ON
2026-08-07 21:03:07,bathroom-motion,ON
2026-08-07 21:03:10,front-door,CLOSE
2026-08-07 21:03:13,kitchen-motion,ON
2026-08-07 21:03:16,bathroom-motion,ON
2026-08-07 21:03:21,bedroom-motion,ON
2026-08-07 21:03:24,front-door,OPEN
2026-08-07 21:03:27,kitchen-motion,ON
2026-08-07 21:03:38,fridge-door,OPEN
2026-08-07 21:03:41,living-temp,19.7
2026-08-07 21:03:48,living-temp,19.9
2026-08-07 21:03:51,kitchen-motion,ON
2026-08-07 21:04:15,front-door,CLOSE
2026-08-07 21:04:18,front-door,OPEN
2026-08-07 21:04:21,bed-mat,EMPTY
2026-08-07 21:04:25,front-door,OPEN
2026-08-07 21:04:28,fridge-door,CLOSE
2026-08-07 21:04:31,kitchen-motion,ON
2026-08-07 21:04:34,bathroom-motion,ON
2026-08-07 21:04:38,kitchen-motion,ON
2026-08-07 21:04:41,living-motion,ON
2026-08-07 21:04:44,bathroom-motion,ON
2026-08-07 21:04:47,bathroom-motion,ON
2026-08-07 21:04:50,bed-mat,EMPTY
2026-08-07 21:04:53,living-temp,19.5
2026-08-07 21:04:56,bedroom-motion,ON
2026-08-07 21:04:59,bathroom-motion,ON
2026-08-07 21:05:02,fridge-door,CLOSE
2026-08-07 21:05:05,living-motion,ON
2026-08-07 21:05:09,bed-mat,EMPTY
2026-08-07 21:05:12,bedroom-motion,ON
2026-08-07 21:05:16,bed-mat,EMPTY
2026-08-07 21:05:19,bedroom-motion,ON
2026-08-07 21:05:23,bed-mat,OCCUPIED
2026-08-07 21:05:26,fridge-door,OPEN
2026-08-07 21:05:29,front-door,CLOSE
2026-08-07 21:05:32,living-motion,ON
2026-08-07 21:05:35,living-temp,21.0
2026-08-07 21:05:39,fridge-door,CLOSE
2026-08-07 21:05:42,bedroom-motion,ON
2026-08-07 21:05:45,bedroom-motion,ON
2026-08-07 21:05:48,front-door,CLOSE
2026-08-07 21:05:51,fridge-door,OPEN
2026-08-07 21:05:59,living-motion,ON
2026-08-07 21:06:02,front-door,CLOSE
2026-08-07 21:06:33,living-motion,ON
2026-08-07 21:06:36,kitchen-motion,ON
2026-08-07 21:06:39,kitchen-motion,ON
2026-08-07 21:06:52,fridge-door,OPEN
2026-08-07 21:06:55,living-temp,19.5
2026-08-07 21:07:11,bedroom-motion,ON
2026-08-07 21:07:14,living-motion,ON
2026-08-07 21:08:35,bathroom-motion,ON
2026-08-07 21:08:38,living-motion,ON
2026-08-07 21:08:41,front-door,OPEN
2026-08-07 21:08:51,bed-mat,OCCUPIED
2026-08-07 21:08:54,bathroom-motion,ON
2026-08-07 21:09:11,bed-mat,EMPTY
2026-08-07 21:09:14,bedroom-motion,ON
2026-08-07 21:09:26,front-door,CLOSE
2026-08-07 21:09:29,bedroom-motion,ON
2026-08-07 21:09:32,front-door,OPEN
2026-08-07 21:09:41,living-temp,19.3
2026-08-07 21:09:44,fridge-door,CLOSE
2026-08-07 21:11:06,kitchen-motion,ON
2026-08-07 21:11:09,living-motion,ON
2026-08-07 21:11:27,living-motion,ON
2026-08-07 21:11:30,living-motion,ON
2026-08-07 21:11:33,fridge-door,OPEN
2026-08-07 21:11:51,front-door,CLOSE
2026-08-07 21:11:54,bathroom-motion,ON
2026-08-07 21:11:57,bedroom-motion,ON
2026-08-07 21:12:00,front-door,OPEN
2026-08-07 21:12:03,kitchen-motion,ON
2026-08-07 21:12:25,bed-mat,OCCUPIED
2026-08-07 21:12:28,bathroom-motion,ON
2026-08-07 21:12:46,bathroom-motion,ON
2026-08-07 21:12:49,living-temp,21.3
2026-08-07 21:13:09,front-door,CLOSE
2026-08-07 21:13:12,bedroom-motion,ON
2026-08-07 21:13:15,bathroom-motion,ON
2026-08-07 21:13:23,bedroom-motion,ON
2026-08-07 21:13:26,fridge-door,CLOSE
2026-08-07 21:13:40,bedroom-motion,ON
2026-08-07 21:13:43,bed-mat,OCCUPIED
2026-08-07 21:13:52,bedroom-motion,ON
2026-08-07 21:13:55,kitchen-motion,ON
2026-08-07 21:13:58,fridge-door,OPEN
2026-08-07 21:14:26,front-door,OPEN
2026-08-07 21:14:29,living-motion,ON
2026-08-07 21:14:35,bed-mat,EMPTY
2026-08-07 21:14:38,bathroom-motion,ON
2026-08-07 21:14:42,bedroom-motion,ON
2026-08-07 21:14:45,fridge-door,CLOSE
2026-08-07 21:14:48,kitchen-motion,ON
2026-08-07 21:14:56,bedroom-motion,ON
2026-08-07 21:14:59,fridge-door,OPEN
2026-08-07 21:15:06,kitchen-motion,ON
2026-08-07 21:15:09,living-motion,ON
2026-08-07 21:15:12,kitchen-motion,ON
2026-08-07 21:15:16,bedroom-motion,ON
2026-08-07 21:15:19,bedroom-motion,ON
2026-08-07 21:15:22,bedroom-motion,ON
2026-08-07 21:15:27,bedroom-motion,ON
2026-08-07 21:15:30,front-door,CLOSE
2026-08-07 21:15:33,kitchen-motion,ON
2026-08-07 21:15:46,kitchen-motion,ON
2026-08-07 21:15:49,living-motion,ON
2026-08-07 21:16:02,front-door,OPEN
2026-08-07 21:16:05,living-motion,ON
2026-08-07 21:16:18,bathroom-motion,ON
2026-08-07 21:16:21,living-temp,19.2
2026-08-07 21:16:24,bed-mat,EMPTY
2026-08-07 21:16:31,bedroom-motion,ON
2026-08-07 21:16:34,bathroom-motion,ON
2026-08-07 21:16:41,fridge-door,OPEN
2026-08-07 21:16:44,bed-mat,OCCUPIED
2026-08-07 21:16:47,fridge-door,CLOSE
2026-08-07 21:16:50,front-door,OPEN
2026-08-07 21:16:53,living-motion,ON
2026-08-07 21:16:57,fridge-door,OPEN
2026-08-07 21:17:00,bathroom-motion,ON
2026-08-07 21:17:03,living-motion,ON
2026-08-07 21:17:06,living-motion,ON
2026-08-07 21:17:09,living-motion,ON
2026-08-07 21:17:12,bed-mat,OCCUPIED
2026-08-07 21:17:15,living-temp,20.7
2026-08-07 21:17:19,living-temp,19.1
2026-08-07 21:17:22,bed-mat,EMPTY
2026-08-07 21:17:25,bedroom-motion,ON
2026-08-07 21:17:28,bedroom-motion,ON
2026-08-07 21:17:31,kitchen-motion,ON
2026-08-07 21:17:34,kitchen-motion,ON
2026-08-07 21:17:37,kitchen-motion,ON
2026-08-07 21:17:51,bedroom-motion,ON
2026-08-07 21:17:54,living-temp,21.1
2026-08-07 21:18:05,bedroom-motion,ON
2026-08-07 21:18:08,living-motion,ON
2026-08-07 21:18:11,bed-mat,OCCUPIED
2026-08-07 21:18:15,bed-mat,OCCUPIED
2026-08-07 21:18:18,bedroom-motion,ON
2026-08-07 21:18:22,living-motion,ON
2026-08-07 21:18:25,front-door,OPEN
2026-08-07 21:18:33,bathroom-motion,ON
2026-08-07 21:18:36,bathroom-motion,ON
2026-08-07 21:18:39,front-door,CLOSE
2026-08-07 21:18:43,living-temp,19.2
2026-08-07 21:18:46,bed-mat,OCCUPIED
2026-08-07 21:18:53,bed-mat,OCCUPIED
2026-08-07 21:18:56,kitchen-motion,ON
2026-08-07 21:19:40,living-temp,20.8
2026-08-07 21:19:44,kitchen-motion,ON
2026-08-07 21:19:47,living-temp,19.7
2026-08-07 21:20:24,kitchen-motion,ON
2026-08-07 21:20:27,bathroom-motion,ON
2026-08-07 21:20:32,bed-mat,OCCUPIED
2026-08-07 21:20:35,bathroom-motion,ON
2026-08-07 21:20:38,bed-mat,EMPTY
2026-08-07 21:20:41,fridge-door,OPEN
2026-08-07 21:20:44,kitchen-motion,ON
2026-08-07 21:20:48,fridge-door,OPEN
2026-08-07 21:20:51,bathroom-motion,ON
2026-08-07 21:20:54,living-motion,ON
2026-08-07 21:20:57,front-door,OPEN
2026-08-07 21:21:00,living-temp,21.0
2026-08-07 21:21:04,bedroom-motion,ON
2026-08-07 21:21:07,bed-mat,OCCUPIED
2026-08-07 21:21:18,kitchen-motion,ON
2026-08-07 21:21:21,living-temp,21.3
2026-08-07 21:21:24,bedroom-motion,ON
2026-08-07 21:21:27,fridge-door,CLOSE
2026-08-07 21:21:31,living-motion,ON
2026-08-07 21:21:34,living-temp,21.1
2026-08-07 21:21:38,front-door,CLOSE
2026-08-07 21:21:42,bathroom-motion,ON
2026-08-07 21:21:45,kitchen-motion,ON
2026-08-07 21:21:48,fridge-door,OPEN
2026-08-07 21:21:51,bedroom-motion,ON
2026-08-07 21:21:54,front-door,CLOSE
2026-08-07 21:21:57,kitchen-motion,ON
2026-08-07 21:22:00,living-motion,ON
2026-08-07 21:22:03,living-temp,18.6
2026-08-07 21:22:06,bedroom-motion,ON
2026-08-07 21:22:14,living-temp,20.6
2026-08-07 21:22:17,kitchen-motion,ON
2026-08-07 21:22:20,bed-mat,OCCUPIED
2026-08-07 21:22:24,bathroom-motion,ON
2026-08-07 21:22:27,front-door,CLOSE
2026-08-07 21:22:33,bathroom-motion,ON
2026-08-07 21:22:36,fridge-door,CLOSE
2026-08-07 21:22:39,bathroom-motion,ON
2026-08-07 21:22:42,kitchen-motion,ON
2026-08-07 21:22:45,living-temp,20.9
2026-08-07 21:22:55,front-door,OPEN
2026-08-07 21:22:58,living-temp,20.0
2026-08-07 21:23:02,front-door,OPEN
2026-08-07 21:23:05,fridge-door,OPEN
2026-08-07 21:23:09,bathroom-motion,ON
2026-08-07 21:23:12,living-temp,19.7
2026-08-07 21:23:15,bed-mat,OCCUPIED
2026-08-07 21:23:20,fridge-door,OPEN
2026-08-07 21:23:23,bed-mat,EMPTY
2026-08-07 21:23:27,fridge-door,CLOSE
2026-08-07 21:23:30,bed-mat,EMPTY
2026-08-07 21:23:36,fridge-door,OPEN
2026-08-07 21:23:39,living-temp,20.0
2026-08-07 21:23:42,front-door,CLOSE
2026-08-07 21:23:46,fridge-door,OPEN
2026-08-07 21:23:49,bedroom-motion,ON
2026-08-07 21:23:55,bedroom-motion,ON
2026-08-07 21:23:58,living-motion,ON
2026-08-07 21:24:02,bedroom-motion,ON
2026-08-07 21:24:06,fridge-door,CLOSE
2026-08-07 21:24:09,bedroom-motion,ON
2026-08-07 21:24:47,bed-mat,EMPTY
2026-08-07 21:24:50,fridge-door,OPEN
2026-08-07 21:25:13,fridge-door,OPEN
2026-08-07 21:25:16,kitchen-motion,ON
2026-08-07 21:25:19,front-door,CLOSE
2026-08-07 21:25:43,living-motion,ON
2026-08-07 21:25:46,living-motion,ON
2026-08-07 21:25:50,bedroom-motion,ON
2026-08-07 21:25:53,bed-mat,EMPTY
2026-08-07 21:25:56,fridge-door,CLOSE
2026-08-07 21:25:59,bedroom-motion,ON
2026-08-07 21:26:02,front-door,CLOSE
2026-08-07 21:26:07,front-door,CLOSE
2026-08-07 21:26:10,kitchen-motion,ON
2026-08-07 21:26:13,bedroom-motion,ON
2026-08-07 21:26:16,fridge-door,OPEN
2026-08-07 21:26:21,bathroom-motion,ON
2026-08-07 21:26:24,fridge-door,OPEN
2026-08-07 21:26:27,living-temp,21.3
2026-08-07 21:26:30,front-door,CLOSE
2026-08-07 21:26:33,fridge-door,OPEN
2026-08-07 21:26:36,bedroom-motion,ON
2026-08-07 21:26:39,living-temp,21.5
2026-08-07 21:26:44,living-temp,19.8
2026-08-07 21:26:47,fridge-door,CLOSE
2026-08-07 21:26:50,kitchen-motion,ON
2026-08-07 21:26:55,front-door,CLOSE
2026-08-07 21:26:58,living-motion,ON
2026-08-07 21:27:03,bed-mat,EMPTY
2026-08-07 21:27:06,kitchen-motion,ON
2026-08-07 21:27:37,front-door,OPEN
2026-08-07 21:27:40,bedroom-motion,ON
2026-08-07 21:27:43,bed-mat,EMPTY
2026-08-07 21:27:47,living-motion,ON
2026-08-07 21:27:50,bed-mat,OCCUPIED
2026-08-07 21:28:01,living-temp,19.7
2026-08-07 21:28:04,living-temp,19.5
2026-08-07 21:28:07,living-temp,20.3
2026-08-07 21:28:22,bedroom-motion,ON
2026-08-07 21:28:25,bed-mat,OCCUPIED
2026-08-07 21:28:28,bed-mat,EMPTY
2026-08-07 21:28:31,living-temp,21.4
2026-08-07 21:28:39,living-motion,ON
2026-08-07 21:28:42,bed-mat,OCCUPIED
2026-08-07 21:28:45,living-motion,ON
2026-08-07 21:28:59,bathroom-motion,ON
2026-08-07 21:29:02,fridge-door,OPEN
2026-08-07 21:29:05,living-temp,18.7
2026-08-07 21:29:08,bathroom-motion,ON
2026-08-07 21:29:25,bedroom-motion,ON
2026-08-07 21:29:28,living-temp,19.3
2026-08-07 21:29:31,bedroom-motion,ON
2026-08-07 21:30:07,front-door,CLOSE
2026-08-07 21:30:10,bathroom-motion,ON
2026-08-07 21:30:28,bed-mat,EMPTY
2026-08-07 21:30:31,front-door,CLOSE
2026-08-07 21:31:07,fridge-door,OPEN
2026-08-07 21:31:10,bed-mat,OCCUPIED
2026-08-07 21:31:13,bedroom-motion,ON
2026-08-07 21:31:26,living-temp,20.1
2026-08-07 21:31:29,bed-mat,OCCUPIED
2026-08-07 21:31:32,living-motion,ON
2026-08-07 21:31:35,bedroom-motion,ON
2026-08-07 21:31:38,front-door,OPEN
2026-08-07 21:31:41,kitchen-motion,ON
2026-08-07 21:31:44,kitchen-motion,ON
2026-08-07 21:31:47,living-temp,20.8
2026-08-07 21:31:50,bathroom-motion,ON
2026-08-07 21:31:54,living-temp,20.6
2026-08-07 21:31:57,bathroom-motion,ON
2026-08-07 21:32:00,fridge-door,CLOSE
2026-08-07 21:32:03,bed-mat,OCCUPIED
2026-08-07 21:32:06,bed-mat,OCCUPIED
2026-08-07 21:32:09,living-motion,ON
2026-08-07 21:32:12,bedroom-motion,ON
2026-08-07 21:32:16,fridge-door,CLOSE
2026-08-07 21:32:19,kitchen-motion,ON
2026-08-07 21:32:22,living-motion,ON
2026-08-07 21:32:25,front-door,OPEN
2026-08-07 21:32:28,front-door,OPEN
2026-08-07 21:32:31,bed-mat,OCCUPIED
2026-08-07 21:32:34,fridge-door,OPEN
2026-08-07 21:32:37,fridge-door,CLOSE
2026-08-07 21:32:40,bathroom-motion,ON
2026-08-07 21:32:43,kitchen-motion,ON
2026-08-07 21:32:47,fridge-door,CLOSE
2026-08-07 21:32:50,bed-mat,EMPTY
2026-08-07 21:32:54,bed-mat,OCCUPIED
2026-08-07 21:32:57,front-door,CLOSE
2026-08-07 21:33:00,kitchen-motion,ON
2026-08-07 21:33:03,kitchen-motion,ON
2026-08-07 21:33:06,bathroom-motion,ON
2026-08-07 21:33:10,front-door,OPEN
2026-08-07 21:33:13,front-door,CLOSE
2026-08-07 21:33:23,bed-mat,OCCUPIED
2026-08-07 21:33:26,living-temp,20.8
2026-08-07 21:33:29,kitchen-motion,ON
2026-08-07 21:33:32,fridge-door,OPEN
2026-08-07 21:33:35,bed-mat,EMPTY
2026-08-07 21:33:48,front-door,CLOSE
2026-08-07 21:33:51,living-motion,ON
2026-08-07 21:33:56,kitchen-motion,ON
2026-08-07 21:33:59,bedroom-motion,ON
2026-08-07 21:34:05,kitchen-motion,ON
2026-08-07 21:34:08,front-door,OPEN
2026-08-07 21:34:11,bedroom-motion,ON
2026-08-07 21:34:14,bathroom-motion,ON
2026-08-07 21:34:17,living-motion,ON
2026-08-07 21:34:24,kitchen-motion,ON
2026-08-07 21:34:27,bedroom-motion,ON
2026-08-07 21:34:31,kitchen-motion,ON
2026-08-07 21:34:34,bathroom-motion,ON
2026-08-07 21:34:37,bedroom-motion,ON
2026-08-07 21:34:40,bedroom-motion,ON
2026-08-07 21:34:43,living-motion,ON
2026-08-07 21:34:46,living-motion,ON
2026-08-07 21:34:50,living-motion,ON
2026-08-07 21:34:53,bathroom-motion,ON
2026-08-07 21:34:56,front-door,OPEN
2026-08-07 21:34:59,fridge-door,OPEN
2026-08-07 21:35:02,fridge-door,OPEN
2026-08-07 21:35:06,kitchen-motion,ON
2026-08-07 21:35:09,living-temp,20.9
2026-08-07 21:35:15,living-temp,19.6
2026-08-07 21:35:18,bedroom-motion,ON
2026-08-07 21:35:21,living-temp,19.1
2026-08-07 21:35:24,kitchen-motion,ON
2026-08-07 21:35:27,kitchen-motion,ON
2026-08-07 21:35:30,fridge-door,CLOSE
2026-08-07 21:35:33,kitchen-motion,ON
2026-08-07 21:35:37,bedroom-motion,ON
2026-08-07 21:35:40,living-temp,20.3
2026-08-07 21:35:44,living-temp,19.4
2026-08-07 21:35:47,living-temp,18.8
2026-08-07 21:35:50,bed-mat,OCCUPIED
2026-08-07 21:35:53,living-motion,ON
2026-08-07 21:35:57,living-motion,ON
2026-08-07 21:36:00,kitchen-motion,ON
2026-08-07 21:36:03,kitchen-motion,ON
2026-08-07 21:36:06,bed-mat,OCCUPIED
2026-08-07 21:36:09,bedroom-motion,ON
2026-08-07 21:36:12,bed-mat,EMPTY
2026-08-07 21:36:15,living-motion,ON
2026-08-07 21:36:18,living-temp,20.5
2026-08-07 21:36:21,bed-mat,OCCUPIED
2026-08-07 21:36:25,bathroom-motion,ON
2026-08-07 21:36:28,bathroom-motion,ON
2026-08-07 21:36:31,fridge-door,OPEN
2026-08-07 21:36:34,front-door,CLOSE
2026-08-07 21:36:37,kitchen-motion,ON
2026-08-07 21:36:40,bathroom-motion,ON
2026-08-07 21:36:43,bedroom-motion,ON
2026-08-07 21:36:48,bedroom-motion,ON
2026-08-07 21:36:51,bed-mat,EMPTY
2026-08-07 21:36:55,bathroom-motion,ON
2026-08-07 21:36:58,bedroom-motion,ON
2026-08-07 21:37:01,living-motion,ON
2026-08-07 21:37:04,fridge-door,CLOSE
2026-08-07 21:37:07,bed-mat,OCCUPIED
2026-08-07 21:37:10,kitchen-motion,ON
2026-08-07 21:37:13,bedroom-motion,ON
2026-08-07 21:37:16,front-door,OPEN
2026-08-07 21:37:21,kitchen-motion,ON
2026-08-07 21:37:24,bathroom-motion,ON
2026-08-07 21:37:27,living-motion,ON
2026-08-07 21:37:30,front-door,OPEN
2026-08-07 21:37:33,bedroom-motion,ON
2026-08-07 21:37:36,bedroom-motion,ON
2026-08-07 21:37:39,front-door,OPEN
2026-08-07 21:37:42,bedroom-motion,ON
2026-08-07 21:37:45,fridge-door,OPEN
2026-08-07 21:37:48,bathroom-motion,ON
2026-08-07 21:37:52,living-motion,ON
2026-08-07 21:37:56,bedroom-motion,ON
2026-08-07 21:37:59,fridge-door,CLOSE
2026-08-07 21:38:02,living-motion,ON
2026-08-07 21:38:05,bed-mat,EMPTY
2026-08-07 21:38:08,bedroom-motion,ON
2026-08-07 21:38:11,kitchen-motion,ON
2026-08-07 21:38:14,bathroom-motion,ON
2026-08-07 21:38:17,living-motion,ON
2026-08-07 21:38:20,fridge-door,CLOSE
2026-08-07 21:38:23,bed-mat,EMPTY
2026-08-07 21:38:26,bed-mat,EMPTY
2026-08-07 21:38:29,front-door,CLOSE
2026-08-07 21:38:35,bathroom-motion,ON
2026-08-07 21:38:38,bed-mat,OCCUPIED
2026-08-07 21:38:43,living-temp,20.5
2026-08-07 21:38:47,bathroom-motion,ON
2026-08-07 21:38:50,bed-mat,OCCUPIED
2026-08-07 21:38:56,living-temp,20.7
2026-08-07 21:38:59,bedroom-motion,ON
2026-08-07 21:39:02,bed-mat,EMPTY
2026-08-07 21:39:05,living-temp,19.2
2026-08-07 21:39:08,bedroom-motion,ON
2026-08-07 21:39:11,living-motion,ON
2026-08-07 21:39:14,bedroom-motion,ON
2026-08-07 21:39:17,front-door,CLOSE
2026-08-07 21:39:20,living-motion,ON
2026-08-07 21:39:23,bed-mat,EMPTY
2026-08-07 21:39:26,kitchen-motion,ON
2026-08-07 21:39:29,bed-mat,OCCUPIED
2026-08-07 21:39:32,living-temp,18.6
2026-08-07 21:39:36,living-temp,19.6
2026-08-07 21:39:39,living-temp,21.0
2026-08-07 21:39:42,living-motion,ON
2026-08-07 21:39:49,living-motion,ON
2026-08-07 21:39:52,fridge-door,CLOSE
2026-08-07 21:39:57,living-temp,20.3
2026-08-07 21:40:00,living-temp,21.2
2026-08-07 21:40:03,bed-mat,OCCUPIED
2026-08-07 21:40:26,bathroom-motion,ON
2026-08-07 21:40:29,living-motion,ON
2026-08-07 21:40:37,fridge-door,OPEN
2026-08-07 21:40:40,kitchen-motion,ON
2026-08-07 21:40:43,kitchen-motion,ON
2026-08-07 21:40:48,living-temp,18.7
2026-08-07 21:40:51,bathroom-motion,ON
2026-08-07 21:40:54,living-motion,ON
2026-08-07 21:40:57,front-door,OPEN
2026-08-07 21:41:00,bedroom-motion,ON
2026-08-07 21:41:04,fridge-door,OPEN
2026-08-07 21:41:07,bathroom-motion,ON
2026-08-07 21:41:18,front-door,CLOSE
2026-08-07 21:41:21,bathroom-motion,ON
2026-08-07 21:41:24,bedroom-motion,ON
2026-08-07 21:41:28,living-motion,ON
2026-08-07 21:41:31,bedroom-motion,ON
2026-08-07 21:41:40,kitchen-motion,ON
2026-08-07 21:41:43,fridge-door,OPEN
2026-08-07 21:41:46,fridge-door,OPEN
2026-08-07 21:41:56,living-motion,ON
2026-08-07 21:41:59,front-door,OPEN
2026-08-07 21:42:03,bedroom-motion,ON
2026-08-07 21:42:06,bed-mat,OCCUPIED
2026-08-07 21:42:09,living-motion,ON
2026-08-07 21:42:16,fridge-door,OPEN
2026-08-07 21:42:19,living-temp,20.5
2026-08-07 21:42:22,kitchen-motion,ON
2026-08-07 21:42:27,bed-mat,EMPTY
2026-08-07 21:42:30,bathroom-motion,ON
2026-08-07 21:42:37,bedroom-motion,ON
2026-08-07 21:42:40,living-temp,20.0
2026-08-07 21:42:43,living-motion,ON
2026-08-07 21:42:53,front-door,CLOSE
2026-08-07 21:42:56,living-temp,20.7
2026-08-07 21:43:04,kitchen-motion,ON
2026-08-07 21:43:07,bed-mat,OCCUPIED
2026-08-07 21:43:10,front-door,CLOSE
2026-08-07 21:43:21,bed-mat,EMPTY
2026-08-07 21:43:24,living-temp,19.4
2026-08-07 21:43:28,front-door,CLOSE
2026-08-07 21:43:31,bathroom-motion,ON
2026-08-07 21:43:34,fridge-door,OPEN
2026-08-07 21:43:44,bathroom-motion,ON
2026-08-07 21:43:47,fridge-door,OPEN
2026-08-07 21:44:06,living-temp,20.2
2026-08-07 21:44:09,bedroom-motion,ON
2026-08-07 21:44:12,kitchen-motion,ON
2026-08-07 21:44:18,front-door,CLOSE
2026-08-07 21:44:21,front-door,OPEN
2026-08-07 21:44:52,bedroom-motion,ON
2026-08-07 21:44:55,bathroom-motion,ON
2026-08-07 21:44:58,living-temp,18.8
2026-08-07 21:45:02,living-temp,20.8
2026-08-07 21:45:05,fridge-door,OPEN
2026-08-07 21:45:22,bathroom-motion,ON
2026-08-07 21:45:25,living-motion,ON
2026-08-07 21:45:28,bathroom-motion,ON
2026-08-07 21:45:46,front-door,CLOSE
2026-08-07 21:45:49,kitchen-motion,ON
2026-08-07 21:45:52,living-motion,ON
2026-08-07 21:45:56,living-motion,ON
2026-08-07 21:45:59,bedroom-motion,ON
2026-08-07 21:46:06,living-temp,20.1
2026-08-07 21:46:09,living-temp,18.5
2026-08-07 21:46:12,kitchen-motion,ON
2026-08-07 21:46:18,living-motion,ON
2026-08-07 21:46:21,fridge-door,OPEN
2026-08-07 21:46:26,bedroom-motion,ON
2026-08-07 21:46:29,bed-mat,OCCUPIED
2026-08-07 21:46:33,living-temp,19.6
2026-08-07 21:46:39,bedroom-motion,ON
2026-08-07 21:46:42,living-motion,ON
2026-08-07 21:46:49,bedroom-motion,ON
2026-08-07 21:46:52,living-temp,19.8
2026-08-07 21:46:55,bedroom-motion,ON
2026-08-07 21:46:58,kitchen-motion,ON
2026-08-07 21:47:19,fridge-door,CLOSE
2026-08-07 21:47:22,kitchen-motion,ON
2026-08-07 21:47:25,kitchen-motion,ON
2026-08-07 21:47:28,bathroom-motion,ON
2026-08-07 21:47:31,bed-mat,EMPTY
2026-08-07 21:47:38,bathroom-motion,ON
2026-08-07 21:47:41,front-door,OPEN
2026-08-07 21:47:44,fridge-door,CLOSE
2026-08-07 21:47:54,living-motion,ON
2026-08-07 21:47:57,kitchen-motion,ON
2026-08-07 21:48:00,living-temp,19.8
2026-08-07 21:48:03,bed-mat,OCCUPIED
2026-08-07 21:48:11,bathroom-motion,ON
2026-08-07 21:48:14,front-door,CLOSE
2026-08-07 21:48:19,living-temp,20.8
2026-08-07 21:48:22,bed-mat,OCCUPIED
2026-08-07 21:48:25,kitchen-motion,ON
2026-08-07 21:48:29,kitchen-motion,ON
2026-08-07 21:48:32,living-motion,ON
2026-08-07 21:48:52,front-door,CLOSE
2026-08-07 21:48:55,bed-mat,OCCUPIED
2026-08-07 21:48:58,bedroom-motion,ON
2026-08-07 21:49:06,living-temp,19.9
2026-08-07 21:49:09,front-door,OPEN
2026-08-07 21:49:27,bedroom-motion,ON
2026-08-07 21:49:30,bathroom-motion,ON
2026-08-07 21:49:33,living-temp,21.0
2026-08-07 21:49:39,fridge-door,CLOSE
2026-08-07 21:49:42,bedroom-motion,ON
2026-08-07 21:49:50,living-temp,20.1
2026-08-07 21:49:53,living-temp,19.7
2026-08-07 21:49:56,front-door,CLOSE
2026-08-07 21:50:02,bed-mat,OCCUPIED
2026-08-07 21:50:05,bed-mat,OCCUPIED
2026-08-07 21:50:22,living-temp,21.1
2026-08-07 21:50:25,front-door,CLOSE
2026-08-07 21:50:28,bedroom-motion,ON
2026-08-07 21:50:40,living-temp,21.3
2026-08-07 21:50:43,bathroom-motion,ON
2026-08-07 21:50:54,bedroom-motion,ON
2026-08-07 21:50:57,bed-mat,EMPTY
2026-08-07 21:51:00,living-motion,ON
2026-08-07 21:51:04,kitchen-motion,ON
2026-08-07 21:51:07,front-door,OPEN
2026-08-07 21:51:17,front-door,OPEN
2026-08-07 21:51:20,bedroom-motion,ON
2026-08-07 21:51:23,kitchen-motion,ON
2026-08-07 21:51:29,living-motion,ON
2026-08-07 21:51:32,living-motion,ON
2026-08-07 21:51:36,bathroom-motion,ON
2026-08-07 21:51:40,front-door,OPEN
2026-08-07 21:51:43,bedroom-motion,ON
2026-08-07 21:51:48,kitchen-motion,ON
2026-08-07 21:51:51,living-temp,19.9
2026-08-07 21:51:54,bedroom-motion,ON
2026-08-07 21:52:00,bedroom-motion,ON
2026-08-07 21:52:03,front-door,OPEN
2026-08-07 21:52:19,living-motion,ON
2026-08-07 21:52:22,bathroom-motion,ON
2026-08-07 21:52:25,bathroom-motion,ON
2026-08-07 21:52:30,kitchen-motion,ON
2026-08-07 21:52:33,bathroom-motion,ON
2026-08-07 21:52:37,bathroom-motion,ON
2026-08-07 21:52:40,kitchen-motion,ON
2026-08-07 21:52:43,bathroom-motion,ON
2026-08-07 21:52:48,bathroom-motion,ON
2026-08-07 21:52:51,bed-mat,OCCUPIED
2026-08-07 21:52:59,living-temp,19.3
2026-08-07 21:53:02,bathroom-motion,ON
2026-08-07 21:53:05,fridge-door,OPEN
2026-08-07 21:53:12,bathroom-motion,ON
2026-08-07 21:53:15,bathroom-motion,ON
2026-08-07 21:53:20,kitchen-motion,ON
2026-08-07 21:53:23,living-temp,20.0
2026-08-07 21:53:26,kitchen-motion,ON
2026-08-07 21:53:35,front-door,OPEN
2026-08-07 21:53:38,kitchen-motion,ON
2026-08-07 21:53:46,bed-mat,EMPTY
2026-08-07 21:53:49,bathroom-motion,ON
2026-08-07 21:53:52,living-motion,ON
2026-08-07 21:54:00,bed-mat,EMPTY
2026-08-07 21:54:03,bedroom-motion,ON
2026-08-07 21:54:08,front-door,CLOSE
2026-08-07 21:54:11,living-temp,20.0
2026-08-07 21:54:14,bedroom-motion,ON
2026-08-07 21:54:18,bed-mat,EMPTY
2026-08-07 21:54:21,living-temp,18.8
2026-08-07 21:54:31,bed-mat,EMPTY
2026-08-07 21:54:34,bathroom-motion,ON
2026-08-07 21:54:37,bedroom-motion,ON
2026-08-07 21:54:52,front-door,OPEN
2026-08-07 21:54:55,living-motion,ON
2026-08-07 21:54:59,bathroom-motion,ON
2026-08-07 21:55:02,front-door,OPEN
2026-08-07 21:55:05,bed-mat,OCCUPIED
2026-08-07 21:55:12,bedroom-motion,ON
2026-08-07 21:55:15,kitchen-motion,ON
2026-08-07 21:55:23,front-door,CLOSE
2026-08-07 21:55:26,bathroom-motion,ON
2026-08-07 21:55:29,front-door,CLOSE
2026-08-07 21:55:36,bathroom-motion,ON
2026-08-07 21:55:40,living-temp,18.9
2026-08-07 21:55:43,living-temp,18.6
2026-08-07 21:55:46,fridge-door,CLOSE
2026-08-07 21:55:49,bedroom-motion,ON
2026-08-07 21:55:53,bedroom-motion,ON
2026-08-07 21:55:56,front-door,OPEN
2026-08-07 21:55:59,kitchen-motion,ON
2026-08-07 21:56:13,bedroom-motion,ON
2026-08-07 21:56:16,fridge-door,CLOSE
2026-08-07 21:56:27,bathroom-motion,ON
2026-08-07 21:56:30,living-temp,19.4
2026-08-07 21:56:33,front-door,OPEN
2026-08-07 21:56:38,kitchen-motion,ON
2026-08-07 21:56:41,living-temp,20.7
2026-08-07 21:56:59,fridge-door,CLOSE
2026-08-07 21:57:02,bed-mat,EMPTY
2026-08-07 21:57:05,bed-mat,EMPTY
2026-08-07 21:57:18,living-temp,18.6
2026-08-07 21:57:21,bed-mat,EMPTY
2026-08-07 21:57:25,bedroom-motion,ON
2026-08-07 21:57:28,living-motion,ON
2026-08-07 21:57:31,front-door,CLOSE
2026-08-07 21:57:37,living-motion,ON
2026-08-07 21:57:40,fridge-door,CLOSE
2026-08-07 21:57:43,bedroom-motion,ON
2026-08-07 21:57:46,kitchen-motion,ON
2026-08-07 21:57:49,bed-mat,EMPTY
2026-08-07 21:57:55,bathroom-motion,ON
2026-08-07 21:57:58,bed-mat,EMPTY
2026-08-07 21:58:01,bedroom-motion,ON
2026-08-07 21:58:06,bed-mat,EMPTY
2026-08-07 21:58:09,kitchen-motion,ON
2026-08-07 21:58:15,fridge-door,OPEN
2026-08-07 21:58:18,front-door,OPEN
2026-08-07 21:58:21,bedroom-motion,ON
2026-08-07 21:58:26,fridge-door,CLOSE
2026-08-07 21:58:29,front-door,CLOSE
2026-08-07 21:58:40,fridge-door,OPEN
2026-08-07 21:58:43,bed-mat,OCCUPIED
2026-08-07 21:58:46,bedroom-motion,ON
2026-08-07 21:58:51,kitchen-motion,ON
2026-08-07 21:58:54,bed-mat,EMPTY
2026-08-07 21:59:08,fridge-door,OPEN
2026-08-07 21:59:11,bed-mat,OCCUPIED
2026-08-07 21:59:14,living-temp,20.8
2026-08-07 21:59:28,living-temp,20.4
2026-08-07 21:59:31,kitchen-motion,ON
2026-08-07 21:59:37,living-motion,ON
2026-08-07 21:59:40,fridge-door,CLOSE
2026-08-07 21:59:43,bed-mat,OCCUPIED
2026-08-07 22:00:01,front-door,OPEN
2026-08-07 22:00:04,front-door,CLOSE
2026-08-07 22:00:08,bathroom-motion,ON
2026-08-07 22:00:11,bathroom-motion,ON
2026-08-07 22:00:14,front-door,OPEN
2026-08-07 22:00:17,bedroom-motion,ON
2026-08-07 22:00:20,bed-mat,OCCUPIED
2026-08-07 22:00:23,fridge-door,OPEN
2026-08-07 22:00:26,front-door,OPEN
2026-08-07 22:00:29,living-motion,ON
2026-08-07 22:00:33,kitchen-motion,ON
2026-08-07 22:00:36,bathroom-motion,ON
2026-08-07 22:00:39,kitchen-motion,ON
2026-08-07 22:00:56,kitchen-motion,ON
2026-08-07 22:00:59,kitchen-motion,ON
2026-08-07 22:01:06,living-motion,ON
2026-08-07 22:01:09,living-temp,18.7
2026-08-07 22:01:12,bed-mat,EMPTY
2026-08-07 22:01:29,kitchen-motion,ON
2026-08-07 22:01:32,bedroom-motion,ON
2026-08-07 22:01:44,front-door,OPEN
2026-08-07 22:01:47,kitchen-motion,ON
2026-08-07 22:01:50,living-motion,ON
2026-08-07 22:02:00,bedroom-motion,ON
2026-08-07 22:02:03,living-motion,ON
2026-08-07 22:02:10,kitchen-motion,ON
2026-08-07 22:02:13,front-door,OPEN
2026-08-07 22:02:16,front-door,OPEN
2026-08-07 22:02:21,living-temp,20.6
2026-08-07 22:02:24,bed-mat,EMPTY
2026-08-07 22:02:33,living-motion,ON
2026-08-07 22:02:36,bedroom-motion,ON
2026-08-07 22:02:39,bedroom-motion,ON
2026-08-07 22:02:49,kitchen-motion,ON
2026-08-07 22:02:52,front-door,CLOSE
2026-08-07 22:03:00,front-door,CLOSE
2026-08-07 22:03:03,fridge-door,CLOSE
2026-08-07 22:03:06,kitchen-motion,ON
2026-08-07 22:03:14,kitchen-motion,ON
2026-08-07 22:03:17,living-temp,19.1
2026-08-07 22:03:26,fridge-door,OPEN
2026-08-07 22:03:29,front-door,CLOSE
2026-08-07 22:03:32,fridge-door,CLOSE
2026-08-07 22:03:41,kitchen-motion,ON
2026-08-07 22:03:44,front-door,CLOSE
2026-08-07 22:03:51,fridge-door,CLOSE
2026-08-07 22:03:54,fridge-door,OPEN
2026-08-07 22:03:57,living-motion,ON
2026-08-07 22:04:02,living-temp,19.0
2026-08-07 22:04:05,front-door,OPEN
2026-08-07 22:04:08,kitchen-motion,ON
2026-08-07 22:04:17,front-door,OPEN
2026-08-07 22:04:20,front-door,OPEN
2026-08-07 22:04:24,living-temp,19.5
2026-08-07 22:04:27,fridge-door,CLOSE
2026-08-07 22:04:30,kitchen-motion,ON
2026-08-07 22:04:33,bedroom-motion,ON
2026-08-07 22:04:36,fridge-door,CLOSE
2026-08-07 22:04:43,bed-mat,OCCUPIED
2026-08-07 22:04:46,kitchen-motion,ON
2026-08-07 22:04:49,living-temp,20.0
2026-08-07 22:05:01,fridge-door,CLOSE
2026-08-07 22:05:04,fridge-door,CLOSE
2026-08-07 22:05:28,bed-mat,EMPTY
2026-08-07 22:05:31,bathroom-motion,ON
2026-08-07 22:05:34,fridge-door,OPEN
2026-08-07 22:05:39,bathroom-motion,ON
2026-08-07 22:05:42,bedroom-motion,ON
2026-08-07 22:05:45,bed-mat,OCCUPIED
2026-08-07 22:05:48,bed-mat,OCCUPIED
2026-08-07 22:05:51,front-door,OPEN
2026-08-07 22:05:54,bedroom-motion,ON
2026-08-07 22:05:57,living-temp,20.8
2026-08-07 22:06:00,bedroom-motion,ON
2026-08-07 22:06:06,living-motion,ON
2026-08-07 22:06:09,bed-mat,EMPTY
2026-08-07 22:06:13,bathroom-motion,ON
2026-08-07 22:06:16,living-motion,ON
2026-08-07 22:06:19,kitchen-motion,ON
2026-08-07 22:06:26,living-temp,21.1
2026-08-07 22:06:29,living-temp,20.3
2026-08-07 22:06:38,kitchen-motion,ON
2026-08-07 22:06:41,living-temp,20.0
2026-08-07 22:06:44,fridge-door,OPEN
2026-08-07 22:06:49,bedroom-motion,ON
2026-08-07 22:06:52,bedroom-motion,ON
2026-08-07 22:07:00,living-temp,19.3
2026-08-07 22:07:03,bathroom-motion,ON
2026-08-07 22:07:06,bed-mat,OCCUPIED
2026-08-07 22:07:11,living-motion,ON
2026-08-07 22:07:14,fridge-door,CLOSE
2026-08-07 22:07:21,fridge-door,CLOSE
2026-08-07 22:07:24,kitchen-motion,ON
2026-08-07 22:07:27,living-motion,ON
2026-08-07 22:07:43,living-temp,20.0
2026-08-07 22:07:46,bedroom-motion,ON
2026-08-07 22:07:50,bathroom-motion,ON
2026-08-07 22:07:53,fridge-door,CLOSE
2026-08-07 22:07:56,bedroom-motion,ON
2026-08-07 22:08:02,front-door,OPEN
2026-08-07 22:08:05,living-motion,ON
2026-08-07 22:08:08,bathroom-motion,ON
2026-08-07 22:08:16,bed-mat,EMPTY
2026-08-07 22:08:19,bathroom-motion,ON
2026-08-07 22:08:22,living-motion,ON
2026-08-07 22:08:28,front-door,CLOSE
2026-08-07 22:08:31,living-temp,20.2
2026-08-07 22:08:40,bed-mat,OCCUPIED
2026-08-07 22:08:43,bathroom-motion,ON
2026-08-07 22:08:46,bedroom-motion,ON
2026-08-07 22:08:50,living-motion,ON
2026-08-07 22:08:53,living-temp,20.5
2026-08-07 22:09:08,living-motion,ON
2026-08-07 22:09:11,front-door,CLOSE
2026-08-07 22:09:14,front-door,OPEN
2026-08-07 22:09:20,front-door,CLOSE
2026-08-07 22:09:23,fridge-door,CLOSE
2026-08-07 22:09:26,bed-mat,EMPTY
2026-08-07 22:09:29,front-door,CLOSE
2026-08-07 22:09:32,bed-mat,EMPTY
2026-08-07 22:09:36,front-door,OPEN
2026-08-07 22:09:39,front-door,CLOSE
2026-08-07 22:09:42,kitchen-motion,ON
2026-08-07 22:09:51,bathroom-motion,ON
2026-08-07 22:09:54,bed-mat,EMPTY
2026-08-07 22:10:00,front-door,OPEN
2026-08-07 22:10:03,kitchen-motion,ON
2026-08-07 22:10:06,living-motion,ON
2026-08-07 22:10:16,bedroom-motion,ON
2026-08-07 22:10:19,bathroom-motion,ON
2026-08-07 22:10:23,living-motion,ON
2026-08-07 22:10:26,living-motion,ON
2026-08-07 22:10:29,bedroom-motion,ON
2026-08-07 22:10:36,bathroom-motion,ON
2026-08-07 22:10:39,front-door,CLOSE
2026-08-07 22:10:52,fridge-door,CLOSE
2026-08-07 22:10:55,bedroom-motion,ON
2026-08-07 22:10:58,living-temp,18.5
2026-08-07 22:11:04,bathroom-motion,ON
2026-08-07 22:11:07,kitchen-motion,ON
2026-08-07 22:11:14,living-temp,19.6
2026-08-07 22:11:17,front-door,OPEN
2026-08-07 22:11:20,kitchen-motion,ON
2026-08-07 22:11:27,bed-mat,EMPTY
2026-08-07 22:11:30,kitchen-motion,ON
2026-08-07 22:11:34,fridge-door,CLOSE
2026-08-07 22:11:37,kitchen-motion,ON
2026-08-07 22:11:40,living-motion,ON
2026-08-07 22:11:45,kitchen-motion,ON
2026-08-07 22:11:48,front-door,OPEN
2026-08-07 22:11:53,living-temp,18.8
2026-08-07 22:11:56,bedroom-motion,ON
2026-08-07 22:11:59,bathroom-motion,ON
2026-08-07 22:12:10,bathroom-motion,ON
2026-08-07 22:12:13,living-temp,20.6
2026-08-07 22:12:22,fridge-door,OPEN
2026-08-07 22:12:25,bedroom-motion,ON
2026-08-07 22:12:28,bedroom-motion,ON
2026-08-07 22:12:34,living-motion,ON
2026-08-07 22:12:37,living-motion,ON
2026-08-07 22:12:41,bed-mat,OCCUPIED
2026-08-07 22:12:44,living-temp,21.1
2026-08-07 22:12:47,bed-mat,OCCUPIED
2026-08-07 22:12:54,bathroom-motion,ON
2026-08-07 22:12:57,living-temp,21.3
2026-08-07 22:13:00,fridge-door,OPEN
2026-08-07 22:13:03,living-temp,19.5
2026-08-07 22:13:06,bathroom-motion,ON
2026-08-07 22:13:10,bed-mat,OCCUPIED
2026-08-07 22:13:13,fridge-door,CLOSE
2026-08-07 22:13:16,living-motion,ON
2026-08-07 22:13:34,bathroom-motion,ON
2026-08-07 22:13:37,living-temp,19.5
2026-08-07 22:13:45,living-temp,20.9
2026-08-07 22:13:48,bedroom-motion,ON
2026-08-07 22:13:51,front-door,CLOSE
2026-08-07 22:13:55,living-motion,ON
2026-08-07 22:13:58,bed-mat,OCCUPIED
2026-08-07 22:14:08,kitchen-motion,ON
2026-08-07 22:14:11,fridge-door,CLOSE
2026-08-07 22:14:14,living-temp,21.5
2026-08-07 22:14:32,bathroom-motion,ON
2026-08-07 22:14:35,bedroom-motion,ON
2026-08-07 22:14:41,living-temp,20.0
2026-08-07 22:14:44,bed-mat,OCCUPIED
2026-08-07 22:14:47,bathroom-motion,ON
2026-08-07 22:14:55,bedroom-motion,ON
2026-08-07 22:14:58,fridge-door,OPEN
2026-08-07 22:15:05,bathroom-motion,ON
2026-08-07 22:15:08,bathroom-motion,ON
2026-08-07 22:15:11,living-motion,ON
2026-08-07 22:15:23,bed-mat,EMPTY
2026-08-07 22:15:26,fridge-door,CLOSE
2026-08-07 22:15:31,bedroom-motion,ON
2026-08-07 22:15:34,bed-mat,OCCUPIED
2026-08-07 22:15:37,bed-mat,EMPTY
2026-08-07 22:15:45,kitchen-motion,ON
2026-08-07 22:15:48,bathroom-motion,ON
2026-08-07 22:15:55,front-door,OPEN
2026-08-07 22:15:58,kitchen-motion,ON
2026-08-07 22:16:01,living-temp,20.8
2026-08-07 22:16:11,front-door,OPEN
2026-08-07 22:16:14,bedroom-motion,ON
2026-08-07 22:16:27,front-door,CLOSE
2026-08-07 22:16:30,kitchen-motion,ON
2026-08-07 22:16:33,living-temp,20.0
2026-08-07 22:16:37,living-motion,ON
2026-08-07 22:16:40,living-motion,ON
2026-08-07 22:16:43,living-temp,18.7
2026-08-07 22:16:47,kitchen-motion,ON
2026-08-07 22:16:50,fridge-door,CLOSE
2026-08-07 22:16:57,fridge-door,OPEN
2026-08-07 22:17:00,front-door,CLOSE
2026-08-07 22:17:03,bed-mat,EMPTY
2026-08-07 22:17:07,bathroom-motion,ON
2026-08-07 22:17:10,living-temp,21.3
2026-08-07 22:17:17,fridge-door,CLOSE
2026-08-07 22:17:20,fridge-door,CLOSE
2026-08-07 22:17:23,bedroom-motion,ON
2026-08-07 22:17:30,kitchen-motion,ON
2026-08-07 22:17:33,front-door,OPEN
2026-08-07 22:17:39,kitchen-motion,ON
2026-08-07 22:17:42,kitchen-motion,ON
2026-08-07 22:17:45,bed-mat,OCCUPIED
2026-08-07 22:17:57,front-door,CLOSE
2026-08-07 22:18:00,front-door,CLOSE
2026-08-07 22:18:08,bathroom-motion,ON
2026-08-07 22:18:11,living-temp,19.5
2026-08-07 22:18:14,bed-mat,EMPTY
2026-08-07 22:18:17,living-temp,19.9
2026-08-07 22:18:21,bedroom-motion,ON
2026-08-07 22:18:24,front-door,CLOSE
2026-08-07 22:18:32,bedroom-motion,ON
2026-08-07 22:18:35,bedroom-motion,ON
2026-08-07 22:18:38,bedroom-motion,ON
2026-08-07 22:18:41,kitchen-motion,ON
2026-08-07 22:18:44,front-door,OPEN
2026-08-07 22:18:49,living-motion,ON
2026-08-07 22:18:52,bathroom-motion,ON
2026-08-07 22:18:55,living-motion,ON
2026-08-07 22:19:01,front-door,OPEN
2026-08-07 22:19:04,living-motion,ON
2026-08-07 22:19:11,front-door,OPEN
2026-08-07 22:19:14,bathroom-motion,ON
2026-08-07 22:19:17,front-door,OPEN
2026-08-07 22:19:21,bed-mat,EMPTY
2026-08-07 22:19:24,living-motion,ON
2026-08-07 22:19:27,living-temp,20.0
2026-08-07 22:19:36,kitchen-motion,ON
2026-08-07 22:19:39,front-door,OPEN
2026-08-07 22:19:45,living-temp,19.1
2026-08-07 22:19:48,bathroom-motion,ON
2026-08-07 22:19:51,bathroom-motion,ON
2026-08-07 22:19:59,living-temp,20.4
2026-08-07 22:20:02,living-temp,19.5
2026-08-07 22:20:08,living-motion,ON
2026-08-07 22:20:11,bathroom-motion,ON
2026-08-07 22:20:14,front-door,OPEN
2026-08-07 22:20:25,bedroom-motion,ON
2026-08-07 22:20:28,living-temp,18.8
2026-08-07 22:20:33,living-temp,18.8
2026-08-07 22:20:36,kitchen-motion,ON
2026-08-07 22:20:39,living-motion,ON
2026-08-07 22:20:44,bathroom-motion,ON
2026-08-07 22:20:47,bedroom-motion,ON
2026-08-07 22:20:52,bathroom-motion,ON
2026-08-07 22:20:55,living-temp,19.0
2026-08-07 22:20:58,living-temp,21.2
2026-08-07 22:21:04,living-motion,ON
2026-08-07 22:21:07,bathroom-motion,ON
2026-08-07 22:21:11,front-door,OPEN
2026-08-07 22:21:14,front-door,CLOSE
2026-08-07 22:21:17,living-temp,21.1
2026-08-07 22:21:21,front-door,OPEN
2026-08-07 22:21:24,front-door,OPEN
2026-08-07 22:21:27,bathroom-motion,ON
2026-08-07 22:21:32,bed-mat,OCCUPIED
2026-08-07 22:21:35,bed-mat,EMPTY
2026-08-07 22:21:50,bathroom-motion,ON
2026-08-07 22:21:53,living-temp,19.3
2026-08-07 22:21:56,living-motion,ON
2026-08-07 22:22:01,front-door,OPEN
2026-08-07 22:22:04,front-door,OPEN
2026-08-07 22:22:08,bedroom-motion,ON
2026-08-07 22:22:11,kitchen-motion,ON
2026-08-07 22:22:14,bedroom-motion,ON
2026-08-07 22:22:26,kitchen-motion,ON
2026-08-07 22:22:29,front-door,CLOSE
2026-08-07 22:22:34,fridge-door,OPEN
2026-08-07 22:22:37,fridge-door,OPEN
2026-08-07 22:22:40,front-door,CLOSE
2026-08-07 22:22:48,living-temp,19.7
2026-08-07 22:22:51,living-motion,ON
2026-08-07 22:22:57,living-motion,ON
2026-08-07 22:23:00,bathroom-motion,ON
2026-08-07 22:23:03,living-temp,20.0
2026-08-07 22:23:07,bathroom-motion,ON
2026-08-07 22:23:10,fridge-door,CLOSE
2026-08-07 22:23:16,bed-mat,EMPTY
2026-08-07 22:23:19,front-door,OPEN
2026-08-07 22:23:22,fridge-door,CLOSE
2026-08-07 22:23:28,bedroom-motion,ON
2026-08-07 22:23:31,fridge-door,OPEN
2026-08-07 22:23:34,living-temp,19.3
2026-08-07 22:23:37,kitchen-motion,ON
2026-08-07 22:23:40,bed-mat,OCCUPIED
2026-08-07 22:23:47,bathroom-motion,ON
2026-08-07 22:23:50,bedroom-motion,ON
2026-08-07 22:23:54,bedroom-motion,ON
2026-08-07 22:23:57,fridge-door,OPEN
2026-08-07 22:24:00,living-motion,ON
2026-08-07 22:24:05,bedroom-motion,ON
2026-08-07 22:24:08,fridge-door,OPEN
2026-08-07 22:24:11,bed-mat,OCCUPIED
2026-08-07 22:24:17,bedroom-motion,ON
2026-08-07 22:24:20,fridge-door,CLOSE
2026-08-07 22:24:23,fridge-door,CLOSE
2026-08-07 22:24:26,front-door,OPEN
2026-08-07 22:24:29,living-temp,18.7
2026-08-07 22:24:33,bathroom-motion,ON
2026-08-07 22:24:36,fridge-door,CLOSE
2026-08-07 22:24:44,living-temp,21.1
2026-08-07 22:24:47,living-motion,ON
2026-08-07 22:24:50,bed-mat,OCCUPIED
2026-08-07 22:24:59,bed-mat,EMPTY
2026-08-07 22:25:02,kitchen-motion,ON
2026-08-07 22:25:05,bathroom-motion,ON
2026-08-07 22:25:16,fridge-door,CLOSE
2026-08-07 22:25:19,bedroom-motion,ON
2026-08-07 22:25:22,living-motion,ON
2026-08-07 22:25:25,kitchen-motion,ON
2026-08-07 22:25:28,kitchen-motion,ON
2026-08-07 22:25:32,living-temp,20.9
2026-08-07 22:25:35,living-motion,ON
2026-08-07 22:25:38,fridge-door,CLOSE
2026-08-07 22:25:41,living-motion,ON
2026-08-07 22:25:44,living-temp,19.9
2026-08-07 22:25:50,front-door,CLOSE
2026-08-07 22:25:53,bedroom-motion,ON
2026-08-07 22:25:56,kitchen-motion,ON
2026-08-07 22:25:59,living-motion,ON
2026-08-07 22:26:02,living-temp,18.8
2026-08-07 22:26:05,fridge-door,OPEN
2026-08-07 22:26:08,fridge-door,CLOSE
2026-08-07 22:26:14,front-door,CLOSE
2026-08-07 22:26:17,bed-mat,EMPTY
2026-08-07 22:26:20,kitchen-motion,ON
2026-08-07 22:26:23,living-motion,ON
2026-08-07 22:26:26,bed-mat,OCCUPIED
2026-08-07 22:26:29,living-motion,ON
2026-08-07 22:26:32,living-motion,ON
2026-08-07 22:26:35,living-temp,20.5
2026-08-07 22:26:38,living-motion,ON
2026-08-07 22:26:41,bedroom-motion,ON
2026-08-07 22:26:44,bed-mat,EMPTY
2026-08-07 22:26:47,living-motion,ON
2026-08-07 22:26:50,bedroom-motion,ON
2026-08-07 22:26:53,living-temp,21.2
2026-08-07 22:26:56,fridge-door,CLOSE
2026-08-07 22:27:07,bed-mat,OCCUPIED
2026-08-07 22:27:10,kitchen-motion,ON
2026-08-07 22:27:13,bedroom-motion,ON
2026-08-07 22:27:16,kitchen-motion,ON
2026-08-07 22:27:19,bedroom-motion,ON
2026-08-07 22:27:25,bedroom-motion,ON
2026-08-07 22:27:28,living-temp,18.6
2026-08-07 22:27:38,fridge-door,CLOSE
2026-08-07 22:27:41,front-door,CLOSE
2026-08-07 22:27:44,bathroom-motion,ON
2026-08-07 22:27:49,kitchen-motion,ON
2026-08-07 22:27:52,living-temp,20.4
2026-08-07 22:27:57,fridge-door,OPEN
2026-08-07 22:28:00,kitchen-motion,ON
2026-08-07 22:28:03,bathroom-motion,ON
2026-08-07 22:28:07,fridge-door,OPEN
2026-08-07 22:28:10,bedroom-motion,ON
2026-08-07 22:28:14,bedroom-motion,ON
2026-08-07 22:28:17,kitchen-motion,ON
2026-08-07 22:28:20,living-motion,ON
2026-08-07 22:28:41,fridge-door,CLOSE
2026-08-07 22:28:44,kitchen-motion,ON
2026-08-07 22:28:50,living-motion,ON
2026-08-07 22:28:53,living-motion,ON
2026-08-07 22:28:56,fridge-door,CLOSE
2026-08-07 22:29:03,bedroom-motion,ON
2026-08-07 22:29:06,bedroom-motion,ON
2026-08-07 22:29:09,living-temp,19.4
2026-08-07 22:29:12,fridge-door,CLOSE
2026-08-07 22:29:15,bedroom-motion,ON
2026-08-07 22:29:24,bathroom-motion,ON
2026-08-07 22:29:27,bathroom-motion,ON
2026-08-07 22:29:30,bedroom-motion,ON
2026-08-07 22:29:33,bedroom-motion,ON
2026-08-07 22:29:36,bathroom-motion,ON
2026-08-07 22:29:43,bedroom-motion,ON
2026-08-07 22:29:46,bathroom-motion,ON
2026-08-07 22:29:51,fridge-door,CLOSE
2026-08-07 22:29:54,bedroom-motion,ON
2026-08-07 22:29:57,bathroom-motion,ON
2026-08-07 22:30:10,bed-mat,OCCUPIED
2026-08-07 22:30:13,living-temp,19.2
2026-08-07 22:30:30,fridge-door,OPEN
2026-08-07 22:30:33,bathroom-motion,ON
2026-08-07 22:30:36,living-temp,21.2
2026-08-07 22:31:26,bed-mat,EMPTY
2026-08-07 22:31:29,bedroom-motion,ON
2026-08-07 22:31:35,living-motion,ON
2026-08-07 22:31:38,fridge-door,OPEN
2026-08-07 22:31:41,living-temp,20.7
2026-08-07 22:31:46,living-temp,19.1
2026-08-07 22:31:49,bedroom-motion,ON
2026-08-07 22:32:02,bathroom-motion,ON
2026-08-07 22:32:05,living-temp,21.4
2026-08-07 22:32:08,bed-mat,EMPTY
2026-08-07 22:32:21,kitchen-motion,ON
2026-08-07 22:32:24,kitchen-motion,ON
2026-08-07 22:32:35,living-motion,ON
2026-08-07 22:32:38,living-motion,ON
2026-08-07 22:32:41,bathroom-motion,ON
2026-08-07 22:32:47,bedroom-motion,ON
2026-08-07 22:32:50,bed-mat,EMPTY
2026-08-07 22:32:57,bed-mat,EMPTY
2026-08-07 22:33:00,living-temp,20.0
2026-08-07 22:33:03,living-temp,19.3
2026-08-07 22:33:10,fridge-door,CLOSE
2026-08-07 22:33:13,bedroom-motion,ON
2026-08-07 22:33:30,bed-mat,EMPTY
2026-08-07 22:33:33,living-temp,21.1
2026-08-07 22:33:36,fridge-door,OPEN
2026-08-07 22:33:40,bathroom-motion,ON
2026-08-07 22:33:43,bathroom-motion,ON
2026-08-07 22:33:50,living-motion,ON
2026-08-07 22:33:53,fridge-door,OPEN
2026-08-07 22:33:56,living-motion,ON
2026-08-07 22:34:05,bedroom-motion,ON
2026-08-07 22:34:08,living-motion,ON
2026-08-07 22:34:14,living-temp,18.8
2026-08-07 22:34:17,kitchen-motion,ON
2026-08-07 22:34:20,living-motion,ON
2026-08-07 22:34:35,bathroom-motion,ON
2026-08-07 22:34:38,fridge-door,CLOSE
2026-08-07 22:34:44,kitchen-motion,ON
2026-08-07 22:34:47,bathroom-motion,ON
2026-08-07 22:34:50,front-door,CLOSE
2026-08-07 22:34:54,bed-mat,OCCUPIED
2026-08-07 22:34:57,bathroom-motion,ON
2026-08-07 22:35:00,fridge-door,CLOSE
2026-08-07 22:35:21,fridge-door,CLOSE
2026-08-07 22:35:24,fridge-door,OPEN
2026-08-07 22:35:29,kitchen-motion,ON
2026-08-07 22:35:32,bathroom-motion,ON
2026-08-07 22:35:35,living-motion,ON
2026-08-07 22:35:47,front-door,OPEN
2026-08-07 22:35:50,bed-mat,OCCUPIED
2026-08-07 22:36:25,kitchen-motion,ON
2026-08-07 22:36:28,living-temp,20.2
2026-08-07 22:36:31,living-temp,20.8
2026-08-07 22:36:39,bedroom-motion,ON
2026-08-07 22:36:42,bathroom-motion,ON
2026-08-07 22:36:49,bedroom-motion,ON
2026-08-07 22:36:52,bed-mat,OCCUPIED
2026-08-07 22:36:55,bathroom-motion,ON
2026-08-07 22:37:12,bedroom-motion,ON
2026-08-07 22:37:15,kitchen-motion,ON
2026-08-07 22:37:42,front-door,CLOSE
2026-08-07 22:37:45,kitchen-motion,ON
2026-08-07 22:37:48,bedroom-motion,ON
2026-08-07 22:37:52,living-motion,ON
2026-08-07 22:37:55,living-motion,ON
2026-08-07 22:37:58,living-temp,21.0
2026-08-07 22:38:03,bed-mat,OCCUPIED
2026-08-07 22:38:06,fridge-door,OPEN
2026-08-07 22:38:39,bathroom-motion,ON
2026-08-07 22:38:42,front-door,OPEN
2026-08-07 22:38:45,bed-mat,OCCUPIED
2026-08-07 22:38:57,bathroom-motion,ON
2026-08-07 22:39:00,living-motion,ON
2026-08-07 22:39:21,bathroom-motion,ON
2026-08-07 22:39:24,living-motion,ON
2026-08-07 22:39:28,front-door,OPEN
2026-08-07 22:39:37,bedroom-motion,ON
2026-08-07 22:39:40,fridge-door,CLOSE
2026-08-07 22:39:44,bathroom-motion,ON
2026-08-07 22:39:47,fridge-door,OPEN
2026-08-07 22:39:50,kitchen-motion,ON
2026-08-07 22:39:54,kitchen-motion,ON
2026-08-07 22:39:57,kitchen-motion,ON
2026-08-07 22:40:16,bedroom-motion,ON
2026-08-07 22:40:19,living-motion,ON
2026-08-07 22:40:22,fridge-door,CLOSE
2026-08-07 22:40:31,living-motion,ON
2026-08-07 22:40:34,fridge-door,CLOSE
2026-08-07 22:40:37,bed-mat,OCCUPIED
2026-08-07 22:40:43,bed-mat,OCCUPIED
2026-08-07 22:40:46,living-temp,18.6
2026-08-07 22:40:52,fridge-door,CLOSE
2026-08-07 22:40:55,bed-mat,EMPTY
2026-08-07 22:40:58,fridge-door,OPEN
2026-08-07 22:41:01,bathroom-motion,ON
2026-08-07 22:41:04,living-temp,21.4
2026-08-07 22:41:17,front-door,OPEN
2026-08-07 22:41:20,bathroom-motion,ON
2026-08-07 22:41:23,kitchen-motion,ON
2026-08-07 22:41:32,bathroom-motion,ON
2026-08-07 22:41:35,bed-mat,EMPTY
2026-08-07 22:41:45,bed-mat,EMPTY
2026-08-07 22:41:48,front-door,OPEN
2026-08-07 22:41:51,living-motion,ON
2026-08-07 22:42:02,bedroom-motion,ON
2026-08-07 22:42:05,kitchen-motion,ON
2026-08-07 22:42:08,front-door,CLOSE
2026-08-07 22:42:11,kitchen-motion,ON
2026-08-07 22:42:14,front-door,OPEN
2026-08-07 22:42:18,living-motion,ON
2026-08-07 22:42:21,bathroom-motion,ON
2026-08-07 22:42:29,bathroom-motion,ON
2026-08-07 22:42:32,bathroom-motion,ON
2026-08-07 22:42:35,bedroom-motion,ON
2026-08-07 22:42:50,fridge-door,OPEN
2026-08-07 22:42:53,bed-mat,OCCUPIED
2026-08-07 22:42:58,kitchen-motion,ON
2026-08-07 22:43:01,bathroom-motion,ON
2026-08-07 22:43:04,living-motion,ON
2026-08-07 22:43:15,front-door,CLOSE
2026-08-07 22:43:18,front-door,CLOSE
2026-08-07 22:43:38,kitchen-motion,ON
2026-08-07 22:43:41,bedroom-motion,ON
2026-08-07 22:43:44,kitchen-motion,ON
2026-08-07 22:43:48,bed-mat,EMPTY
2026-08-07 22:43:51,bedroom-motion,ON
2026-08-07 22:43:55,fridge-door,CLOSE
2026-08-07 22:43:58,front-door,OPEN
2026-08-07 22:44:01,bed-mat,OCCUPIED
2026-08-07 22:44:21,fridge-door,OPEN
2026-08-07 22:44:24,bedroom-motion,ON
2026-08-07 22:44:36,living-motion,ON
2026-08-07 22:44:39,bathroom-motion,ON
2026-08-07 22:44:42,living-motion,ON
2026-08-07 22:44:54,kitchen-motion,ON
2026-08-07 22:44:57,bathroom-motion,ON
2026-08-07 22:45:00,fridge-door,CLOSE
2026-08-07 22:45:10,front-door,CLOSE
2026-08-07 22:45:13,living-motion,ON
2026-08-07 22:45:19,front-door,CLOSE
2026-08-07 22:45:22,bathroom-motion,ON
2026-08-07 22:45:25,living-motion,ON
2026-08-07 22:45:33,living-temp,19.8
2026-08-07 22:45:36,fridge-door,OPEN
2026-08-07 22:45:57,bedroom-motion,ON
2026-08-07 22:46:00,bed-mat,OCCUPIED
2026-08-07 22:46:03,bathroom-motion,ON
2026-08-07 22:46:11,living-motion,ON
2026-08-07 22:46:14,kitchen-motion,ON
2026-08-07 22:46:36,kitchen-motion,ON
2026-08-07 22:46:39,fridge-door,OPEN
2026-08-07 22:46:42,front-door,CLOSE
2026-08-07 22:46:56,living-temp,19.3
2026-08-07 22:46:59,living-motion,ON
2026-08-07 22:47:15,front-door,OPEN
2026-08-07 22:47:18,living-temp,19.0
2026-08-07 22:47:21,living-temp,19.8
2026-08-07 22:47:29,bed-mat,OCCUPIED
2026-08-07 22:47:32,bedroom-motion,ON
2026-08-07 22:47:54,living-temp,20.6
2026-08-07 22:47:57,living-temp,21.3
2026-08-07 22:48:00,living-temp,20.9
2026-08-07 22:48:04,kitchen-motion,ON
2026-08-07 22:48:07,front-door,OPEN
2026-08-07 22:48:15,bedroom-motion,ON
2026-08-07 22:48:18,living-motion,ON
2026-08-07 22:48:21,front-door,OPEN
2026-08-07 22:48:24,living-motion,ON
2026-08-07 22:48:27,bed-mat,OCCUPIED
2026-08-07 22:48:34,fridge-door,CLOSE
2026-08-07 22:48:37,bathroom-motion,ON
2026-08-07 22:48:40,bedroom-motion,ON
2026-08-07 22:48:51,front-door,OPEN
2026-08-07 22:48:54,living-temp,20.4
2026-08-07 22:49:04,kitchen-motion,ON
2026-08-07 22:49:07,living-motion,ON
2026-08-07 22:49:10,fridge-door,CLOSE
2026-08-07 22:49:17,front-door,OPEN
2026-08-07 22:49:20,bedroom-motion,ON
2026-08-07 22:49:36,bathroom-motion,ON
2026-08-07 22:49:39,front-door,CLOSE
2026-08-07 22:49:42,living-temp,19.9
2026-08-07 22:49:52,front-door,OPEN
2026-08-07 22:49:55,bedroom-motion,ON
2026-08-07 22:50:02,bathroom-motion,ON
2026-08-07 22:50:05,kitchen-motion,ON
2026-08-07 22:50:08,bed-mat,EMPTY
2026-08-07 22:50:13,living-motion,ON
2026-08-07 22:50:16,front-door,OPEN
2026-08-07 22:50:38,front-door,OPEN
2026-08-07 22:50:41,front-door,CLOSE
2026-08-07 22:50:44,kitchen-motion,ON
2026-08-07 22:50:49,living-temp,20.2
2026-08-07 22:50:52,kitchen-motion,ON
2026-08-07 22:51:06,bed-mat,EMPTY
2026-08-07 22:51:09,living-temp,21.3
2026-08-07 22:51:12,front-door,CLOSE
2026-08-07 22:51:18,living-motion,ON
2026-08-07 22:51:21,bed-mat,OCCUPIED
2026-08-07 22:51:35,kitchen-motion,ON
2026-08-07 22:51:38,kitchen-motion,ON
2026-08-07 22:51:41,bathroom-motion,ON
2026-08-07 22:51:47,bedroom-motion,ON
2026-08-07 22:51:50,bed-mat,OCCUPIED
2026-08-07 22:51:53,bed-mat,OCCUPIED
2026-08-07 22:51:59,living-motion,ON
2026-08-07 22:52:02,front-door,OPEN
2026-08-07 22:52:20,bedroom-motion,ON
2026-08-07 22:52:23,living-temp,19.6
2026-08-07 22:52:26,bedroom-motion,ON
2026-08-07 22:52:35,bathroom-motion,ON
2026-08-07 22:52:38,living-motion,ON
2026-08-07 22:52:43,living-temp,21.0
2026-08-07 22:52:46,living-temp,20.1
2026-08-07 22:52:49,living-temp,21.3
2026-08-07 22:53:00,living-temp,19.3
2026-08-07 22:53:03,fridge-door,CLOSE
2026-08-07 22:53:10,front-door,CLOSE
2026-08-07 22:53:13,living-temp,20.6
2026-08-07 22:53:16,bathroom-motion,ON
2026-08-07 22:53:33,fridge-door,OPEN
2026-08-07 22:53:36,bathroom-motion,ON
2026-08-07 22:53:39,bedroom-motion,ON
2026-08-07 22:53:42,living-motion,ON
2026-08-07 22:53:45,living-temp,19.5
2026-08-07 22:53:48,living-motion,ON
2026-08-07 22:53:52,living-motion,ON
2026-08-07 22:53:55,bedroom-motion,ON
2026-08-07 22:53:58,fridge-door,OPEN
2026-08-07 22:54:01,kitchen-motion,ON
2026-08-07 22:54:04,bedroom-motion,ON
2026-08-07 22:54:07,bed-mat,EMPTY
2026-08-07 22:55:04,living-motion,ON
2026-08-07 22:55:07,bathroom-motion,ON
2026-08-07 22:55:10,fridge-door,CLOSE
2026-08-07 22:56:40,bathroom-motion,ON
2026-08-07 22:56:43,front-door,CLOSE
2026-08-07 22:56:49,fridge-door,OPEN
2026-08-07 22:56:52,front-door,CLOSE
2026-08-07 22:56:55,kitchen-motion,ON
2026-08-07 22:56:58,living-temp,19.0
2026-08-07 22:57:01,bathroom-motion,ON
2026-08-07 22:57:04,bathroom-motion,ON
2026-08-07 22:57:07,living-motion,ON
2026-08-07 22:57:10,bedroom-motion,ON
2026-08-07 22:57:13,bedroom-motion,ON
2026-08-07 22:57:16,fridge-door,OPEN
2026-08-07 22:57:19,kitchen-motion,ON
2026-08-07 22:57:22,front-door,CLOSE
2026-08-07 22:57:25,bedroom-motion,ON
2026-08-07 22:57:28,front-door,CLOSE
2026-08-07 22:57:31,kitchen-motion,ON
2026-08-07 22:57:34,living-temp,20.7
2026-08-07 22:57:37,living-motion,ON
2026-08-07 22:57:41,living-temp,20.9
2026-08-07 22:57:44,living-temp,20.7
2026-08-07 22:57:47,fridge-door,CLOSE
2026-08-07 22:57:50,kitchen-motion,ON
2026-08-07 22:57:53,living-motion,ON
2026-08-07 22:57:56,bed-mat,OCCUPIED
2026-08-07 22:57:59,bedroom-motion,ON
2026-08-07 22:58:02,kitchen-motion,ON
2026-08-07 22:58:05,kitchen-motion,ON
2026-08-07 22:58:08,front-door,OPEN
2026-08-07 22:58:11,bathroom-motion,ON
2026-08-07 22:58:14,living-motion,ON
2026-08-07 22:58:17,living-motion,ON
2026-08-07 22:58:20,living-temp,19.0
2026-08-07 22:58:23,kitchen-motion,ON
2026-08-07 22:58:26,bathroom-motion,ON
2026-08-07 22:58:29,bedroom-motion,ON
2026-08-07 22:58:32,kitchen-motion,ON
2026-08-07 22:58:35,kitchen-motion,ON
2026-08-07 22:58:38,front-door,OPEN
2026-08-07 22:58:41,kitchen-motion,ON
2026-08-07 22:58:44,front-door,OPEN
2026-08-07 22:58:47,living-temp,18.6
2026-08-07 22:58:50,living-temp,20.1
2026-08-07 22:58:53,bedroom-motion,ON
2026-08-07 22:58:56,kitchen-motion,ON
2026-08-07 22:58:59,bedroom-motion,ON
2026-08-07 22:59:02,kitchen-motion,ON
2026-08-07 22:59:05,living-motion,ON
2026-08-07 22:59:08,front-door,CLOSE
2026-08-07 22:59:11,bed-mat,OCCUPIED
2026-08-07 22:59:14,bathroom-motion,ON
2026-08-07 22:59:17,kitchen-motion,ON
2026-08-07 22:59:20,bathroom-motion,ON
2026-08-07 22:59:23,bed-mat,EMPTY
2026-08-07 22:59:26,living-temp,19.9
2026-08-07 22:59:29,fridge-door,CLOSE
2026-08-07 22:59:32,bed-mat,OCCUPIED
2026-08-07 22:59:35,bathroom-motion,ON
2026-08-07 22:59:38,bathroom-motion,ON
2026-08-07 22:59:41,bed-mat,OCCUPIED
2026-08-07 22:59:44,bed-mat,EMPTY
2026-08-07 22:59:47,bed-mat,EMPTY
2026-08-07 22:59:50,front-door,OPEN
2026-08-07 22:59:53,fridge-door,OPEN
2026-08-07 22:59:56,living-temp,18.8
2026-08-07 22:59:59,bed-mat,OCCUPIED
2026-08-07 23:00:02,bed-mat,OCCUPIED
2026-08-07 23:00:05,living-temp,19.4
2026-08-07 23:00:08,kitchen-motion,ON
2026-08-07 23:00:11,bathroom-motion,ON
2026-08-07 23:00:14,living-temp,20.7
2026-08-07 23:00:17,bed-mat,OCCUPIED
2026-08-07 23:00:20,bed-mat,EMPTY
2026-08-07 23:00:23,bathroom-motion,ON
2026-08-07 23:00:26,bathroom-motion,ON
2026-08-07 23:00:29,bed-mat,EMPTY
2026-08-07 23:00:32,bedroom-motion,ON
2026-08-07 23:00:35,fridge-door,OPEN
2026-08-07 23:00:38,bathroom-motion,ON
2026-08-07 23:00:41,living-motion,ON
2026-08-07 23:00:44,bed-mat,OCCUPIED
2026-08-07 23:00:47,living-temp,20.4
2026-08-07 23:00:50,fridge-door,OPEN
2026-08-07 23:00:53,bathroom-motion,ON
2026-08-07 23:00:56,living-motion,ON
2026-08-07 23:00:59,fridge-door,OPEN
2026-08-07 23:01:02,bedroom-motion,ON
2026-08-07 23:01:05,living-motion,ON
2026-08-07 23:01:08,kitchen-motion,ON
2026-08-07 23:01:11,kitchen-motion,ON
2026-08-07 23:01:14,living-motion,ON
2026-08-07 23:01:17,fridge-door,OPEN
2026-08-07 23:01:20,kitchen-motion,ON
2026-08-07 23:01:23,bed-mat,OCCUPIED
2026-08-07 23:01:26,bathroom-motion,ON
2026-08-07 23:01:29,kitchen-motion,ON
2026-08-07 23:01:32,living-motion,ON
2026-08-07 23:01:35,bathroom-motion,ON
2026-08-07 23:01:38,fridge-door,OPEN
2026-08-07 23:01:41,front-door,CLOSE
2026-08-07 23:01:44,living-temp,20.7
2026-08-07 23:01:47,fridge-door,OPEN
2026-08-07 23:01:50,bed-mat,OCCUPIED
2026-08-07 23:01:53,living-temp,21.0
2026-08-07 23:01:56,living-motion,ON
2026-08-07 23:01:59,kitchen-motion,ON
2026-08-07 23:02:02,living-temp,20.2
2026-08-07 23:02:05,front-door,OPEN
2026-08-07 23:02:08,living-motion,ON
2026-08-07 23:02:11,bedroom-motion,ON
2026-08-07 23:02:14,kitchen-motion,ON
2026-08-07 23:02:17,fridge-door,OPEN
2026-08-07 23:02:20,living-motion,ON
2026-08-07 23:02:23,bed-mat,OCCUPIED
2026-08-07 23:02:26,bedroom-motion,ON
2026-08-07 23:02:29,bedroom-motion,ON
2026-08-07 23:02:32,bathroom-motion,ON
2026-08-07 23:02:35,bed-mat,OCCUPIED
2026-08-07 23:02:38,living-motion,ON
2026-08-07 23:02:41,living-temp,21.0
2026-08-07 23:02:44,bed-mat,OCCUPIED
2026-08-07 23:02:47,bed-mat,EMPTY
2026-08-07 23:02:50,bed-mat,OCCUPIED
2026-08-07 23:02:53,fridge-door,OPEN
2026-08-07 23:02:56,kitchen-motion,ON
2026-08-07 23:02:59,bathroom-motion,ON
2026-08-07 23:03:02,kitchen-motion,ON
2026-08-07 23:03:05,kitchen-motion,ON
2026-08-07 23:03:08,living-motion,ON
2026-08-07 23:03:11,front-door,CLOSE
2026-08-07 23:03:14,kitchen-motion,ON
2026-08-07 23:03:17,living-motion,ON
2026-08-07 23:03:20,bedroom-motion,ON
2026-08-07 23:03:23,fridge-door,CLOSE
2026-08-07 23:03:26,bed-mat,EMPTY
2026-08-07 23:03:29,kitchen-motion,ON
2026-08-07 23:03:32,living-motion,ON
2026-08-07 23:03:35,living-temp,20.5
2026-08-07 23:03:38,front-door,CLOSE
2026-08-07 23:03:41,fridge-door,CLOSE
2026-08-07 23:03:44,living-temp,21.3
2026-08-07 23:03:47,front-door,OPEN
2026-08-07 23:03:50,front-door,OPEN
2026-08-07 23:03:53,bedroom-motion,ON
2026-08-07 23:03:56,living-motion,ON
2026-08-07 23:03:59,living-temp,20.5
2026-08-07 23:04:02,front-door,CLOSE
2026-08-07 23:04:05,bed-mat,EMPTY
2026-08-07 23:04:08,front-door,CLOSE
2026-08-07 23:04:11,living-motion,ON
2026-08-07 23:04:14,living-motion,ON
2026-08-07 23:04:17,living-temp,21.0
2026-08-07 23:04:20,fridge-door,OPEN
2026-08-07 23:04:23,living-motion,ON
2026-08-07 23:04:26,living-motion,ON
2026-08-07 23:04:29,bathroom-motion,ON
2026-08-07 23:04:32,bathroom-motion,ON
2026-08-07 23:04:35,bedroom-motion,ON
2026-08-07 23:04:38,bed-mat,OCCUPIED
2026-08-07 23:04:41,living-motion,ON
2026-08-07 23:04:44,bathroom-motion,ON
2026-08-07 23:04:47,bedroom-motion,ON
2026-08-07 23:04:50,bed-mat,OCCUPIED
2026-08-07 23:04:53,kitchen-motion,ON
2026-08-07 23:20:59,fridge-door,OPEN
2026-08-07 23:34:50,bedroom-motion,ON
2026-08-07 23:34:53,living-motion,ON
2026-08-07 23:34:56,fridge-door,CLOSE
2026-08-07 23:34:59,bed-mat,OCCUPIED
2026-08-07 23:35:02,bathroom-motion,ON
2026-08-07 23:35:05,bathroom-motion,ON
2026-08-07 23:35:08,bathroom-motion,ON
2026-08-07 23:35:11,bedroom-motion,ON
2026-08-07 23:35:14,kitchen-motion,ON
2026-08-07 23:35:17,front-door,OPEN
2026-08-07 23:35:20,fridge-door,CLOSE
2026-08-07 23:35:23,bed-mat,EMPTY
2026-08-07 23:35:26,bathroom-motion,ON
2026-08-07 23:35:29,living-motion,ON
2026-08-07 23:35:32,fridge-door,OPEN
2026-08-07 23:35:35,living-temp,18.9
2026-08-07 23:35:38,living-temp,19.6
2026-08-07 23:35:41,bathroom-motion,ON
2026-08-07 23:35:44,bathroom-motion,ON
2026-08-07 23:35:47,bathroom-motion,ON
2026-08-07 23:35:50,fridge-door,CLOSE
2026-08-07 23:35:53,bathroom-motion,ON
2026-08-07 23:35:56,front-door,CLOSE
2026-08-07 23:35:59,bedroom-motion,ON
2026-08-07 23:36:02,kitchen-motion,ON
2026-08-07 23:36:05,front-door,OPEN
2026-08-07 23:36:08,bathroom-motion,ON
2026-08-07 23:36:11,front-door,CLOSE
2026-08-07 23:36:14,fridge-door,CLOSE
2026-08-07 23:36:17,living-temp,21.1
2026-08-07 23:36:20,front-door,CLOSE
2026-08-07 23:36:23,bedroom-motion,ON
2026-08-07 23:36:26,bed-mat,EMPTY
2026-08-07 23:36:29,living-motion,ON
2026-08-07 23:36:32,bathroom-motion,ON
2026-08-07 23:36:35,kitchen-motion,ON
2026-08-07 23:36:38,living-motion,ON
2026-08-07 23:36:41,bedroom-motion,ON
2026-08-07 23:36:44,kitchen-motion,ON
2026-08-07 23:36:47,living-temp,21.2
2026-08-07 23:39:15,bathroom-motion,ON
2026-08-07 23:39:18,living-motion,ON
2026-08-07 23:39:21,fridge-door,OPEN
2026-08-07 23:41:45,kitchen-motion,ON
2026-08-07 23:41:48,fridge-door,CLOSE
2026-08-07 23:41:51,front-door,CLOSE
2026-08-07 23:41:54,bed-mat,OCCUPIED
2026-08-07 23:41:57,kitchen-motion,ON
2026-08-07 23:42:00,bathroom-motion,ON
2026-08-07 23:42:03,living-temp,20.6
2026-08-07 23:42:06,kitchen-motion,ON
2026-08-07 23:42:09,front-door,CLOSE
2026-08-07 23:42:12,fridge-door,OPEN
2026-08-07 23:42:15,bed-mat,OCCUPIED
2026-08-07 23:42:18,front-door,CLOSE
2026-08-07 23:42:21,fridge-door,CLOSE
2026-08-07 23:42:24,living-temp,20.2
2026-08-07 23:42:27,bed-mat,OCCUPIED
2026-08-07 23:42:30,living-motion,ON
2026-08-07 23:42:33,bedroom-motion,ON
2026-08-07 23:42:36,fridge-door,OPEN
2026-08-07 23:42:39,living-motion,ON
2026-08-07 23:42:42,bathroom-motion,ON
2026-08-07 23:42:45,front-door,CLOSE
2026-08-07 23:42:48,fridge-door,OPEN
2026-08-07 23:42:51,living-motion,ON
2026-08-07 23:42:54,front-door,OPEN
2026-08-07 23:42:58,living-temp,19.9
2026-08-07 23:43:01,kitchen-motion,ON
2026-08-07 23:43:04,living-motion,ON
2026-08-07 23:43:07,living-temp,19.0
2026-08-07 23:43:10,front-door,CLOSE
2026-08-07 23:43:13,bathroom-motion,ON
2026-08-07 23:43:16,living-temp,18.7
2026-08-07 23:43:19,front-door,CLOSE
2026-08-07 23:43:22,front-door,OPEN
2026-08-07 23:43:25,front-door,CLOSE
2026-08-07 23:43:28,fridge-door,CLOSE
2026-08-07 23:43:31,kitchen-motion,ON
2026-08-07 23:43:34,front-door,OPEN
2026-08-07 23:43:37,bed-mat,OCCUPIED
2026-08-07 23:43:40,front-door,CLOSE
2026-08-07 23:43:43,bedroom-motion,ON
2026-08-07 23:43:46,kitchen-motion,ON
2026-08-07 23:43:49,living-motion,ON
2026-08-07 23:43:52,kitchen-motion,ON
2026-08-07 23:43:55,bed-mat,EMPTY
2026-08-07 23:43:58,kitchen-motion,ON
2026-08-07 23:44:01,fridge-door,OPEN
2026-08-07 23:44:04,front-door,OPEN
2026-08-07 23:44:07,living-temp,20.8
2026-08-07 23:44:10,kitchen-motion,ON
2026-08-07 23:44:13,living-temp,20.9
2026-08-07 23:44:16,living-temp,20.6
2026-08-07 23:44:19,kitchen-motion,ON
2026-08-07 23:44:22,fridge-door,CLOSE
2026-08-07 23:44:25,living-motion,ON
2026-08-07 23:44:28,fridge-door,OPEN
2026-08-07 23:44:31,bathroom-motion,ON
2026-08-07 23:44:34,bedroom-motion,ON
2026-08-07 23:44:37,kitchen-motion,ON
2026-08-07 23:44:40,bed-mat,EMPTY
2026-08-07 23:44:43,living-temp,20.7
2026-08-07 23:44:46,bedroom-motion,ON
2026-08-07 23:44:49,living-temp,19.2
2026-08-07 23:44:52,front-door,OPEN
2026-08-07 23:44:55,living-temp,18.9
2026-08-07 23:44:58,bed-mat,EMPTY
2026-08-07 23:45:01,front-door,CLOSE
2026-08-07 23:45:04,bedroom-motion,ON
2026-08-07 23:45:07,bathroom-motion,ON
2026-08-07 23:45:10,living-motion,ON
2026-08-07 23:45:13,living-motion,ON
2026-08-07 23:45:16,fridge-door,OPEN
2026-08-07 23:45:19,front-door,CLOSE
2026-08-07 23:45:22,front-door,OPEN
2026-08-07 23:45:25,fridge-door,CLOSE
2026-08-07 23:45:28,bed-mat,EMPTY
2026-08-07 23:45:31,bed-mat,OCCUPIED
2026-08-07 23:45:34,bathroom-motion,ON
2026-08-07 23:45:37,bedroom-motion,ON
2026-08-07 23:45:40,front-door,CLOSE
2026-08-07 23:45:43,bed-mat,OCCUPIED
2026-08-07 23:45:46,living-temp,21.5
2026-08-07 23:45:49,living-temp,19.0
2026-08-07 23:45:52,living-motion,ON
2026-08-07 23:45:55,living-temp,18.8
2026-08-07 23:45:58,bathroom-motion,ON
2026-08-07 23:46:01,bathroom-motion,ON
2026-08-07 23:46:04,front-door,CLOSE
2026-08-07 23:46:07,kitchen-motion,ON
2026-08-07 23:46:10,bed-mat,EMPTY
2026-08-07 23:46:13,bathroom-motion,ON
2026-08-07 23:46:16,bedroom-motion,ON
2026-08-07 23:46:19,bedroom-motion,ON
2026-08-07 23:46:22,living-motion,ON
2026-08-07 23:46:25,kitchen-motion,ON
2026-08-07 23:46:28,front-door,OPEN
2026-08-07 23:46:31,living-motion,ON
2026-08-07 23:46:34,fridge-door,OPEN
2026-08-07 23:46:37,fridge-door,OPEN
2026-08-07 23:46:40,bathroom-motion,ON
2026-08-07 23:46:43,kitchen-motion,ON
2026-08-07 23:46:46,living-temp,19.9
2026-08-07 23:46:49,bathroom-motion,ON
2026-08-07 23:46:52,bedroom-motion,ON
2026-08-07 23:46:55,kitchen-motion,ON
2026-08-07 23:46:58,kitchen-motion,ON
2026-08-07 23:47:01,fridge-door,CLOSE
2026-08-07 23:47:04,fridge-door,CLOSE
2026-08-07 23:47:07,front-door,OPEN
2026-08-07 23:47:10,living-motion,ON
2026-08-07 23:47:13,front-door,CLOSE
2026-08-07 23:47:16,bathroom-motion,ON
2026-08-07 23:47:19,fridge-door,OPEN
2026-08-07 23:47:22,fridge-door,CLOSE
2026-08-07 23:47:25,kitchen-motion,ON
2026-08-07 23:47:28,bed-mat,EMPTY
2026-08-07 23:47:31,bed-mat,OCCUPIED
2026-08-07 23:47:34,fridge-door,CLOSE
2026-08-07 23:47:37,living-temp,19.3
2026-08-07 23:47:40,bathroom-motion,ON
2026-08-07 23:47:43,kitchen-motion,ON
2026-08-07 23:47:46,living-temp,19.5
2026-08-07 23:47:49,kitchen-motion,ON
2026-08-07 23:47:52,living-motion,ON
2026-08-07 23:47:55,living-temp,18.9
2026-08-07 23:47:58,bed-mat,EMPTY
2026-08-07 23:48:01,kitchen-motion,ON
2026-08-07 23:48:04,living-temp,20.6
2026-08-07 23:48:07,bathroom-motion,ON
2026-08-07 23:48:10,fridge-door,CLOSE
2026-08-07 23:48:13,bed-mat,OCCUPIED
2026-08-07 23:48:16,bedroom-motion,ON
2026-08-07 23:48:19,bedroom-motion,ON
2026-08-07 23:48:22,kitchen-motion,ON
2026-08-07 23:48:25,bedroom-motion,ON
2026-08-07 23:48:28,living-temp,19.1
2026-08-07 23:48:31,living-motion,ON
2026-08-07 23:48:34,bathroom-motion,ON
2026-08-07 23:48:37,living-temp,18.7
2026-08-07 23:48:40,living-temp,21.1
2026-08-07 23:48:43,kitchen-motion,ON
2026-08-07 23:48:46,bed-mat,EMPTY
2026-08-07 23:48:49,living-motion,ON
2026-08-07 23:48:52,kitchen-motion,ON
2026-08-07 23:48:55,bathroom-motion,ON
2026-08-07 23:48:58,living-temp,20.3
2026-08-07 23:49:01,front-door,OPEN
2026-08-07 23:49:04,fridge-door,OPEN
2026-08-07 23:49:07,bed-mat,EMPTY
2026-08-07 23:49:10,living-temp,18.9
2026-08-07 23:49:13,fridge-door,CLOSE
2026-08-07 23:49:16,living-temp,19.9
2026-08-07 23:49:19,living-temp,18.9
2026-08-07 23:49:22,front-door,CLOSE
2026-08-07 23:49:25,living-motion,ON
2026-08-07 23:49:28,kitchen-motion,ON
2026-08-07 23:49:31,bedroom-motion,ON
2026-08-07 23:49:34,front-door,CLOSE
2026-08-07 23:49:37,kitchen-motion,ON
2026-08-07 23:49:40,fridge-door,OPEN
2026-08-07 23:49:43,living-temp,19.7
2026-08-07 23:49:46,front-door,CLOSE
2026-08-07 23:49:49,front-door,OPEN
2026-08-07 23:49:52,bed-mat,EMPTY
2026-08-07 23:49:55,living-motion,ON
2026-08-07 23:49:58,bathroom-motion,ON
2026-08-07 23:50:01,bed-mat,OCCUPIED
2026-08-07 23:50:04,living-motion,ON
2026-08-07 23:50:07,front-door,CLOSE
2026-08-07 23:50:10,living-temp,19.1
2026-08-07 23:50:13,bedroom-motion,ON
2026-08-07 23:50:16,living-temp,19.5
2026-08-07 23:50:19,fridge-door,CLOSE
2026-08-07 23:50:22,bedroom-motion,ON
2026-08-07 23:50:25,kitchen-motion,ON
2026-08-07 23:50:28,bed-mat,EMPTY
2026-08-07 23:50:31,bedroom-motion,ON
2026-08-07 23:50:34,bedroom-motion,ON
2026-08-07 23:50:37,kitchen-motion,ON
2026-08-07 23:50:40,bedroom-motion,ON
2026-08-07 23:50:43,bedroom-motion,ON
2026-08-07 23:50:46,front-door,CLOSE
2026-08-07 23:50:49,bed-mat,EMPTY
2026-08-07 23:50:52,living-temp,20.8
2026-08-07 23:50:55,fridge-door,OPEN
2026-08-07 23:50:58,fridge-door,CLOSE
2026-08-07 23:51:01,kitchen-motion,ON
2026-08-07 23:51:04,kitchen-motion,ON
2026-08-07 23:51:07,fridge-door,OPEN
2026-08-07 23:51:10,living-temp,20.5
2026-08-07 23:51:13,living-temp,19.3
2026-08-07 23:51:16,bathroom-motion,ON
2026-08-07 23:51:19,fridge-door,OPEN
2026-08-07 23:51:22,bed-mat,OCCUPIED
2026-08-07 23:51:25,bedroom-motion,ON
2026-08-07 23:51:28,fridge-door,OPEN
2026-08-07 23:51:31,fridge-door,OPEN
2026-08-07 23:51:34,front-door,CLOSE
2026-08-07 23:51:37,front-door,CLOSE
2026-08-07 23:51:40,fridge-door,CLOSE
2026-08-07 23:51:43,living-motion,ON
2026-08-07 23:51:46,kitchen-motion,ON
2026-08-07 23:51:49,living-motion,ON
2026-08-07 23:51:52,bed-mat,OCCUPIED
2026-08-07 23:51:55,living-motion,ON
2026-08-07 23:51:58,fridge-door,CLOSE
2026-08-07 23:52:01,bedroom-motion,ON
2026-08-07 23:52:04,living-temp,20.1
2026-08-07 23:52:07,living-motion,ON
2026-08-07 23:52:10,bedroom-motion,ON
2026-08-07 23:52:13,bed-mat,OCCUPIED
2026-08-07 23:52:16,living-temp,19.9
2026-08-07 23:52:19,bed-mat,OCCUPIED
2026-08-07 23:52:22,kitchen-motion,ON
2026-08-07 23:52:25,living-motion,ON
2026-08-07 23:52:28,living-temp,20.9
2026-08-07 23:52:31,bathroom-motion,ON
2026-08-07 23:52:34,front-door,CLOSE
2026-08-07 23:52:37,living-temp,20.0
2026-08-07 23:52:40,front-door,OPEN
2026-08-07 23:52:43,bathroom-motion,ON
2026-08-07 23:52:46,kitchen-motion,ON
2026-08-07 23:52:49,front-door,CLOSE
2026-08-07 23:52:52,kitchen-motion,ON
2026-08-07 23:52:55,kitchen-motion,ON
2026-08-07 23:52:58,front-door,CLOSE
2026-08-07 23:53:01,bedroom-motion,ON
2026-08-07 23:53:04,kitchen-motion,ON
2026-08-07 23:53:07,bedroom-motion,ON
2026-08-07 23:53:10,bedroom-motion,ON
2026-08-07 23:53:14,bedroom-motion,ON
2026-08-07 23:53:17,living-motion,ON
2026-08-07 23:53:20,kitchen-motion,ON
2026-08-07 23:53:23,living-motion,ON
2026-08-07 23:53:26,living-motion,ON
2026-08-07 23:53:29,bed-mat,OCCUPIED
2026-08-07 23:53:32,kitchen-motion,ON
2026-08-07 23:53:35,living-temp,20.1
2026-08-07 23:53:38,bed-mat,EMPTY
2026-08-07 23:53:41,front-door,CLOSE
2026-08-07 23:53:44,kitchen-motion,ON
2026-08-07 23:53:47,bed-mat,EMPTY
2026-08-07 23:53:50,bathroom-motion,ON
2026-08-07 23:53:53,living-motion,ON
2026-08-07 23:53:56,front-door,CLOSE
2026-08-07 23:53:59,bedroom-motion,ON
2026-08-07 23:54:02,kitchen-motion,ON
2026-08-07 23:54:05,bedroom-motion,ON
2026-08-07 23:54:08,fridge-door,CLOSE
2026-08-07 23:54:11,bedroom-motion,ON
2026-08-07 23:54:14,front-door,CLOSE
2026-08-07 23:54:17,living-motion,ON
2026-08-07 23:54:20,living-motion,ON
2026-08-07 23:54:23,bedroom-motion,ON
2026-08-07 23:54:26,fridge-door,CLOSE
2026-08-07 23:54:29,bathroom-motion,ON
2026-08-07 23:54:32,fridge-door,OPEN
2026-08-07 23:54:35,bed-mat,EMPTY
2026-08-07 23:54:38,fridge-door,OPEN
2026-08-07 23:54:41,living-temp,20.6
2026-08-07 23:54:44,kitchen-motion,ON
2026-08-07 23:54:47,living-motion,ON
2026-08-07 23:54:50,bed-mat,OCCUPIED
2026-08-07 23:54:53,bedroom-motion,ON
2026-08-07 23:54:56,bathroom-motion,ON
2026-08-07 23:54:59,bed-mat,EMPTY
2026-08-07 23:55:02,bedroom-motion,ON
2026-08-07 23:55:05,kitchen-motion,ON
2026-08-07 23:55:08,living-temp,18.7
2026-08-07 23:55:11,living-temp,20.6
2026-08-07 23:55:14,front-door,CLOSE
2026-08-07 23:55:17,living-temp,20.5
2026-08-07 23:55:20,bathroom-motion,ON
2026-08-07 23:55:23,fridge-door,OPEN
2026-08-07 23:55:26,bedroom-motion,ON
2026-08-07 23:55:29,fridge-door,CLOSE
2026-08-07 23:55:32,bedroom-motion,ON
2026-08-07 23:55:35,bathroom-motion,ON
2026-08-07 23:55:38,bedroom-motion,ON
2026-08-07 23:55:41,living-motion,ON
2026-08-07 23:55:44,living-temp,20.6
2026-08-07 23:55:47,bedroom-motion,ON
2026-08-07 23:55:50,living-motion,ON
2026-08-07 23:55:53,bathroom-motion,ON
2026-08-07 23:55:56,living-temp,21.4
2026-08-07 23:55:59,bedroom-motion,ON
2026-08-07 23:56:02,kitchen-motion,ON
2026-08-07 23:56:05,living-motion,ON
2026-08-07 23:56:08,bed-mat,OCCUPIED
2026-08-07 23:56:11,bathroom-motion,ON
2026-08-07 23:56:14,front-door,CLOSE
2026-08-07 23:56:17,bathroom-motion,ON
2026-08-07 23:56:20,fridge-door,OPEN
2026-08-07 23:56:23,living-temp,21.3
2026-08-07 23:56:26,fridge-door,CLOSE
2026-08-07 23:56:29,kitchen-motion,ON
2026-08-07 23:56:32,bedroom-motion,ON
2026-08-07 23:56:35,bed-mat,OCCUPIED
2026-08-07 23:56:38,living-motion,ON
2026-08-07 23:56:41,living-motion,ON
2026-08-07 23:56:44,bathroom-motion,ON
2026-08-07 23:56:47,fridge-door,OPEN
2026-08-07 23:56:50,front-door,OPEN
2026-08-07 23:56:53,living-motion,ON
2026-08-07 23:56:56,bedroom-motion,ON
2026-08-07 23:56:59,kitchen-motion,ON
2026-08-07 23:57:02,front-door,CLOSE
2026-08-07 23:57:05,bed-mat,OCCUPIED
2026-08-07 23:57:08,front-door,OPEN
2026-08-07 23:57:11,living-motion,ON
2026-08-07 23:57:14,front-door,CLOSE
2026-08-07 23:57:17,kitchen-motion,ON
2026-08-07 23:57:20,bed-mat,OCCUPIED
2026-08-07 23:57:23,fridge-door,OPEN
2026-08-07 23:57:26,bedroom-motion,ON
2026-08-07 23:57:29,living-temp,21.2
2026-08-07 23:57:32,front-door,CLOSE
2026-08-07 23:57:35,fridge-door,CLOSE
2026-08-07 23:57:38,front-door,OPEN
2026-08-07 23:57:41,fridge-door,OPEN
2026-08-07 23:57:44,living-temp,20.7
2026-08-07 23:57:47,front-door,CLOSE
2026-08-07 23:57:50,bed-mat,OCCUPIED
2026-08-07 23:57:53,fridge-door,OPEN
2026-08-07 23:57:56,kitchen-motion,ON
2026-08-07 23:57:59,fridge-door,CLOSE
2026-08-07 23:58:02,bed-mat,OCCUPIED
2026-08-07 23:58:05,bathroom-motion,ON
2026-08-07 23:58:08,kitchen-motion,ON
2026-08-07 23:58:11,living-temp,18.9
2026-08-07 23:58:14,bedroom-motion,ON
2026-08-07 23:58:17,bedroom-motion,ON
2026-08-07 23:58:20,bed-mat,EMPTY
2026-08-07 23:58:23,bedroom-motion,ON
2026-08-07 23:58:26,bathroom-motion,ON
2026-08-07 23:58:29,bedroom-motion,ON
2026-08-07 23:58:32,kitchen-motion,ON
2026-08-07 23:58:35,fridge-door,OPEN
2026-08-07 23:58:38,bed-mat,EMPTY
2026-08-07 23:58:41,living-motion,ON
2026-08-07 23:58:44,bed-mat,OCCUPIED
2026-08-07 23:58:47,kitchen-motion,ON
2026-08-07 23:58:50,bed-mat,OCCUPIED
2026-08-07 23:58:53,fridge-door,OPEN
2026-08-07 23:58:56,bathroom-motion,ON
2026-08-07 23:58:59,bedroom-motion,ON
2026-08-07 23:59:02,living-temp,20.1
2026-08-07 23:59:05,bed-mat,EMPTY
2026-08-07 23:59:08,fridge-door,CLOSE
2026-08-07 23:59:11,bed-mat,OCCUPIED
2026-08-07 23:59:14,living-temp,21.1
2026-08-07 23:59:17,bed-mat,EMPTY
2026-08-07 23:59:20,living-motion,ON
2026-08-07 23:59:23,bed-mat,OCCUPIED
2026-08-07 23:59:26,living-motion,ON
2026-08-07 23:59:29,fridge-door,CLOSE
2026-08-07 23:59:32,kitchen-motion,ON
2026-08-07 23:59:35,living-temp,20.4
2026-08-07 23:59:38,front-door,CLOSE
2026-08-07 23:59:41,front-door,OPEN
2026-08-07 23:59:44,bathroom-motion,ON
2026-08-07 23:59:47,bathroom-motion,ON
2026-08-07 23:59:50,bedroom-motion,ON
2026-08-07 23:59:53,living-motion,ON
2026-08-07 23:59:56,bathroom-motion,ON
2026-08-07 23:59:59,bed-mat,OCCUPIED
2026-08-08 00:00:02,bed-mat,EMPTY
2026-08-08 00:00:05,bathroom-motion,ON
2026-08-08 00:00:08,fridge-door,OPEN
2026-08-08 00:00:11,bedroom-motion,ON
2026-08-08 00:00:14,fridge-door,OPEN
2026-08-08 00:00:17,fridge-door,CLOSE
2026-08-08 00:00:20,fridge-door,OPEN
2026-08-08 00:00:23,bed-mat,OCCUPIED
2026-08-08 00:00:26,bathroom-motion,ON
2026-08-08 00:00:29,bedroom-motion,ON
2026-08-08 00:00:32,kitchen-motion,ON
2026-08-08 00:00:35,living-temp,19.8
2026-08-08 00:00:38,fridge-door,OPEN
2026-08-08 00:00:41,bathroom-motion,ON
2026-08-08 00:00:44,kitchen-motion,ON
2026-08-08 00:00:47,kitchen-motion,ON
2026-08-08 00:00:50,front-door,CLOSE
2026-08-08 00:00:53,living-temp,20.7
2026-08-08 00:00:56,bedroom-motion,ON
2026-08-08 00:00:59,bed-mat,EMPTY
2026-08-08 00:01:02,living-temp,18.8
2026-08-08 00:01:05,kitchen-motion,ON
2026-08-08 00:01:08,bedroom-motion,ON
2026-08-08 00:01:11,bathroom-motion,ON
2026-08-08 00:01:14,front-door,OPEN
2026-08-08 00:01:17,bed-mat,EMPTY
2026-08-08 00:01:20,kitchen-motion,ON
2026-08-08 00:01:23,kitchen-motion,ON
2026-08-08 00:01:26,front-door,CLOSE
2026-08-08 00:01:29,bedroom-motion,ON
2026-08-08 00:01:32,front-door,CLOSE
2026-08-08 00:01:35,front-door,CLOSE
2026-08-08 00:01:38,living-temp,18.8
2026-08-08 00:01:41,bedroom-motion,ON
2026-08-08 00:01:44,bathroom-motion,ON
2026-08-08 00:01:47,bathroom-motion,ON
2026-08-08 00:01:50,bathroom-motion,ON
2026-08-08 00:01:53,bedroom-motion,ON
2026-08-08 00:01:56,living-motion,ON
2026-08-08 00:01:59,bed-mat,OCCUPIED
2026-08-08 00:02:02,living-temp,19.5
2026-08-08 00:02:05,kitchen-motion,ON
2026-08-08 00:02:08,bathroom-motion,ON
2026-08-08 00:02:11,bathroom-motion,ON
2026-08-08 00:02:14,bathroom-motion,ON
2026-08-08 00:02:17,kitchen-motion,ON
2026-08-08 00:02:20,bedroom-motion,ON
2026-08-08 00:02:23,bed-mat,OCCUPIED
2026-08-08 00:02:26,living-motion,ON
2026-08-08 00:02:29,bedroom-motion,ON
2026-08-08 00:02:32,living-motion,ON
2026-08-08 00:02:35,bedroom-motion,ON
2026-08-08 00:02:38,bedroom-motion,ON
2026-08-08 00:02:41,fridge-door,OPEN
2026-08-08 00:02:44,bathroom-motion,ON
2026-08-08 00:02:47,front-door,CLOSE
2026-08-08 00:02:50,bedroom-motion,ON
2026-08-08 00:02:53,fridge-door,OPEN
2026-08-08 00:02:56,fridge-door,OPEN
2026-08-08 00:02:59,bathroom-motion,ON
2026-08-08 00:03:03,living-motion,ON
2026-08-08 00:03:06,front-door,CLOSE
2026-08-08 00:03:09,bathroom-motion,ON
2026-08-08 00:03:12,bathroom-motion,ON
2026-08-08 00:03:15,front-door,OPEN
2026-08-08 00:03:18,bedroom-motion,ON
2026-08-08 00:03:21,living-temp,19.1
2026-08-08 00:03:24,living-motion,ON
2026-08-08 00:03:27,fridge-door,CLOSE
2026-08-08 00:03:30,front-door,CLOSE
2026-08-08 00:03:33,kitchen-motion,ON
2026-08-08 00:03:36,front-door,OPEN
2026-08-08 00:03:39,living-motion,ON
2026-08-08 00:03:42,front-door,CLOSE
2026-08-08 00:03:45,bathroom-motion,ON
2026-08-08 00:03:48,front-door,CLOSE
2026-08-08 00:03:51,living-temp,19.7
2026-08-08 00:03:54,bedroom-motion,ON
2026-08-08 00:03:57,front-door,OPEN
2026-08-08 00:04:00,bathroom-motion,ON
2026-08-08 00:04:03,bedroom-motion,ON
2026-08-08 00:04:06,kitchen-motion,ON
2026-08-08 00:04:09,bed-mat,OCCUPIED
2026-08-08 00:04:12,bathroom-motion,ON
2026-08-08 00:04:15,kitchen-motion,ON
2026-08-08 00:04:18,living-motion,ON
2026-08-08 00:04:21,bed-mat,EMPTY
2026-08-08 00:04:24,front-door,OPEN
2026-08-08 00:04:27,front-door,CLOSE
2026-08-08 00:04:30,bedroom-motion,ON
2026-08-08 00:04:33,bathroom-motion,ON
2026-08-08 00:04:36,bedroom-motion,ON
2026-08-08 00:04:39,kitchen-motion,ON
2026-08-08 00:04:42,bed-mat,OCCUPIED
2026-08-08 00:04:45,bed-mat,EMPTY
2026-08-08 00:04:48,living-temp,21.1
2026-08-08 00:04:51,bedroom-motion,ON
2026-08-08 00:04:54,living-motion,ON
2026-08-08 00:04:57,living-motion,ON
2026-08-08 00:05:00,bedroom-motion,ON
2026-08-08 00:05:03,living-motion,ON
2026-08-08 00:05:06,bathroom-motion,ON
2026-08-08 00:05:09,bed-mat,OCCUPIED
2026-08-08 00:05:12,fridge-door,OPEN
2026-08-08 00:05:15,bedroom-motion,ON
2026-08-08 00:05:18,kitchen-motion,ON
2026-08-08 00:05:21,bedroom-motion,ON
2026-08-08 00:05:24,bathroom-motion,ON
2026-08-08 00:05:27,bed-mat,EMPTY
2026-08-08 00:05:30,living-motion,ON
2026-08-08 00:05:33,living-temp,20.1
2026-08-08 00:05:36,living-temp,19.6
2026-08-08 00:05:39,front-door,CLOSE
2026-08-08 00:05:42,bathroom-motion,ON
2026-08-08 00:05:45,kitchen-motion,ON
2026-08-08 00:05:48,bedroom-motion,ON
2026-08-08 00:05:51,front-door,OPEN
2026-08-08 00:05:54,bathroom-motion,ON
2026-08-08 00:05:57,kitchen-motion,ON
2026-08-08 00:06:00,front-door,OPEN
2026-08-08 00:06:03,living-temp,21.4
2026-08-08 00:06:06,bed-mat,EMPTY
2026-08-08 00:06:09,kitchen-motion,ON
2026-08-08 00:06:12,front-door,OPEN
2026-08-08 00:06:15,bedroom-motion,ON
2026-08-08 00:06:18,bedroom-motion,ON
2026-08-08 00:06:21,front-door,OPEN
2026-08-08 00:06:24,bed-mat,EMPTY
2026-08-08 00:06:27,fridge-door,CLOSE
2026-08-08 00:06:30,front-door,OPEN
2026-08-08 00:06:33,bathroom-motion,ON
2026-08-08 00:06:36,front-door,OPEN
2026-08-08 00:06:39,living-temp,18.7
2026-08-08 00:06:42,kitchen-motion,ON
2026-08-08 00:06:45,bedroom-motion,ON
2026-08-08 00:06:48,living-temp,20.3
2026-08-08 00:06:51,bedroom-motion,ON
2026-08-08 00:06:54,living-temp,19.4
2026-08-08 00:06:57,fridge-door,OPEN
2026-08-08 00:07:00,living-motion,ON
2026-08-08 00:07:03,living-temp,19.5
2026-08-08 00:07:06,fridge-door,CLOSE
2026-08-08 00:07:09,front-door,CLOSE
2026-08-08 00:07:12,bed-mat,OCCUPIED
2026-08-08 00:07:15,living-temp,18.9
2026-08-08 00:07:18,kitchen-motion,ON
2026-08-08 00:07:21,kitchen-motion,ON
2026-08-08 00:07:24,front-door,OPEN
2026-08-08 00:07:27,fridge-door,CLOSE
2026-08-08 00:07:30,bathroom-motion,ON
2026-08-08 00:07:33,front-door,OPEN
2026-08-08 00:07:36,fridge-door,CLOSE
2026-08-08 00:07:39,living-temp,19.5
2026-08-08 00:07:42,front-door,CLOSE
2026-08-08 00:07:45,bedroom-motion,ON
2026-08-08 00:07:48,living-motion,ON
2026-08-08 00:07:51,living-motion,ON
2026-08-08 00:07:54,bedroom-motion,ON
2026-08-08 00:07:57,bathroom-motion,ON
2026-08-08 00:08:00,bathroom-motion,ON
2026-08-08 00:08:03,kitchen-motion,ON
2026-08-08 00:08:06,living-temp,20.4
2026-08-08 00:08:09,bed-mat,EMPTY
2026-08-08 00:08:12,kitchen-motion,ON
2026-08-08 00:08:15,fridge-door,OPEN
2026-08-08 00:08:18,bedroom-motion,ON
2026-08-08 00:08:21,fridge-door,CLOSE
2026-08-08 00:08:24,bathroom-motion,ON
2026-08-08 00:08:27,living-temp,20.1
2026-08-08 00:08:30,kitchen-motion,ON
2026-08-08 00:08:33,bed-mat,EMPTY
2026-08-08 00:08:36,kitchen-motion,ON
2026-08-08 00:08:39,bathroom-motion,ON
2026-08-08 00:08:42,living-motion,ON
2026-08-08 00:08:45,bed-mat,EMPTY
2026-08-08 00:08:48,bedroom-motion,ON
2026-08-08 00:08:51,living-motion,ON
2026-08-08 00:08:54,bed-mat,OCCUPIED
2026-08-08 00:08:57,front-door,CLOSE
2026-08-08 00:09:00,kitchen-motion,ON
2026-08-08 00:09:03,living-temp,19.7
2026-08-08 00:09:06,kitchen-motion,ON
2026-08-08 00:09:09,front-door,CLOSE
2026-08-08 00:09:12,kitchen-motion,ON
2026-08-08 00:09:15,kitchen-motion,ON
2026-08-08 00:09:18,bedroom-motion,ON
2026-08-08 00:09:21,bedroom-motion,ON
2026-08-08 00:09:24,bedroom-motion,ON
2026-08-08 00:09:27,living-temp,19.2
2026-08-08 00:09:30,living-temp,19.2
2026-08-08 00:09:33,bedroom-motion,ON
2026-08-08 00:09:36,living-temp,21.5
2026-08-08 00:09:39,kitchen-motion,ON
2026-08-08 00:09:42,living-motion,ON
2026-08-08 00:09:45,fridge-door,OPEN
2026-08-08 00:09:48,bedroom-motion,ON
2026-08-08 00:09:51,bed-mat,EMPTY
2026-08-08 00:09:54,front-door,CLOSE
2026-08-08 00:09:57,front-door,CLOSE
2026-08-08 00:10:00,kitchen-motion,ON
2026-08-08 00:10:03,kitchen-motion,ON
2026-08-08 00:10:06,kitchen-motion,ON
2026-08-08 00:10:09,kitchen-motion,ON
2026-08-08 00:10:12,bathroom-motion,ON
2026-08-08 00:10:15,bed-mat,EMPTY
2026-08-08 00:10:18,front-door,OPEN
2026-08-08 00:10:21,living-temp,19.6
2026-08-08 00:10:24,fridge-door,CLOSE
2026-08-08 00:10:27,front-door,CLOSE
2026-08-08 00:10:30,living-motion,ON
2026-08-08 00:10:33,bathroom-motion,ON
2026-08-08 00:10:36,front-door,CLOSE
2026-08-08 00:10:39,front-door,OPEN
2026-08-08 00:10:42,living-motion,ON
2026-08-08 00:10:45,front-door,OPEN
2026-08-08 00:10:48,living-temp,21.3
2026-08-08 00:10:51,fridge-door,CLOSE
2026-08-08 00:10:54,bathroom-motion,ON
2026-08-08 00:10:57,bathroom-motion,ON
2026-08-08 00:11:00,front-door,CLOSE
2026-08-08 00:11:03,fridge-door,OPEN
2026-08-08 00:11:06,bedroom-motion,ON
2026-08-08 00:11:09,fridge-door,CLOSE
2026-08-08 00:11:12,living-temp,20.0
2026-08-08 00:11:15,living-temp,20.3
2026-08-08 00:11:18,bed-mat,OCCUPIED
2026-08-08 00:11:21,bedroom-motion,ON
2026-08-08 00:11:24,front-door,CLOSE
2026-08-08 00:11:27,kitchen-motion,ON
2026-08-08 00:11:30,living-temp,19.1
2026-08-08 00:11:33,kitchen-motion,ON
2026-08-08 00:11:36,fridge-door,OPEN
2026-08-08 00:11:39,bathroom-motion,ON
2026-08-08 00:11:42,fridge-door,OPEN
2026-08-08 00:11:45,bedroom-motion,ON
2026-08-08 00:11:48,fridge-door,OPEN
2026-08-08 00:11:51,front-door,CLOSE
2026-08-08 00:11:54,living-temp,21.3
2026-08-08 00:11:57,bathroom-motion,ON
2026-08-08 00:12:00,bathroom-motion,ON
2026-08-08 00:12:03,bedroom-motion,ON
2026-08-08 00:12:06,living-motion,ON
2026-08-08 00:12:09,living-temp,18.5
2026-08-08 00:12:12,living-temp,21.1
2026-08-08 00:12:15,bed-mat,EMPTY
2026-08-08 00:12:18,living-temp,19.8
2026-08-08 00:12:21,bed-mat,OCCUPIED
2026-08-08 00:12:24,bed-mat,EMPTY
2026-08-08 00:12:27,bed-mat,OCCUPIED
2026-08-08 00:12:30,bed-mat,EMPTY
2026-08-08 00:12:33,bed-mat,EMPTY
2026-08-08 00:12:36,living-temp,20.3
2026-08-08 00:12:39,living-temp,19.2
2026-08-08 00:12:42,living-temp,19.9
2026-08-08 00:12:45,bedroom-motion,ON
2026-08-08 00:12:48,living-motion,ON
2026-08-08 00:12:51,bedroom-motion,ON
2026-08-08 00:12:54,living-temp,19.3
2026-08-08 00:12:57,bedroom-motion,ON
2026-08-08 00:13:00,bedroom-motion,ON
2026-08-08 00:13:03,living-temp,21.4
2026-08-08 00:13:06,front-door,OPEN
2026-08-08 00:13:09,living-temp,21.3
2026-08-08 00:13:12,kitchen-motion,ON
2026-08-08 00:13:15,living-motion,ON
2026-08-08 00:13:18,bed-mat,EMPTY
2026-08-08 00:13:21,living-motion,ON
2026-08-08 00:13:24,living-temp,19.9
2026-08-08 00:13:27,front-door,OPEN
2026-08-08 00:13:30,front-door,CLOSE
2026-08-08 00:13:33,bed-mat,OCCUPIED
2026-08-08 00:13:36,fridge-door,OPEN
2026-08-08 00:13:40,bathroom-motion,ON
2026-08-08 00:13:43,bedroom-motion,ON
2026-08-08 00:13:46,fridge-door,OPEN
2026-08-08 00:13:49,bedroom-motion,ON
2026-08-08 00:13:52,living-motion,ON
2026-08-08 00:13:55,living-motion,ON
2026-08-08 00:13:58,living-temp,19.5
2026-08-08 00:14:01,kitchen-motion,ON
2026-08-08 00:14:04,bedroom-motion,ON
2026-08-08 00:14:07,kitchen-motion,ON
2026-08-08 00:14:10,bed-mat,EMPTY
2026-08-08 00:14:13,front-door,OPEN
2026-08-08 00:14:16,living-temp,21.4
2026-08-08 00:14:19,kitchen-motion,ON
2026-08-08 00:14:22,living-motion,ON
2026-08-08 00:14:25,fridge-door,OPEN
2026-08-08 00:14:28,living-motion,ON
2026-08-08 00:14:31,fridge-door,CLOSE
2026-08-08 00:14:34,fridge-door,CLOSE
2026-08-08 00:14:37,kitchen-motion,ON
2026-08-08 00:14:40,living-motion,ON
2026-08-08 00:14:43,living-motion,ON
2026-08-08 00:14:46,bed-mat,OCCUPIED
2026-08-08 00:14:49,kitchen-motion,ON
2026-08-08 00:14:52,front-door,OPEN
2026-08-08 00:14:55,front-door,CLOSE
2026-08-08 00:14:58,bed-mat,OCCUPIED
2026-08-08 00:15:01,fridge-door,CLOSE
2026-08-08 00:15:04,fridge-door,OPEN
2026-08-08 00:15:07,fridge-door,CLOSE
2026-08-08 00:15:10,living-temp,18.6
2026-08-08 00:15:13,living-temp,21.5
2026-08-08 00:15:16,bedroom-motion,ON
2026-08-08 00:15:19,bathroom-motion,ON
2026-08-08 00:15:22,bed-mat,OCCUPIED
2026-08-08 00:15:25,bed-mat,OCCUPIED
2026-08-08 00:15:28,fridge-door,OPEN
2026-08-08 00:15:31,bed-mat,OCCUPIED
2026-08-08 00:15:34,living-motion,ON
2026-08-08 00:15:37,living-motion,ON
2026-08-08 00:15:40,front-door,OPEN
2026-08-08 00:15:43,front-door,OPEN
2026-08-08 00:15:46,living-temp,19.0
2026-08-08 00:15:49,kitchen-motion,ON
2026-08-08 00:15:52,living-temp,21.0
2026-08-08 00:15:55,bed-mat,OCCUPIED
2026-08-08 00:15:58,bathroom-motion,ON
2026-08-08 00:16:01,front-door,OPEN
2026-08-08 00:16:04,bed-mat,OCCUPIED
2026-08-08 00:16:07,living-motion,ON
2026-08-08 00:16:10,living-temp,21.5
2026-08-08 00:16:13,fridge-door,CLOSE
2026-08-08 00:16:16,bed-mat,OCCUPIED
2026-08-08 00:16:19,living-temp,21.2
2026-08-08 00:16:22,kitchen-motion,ON
2026-08-08 00:16:25,living-temp,18.6
2026-08-08 00:16:28,living-motion,ON
2026-08-08 00:16:31,living-motion,ON
2026-08-08 00:16:34,bed-mat,OCCUPIED
2026-08-08 00:16:37,kitchen-motion,ON
2026-08-08 00:16:40,living-motion,ON
2026-08-08 00:16:43,bed-mat,OCCUPIED
2026-08-08 00:16:46,front-door,CLOSE
2026-08-08 00:16:49,kitchen-motion,ON
2026-08-08 00:16:52,bed-mat,EMPTY
2026-08-08 00:16:55,bathroom-motion,ON
2026-08-08 00:16:58,living-motion,ON
2026-08-08 00:17:01,living-temp,21.5
2026-08-08 00:17:04,bedroom-motion,ON
2026-08-08 00:17:07,living-motion,ON
2026-08-08 00:17:10,living-temp,19.0
2026-08-08 00:17:13,bathroom-motion,ON
2026-08-08 00:17:16,kitchen-motion,ON
2026-08-08 00:17:19,living-motion,ON
2026-08-08 00:17:22,living-temp,19.8
2026-08-08 00:17:25,bed-mat,OCCUPIED
2026-08-08 00:17:28,bathroom-motion,ON
2026-08-08 00:17:31,fridge-door,OPEN
2026-08-08 00:17:34,bed-mat,OCCUPIED
2026-08-08 00:17:37,bathroom-motion,ON
2026-08-08 00:17:40,fridge-door,OPEN
2026-08-08 00:17:43,front-door,OPEN
2026-08-08 00:17:46,living-motion,ON
2026-08-08 00:17:49,front-door,CLOSE
2026-08-08 00:17:52,living-temp,20.1
2026-08-08 00:17:55,kitchen-motion,ON
2026-08-08 00:17:58,fridge-door,OPEN
2026-08-08 00:18:01,living-motion,ON
2026-08-08 00:18:04,front-door,CLOSE
2026-08-08 00:18:07,bedroom-motion,ON
2026-08-08 00:18:10,kitchen-motion,ON
2026-08-08 00:18:13,bed-mat,OCCUPIED
2026-08-08 00:18:16,kitchen-motion,ON
2026-08-08 00:18:19,bathroom-motion,ON
2026-08-08 00:18:22,fridge-door,OPEN
2026-08-08 00:18:25,fridge-door,CLOSE
2026-08-08 00:18:28,fridge-door,OPEN
2026-08-08 00:18:31,bathroom-motion,ON
2026-08-08 00:18:34,bathroom-motion,ON
2026-08-08 00:18:37,bathroom-motion,ON
2026-08-08 00:18:40,kitchen-motion,ON
2026-08-08 00:18:43,living-temp,20.1
2026-08-08 00:18:46,bed-mat,EMPTY
2026-08-08 00:18:49,living-motion,ON
2026-08-08 00:18:52,kitchen-motion,ON
2026-08-08 00:18:55,living-motion,ON
2026-08-08 00:18:58,bathroom-motion,ON
2026-08-08 00:19:01,living-motion,ON
2026-08-08 00:19:04,front-door,OPEN
2026-08-08 00:19:07,bed-mat,OCCUPIED
2026-08-08 00:19:10,living-temp,20.7
2026-08-08 00:19:13,bed-mat,OCCUPIED
2026-08-08 00:19:16,kitchen-motion,ON
2026-08-08 00:19:19,living-motion,ON
2026-08-08 00:19:22,fridge-door,OPEN
2026-08-08 00:19:25,kitchen-motion,ON
2026-08-08 00:19:28,front-door,OPEN
2026-08-08 00:19:31,living-motion,ON
2026-08-08 00:19:34,bedroom-motion,ON
2026-08-08 00:19:37,kitchen-motion,ON
2026-08-08 00:19:40,bathroom-motion,ON
2026-08-08 00:19:43,bathroom-motion,ON
2026-08-08 00:19:46,bathroom-motion,ON
2026-08-08 00:19:49,bedroom-motion,ON
2026-08-08 00:19:52,bed-mat,OCCUPIED
2026-08-08 00:19:55,bathroom-motion,ON
2026-08-08 00:19:58,bathroom-motion,ON
2026-08-08 00:20:01,front-door,OPEN
2026-08-08 00:20:04,bed-mat,OCCUPIED
2026-08-08 00:20:07,bed-mat,OCCUPIED
2026-08-08 00:20:10,bathroom-motion,ON
2026-08-08 00:20:13,bedroom-motion,ON
2026-08-08 00:20:16,front-door,OPEN
2026-08-08 00:20:19,bedroom-motion,ON
2026-08-08 00:20:22,front-door,OPEN
2026-08-08 00:20:25,front-door,CLOSE
2026-08-08 00:20:28,living-motion,ON
2026-08-08 00:20:31,kitchen-motion,ON
2026-08-08 00:20:34,living-temp,19.0
2026-08-08 00:20:37,fridge-door,CLOSE
2026-08-08 00:20:40,bathroom-motion,ON
2026-08-08 00:20:43,bedroom-motion,ON
2026-08-08 00:20:46,bedroom-motion,ON
2026-08-08 00:20:49,bathroom-motion,ON
2026-08-08 00:20:52,front-door,CLOSE
2026-08-08 00:20:55,kitchen-motion,ON
2026-08-08 00:20:58,bathroom-motion,ON
2026-08-08 00:21:01,bed-mat,OCCUPIED
2026-08-08 00:21:04,bedroom-motion,ON
2026-08-08 00:21:07,fridge-door,CLOSE
2026-08-08 00:21:10,front-door,CLOSE
2026-08-08 00:21:13,living-motion,ON
2026-08-08 00:21:16,front-door,OPEN
2026-08-08 00:21:19,front-door,CLOSE
2026-08-08 00:21:22,living-temp,19.0
2026-08-08 00:21:25,kitchen-motion,ON
2026-08-08 00:21:28,bedroom-motion,ON
2026-08-08 00:21:31,bed-mat,EMPTY
2026-08-08 00:21:34,living-temp,20.8
2026-08-08 00:21:37,bed-mat,OCCUPIED
2026-08-08 00:21:40,kitchen-motion,ON
2026-08-08 00:21:43,fridge-door,OPEN
2026-08-08 00:21:46,bedroom-motion,ON
2026-08-08 00:21:49,bathroom-motion,ON
2026-08-08 00:21:52,front-door,CLOSE
2026-08-08 00:21:55,living-motion,ON
2026-08-08 00:21:58,living-temp,18.8
2026-08-08 00:22:01,bathroom-motion,ON
2026-08-08 00:22:04,bed-mat,OCCUPIED
2026-08-08 00:22:07,front-door,CLOSE
2026-08-08 00:22:10,living-temp,20.5
2026-08-08 00:22:13,bedroom-motion,ON
2026-08-08 00:22:16,living-temp,19.9
2026-08-08 00:22:19,bedroom-motion,ON
2026-08-08 00:22:22,bed-mat,OCCUPIED
2026-08-08 00:22:25,bedroom-motion,ON
2026-08-08 00:22:28,living-temp,19.5
2026-08-08 00:22:31,front-door,OPEN
2026-08-08 00:22:34,bed-mat,EMPTY
2026-08-08 00:22:37,living-motion,ON
2026-08-08 00:22:40,bed-mat,OCCUPIED
2026-08-08 00:22:43,bedroom-motion,ON
2026-08-08 00:22:46,living-temp,19.3
2026-08-08 00:22:49,bedroom-motion,ON
2026-08-08 00:22:52,living-temp,18.5
2026-08-08 00:22:55,kitchen-motion,ON
2026-08-08 00:22:58,bed-mat,OCCUPIED
2026-08-08 00:23:01,fridge-door,OPEN
2026-08-08 00:23:04,kitchen-motion,ON
2026-08-08 00:23:07,living-motion,ON
2026-08-08 00:23:10,bedroom-motion,ON
2026-08-08 00:23:13,living-motion,ON
2026-08-08 00:23:16,living-temp,18.5
2026-08-08 00:23:19,living-temp,21.3
2026-08-08 00:23:22,bed-mat,OCCUPIED
2026-08-08 00:23:25,fridge-door,CLOSE
2026-08-08 00:23:28,living-temp,21.5
2026-08-08 00:23:31,front-door,CLOSE
2026-08-08 00:23:34,living-motion,ON
2026-08-08 00:23:37,living-temp,20.3
2026-08-08 00:23:40,bed-mat,OCCUPIED
2026-08-08 00:23:43,fridge-door,OPEN
2026-08-08 00:23:46,bed-mat,OCCUPIED
2026-08-08 00:23:49,kitchen-motion,ON
2026-08-08 00:23:52,bathroom-motion,ON
2026-08-08 00:23:55,kitchen-motion,ON
2026-08-08 00:23:58,kitchen-motion,ON
2026-08-08 00:24:01,living-motion,ON
2026-08-08 00:24:04,kitchen-motion,ON
2026-08-08 00:24:07,living-motion,ON
2026-08-08 00:24:10,living-temp,20.6
2026-08-08 00:24:14,front-door,OPEN
2026-08-08 00:24:17,fridge-door,OPEN
2026-08-08 00:24:20,living-temp,21.4
2026-08-08 00:24:23,living-temp,20.9
2026-08-08 00:24:26,living-motion,ON
2026-08-08 00:24:29,bedroom-motion,ON
2026-08-08 00:24:32,living-motion,ON
2026-08-08 00:24:35,bedroom-motion,ON
2026-08-08 00:24:38,bed-mat,OCCUPIED
2026-08-08 00:24:41,living-motion,ON
2026-08-08 00:24:44,bathroom-motion,ON
2026-08-08 00:24:47,living-temp,19.3
2026-08-08 00:24:50,bedroom-motion,ON
2026-08-08 00:24:53,living-temp,20.6
2026-08-08 00:24:56,kitchen-motion,ON
2026-08-08 00:24:59,bed-mat,OCCUPIED
2026-08-08 00:25:02,kitchen-motion,ON
2026-08-08 00:25:05,front-door,OPEN
2026-08-08 00:25:08,bathroom-motion,ON
2026-08-08 00:25:11,fridge-door,OPEN
2026-08-08 00:25:14,fridge-door,CLOSE
2026-08-08 00:25:17,bathroom-motion,ON
2026-08-08 00:25:20,kitchen-motion,ON
2026-08-08 00:25:23,front-door,OPEN
2026-08-08 00:25:26,front-door,CLOSE
2026-08-08 00:25:29,bedroom-motion,ON
2026-08-08 00:25:32,bed-mat,OCCUPIED
2026-08-08 00:25:35,living-motion,ON
2026-08-08 00:25:38,living-temp,20.9
2026-08-08 00:25:41,kitchen-motion,ON
2026-08-08 00:25:44,bedroom-motion,ON
2026-08-08 00:25:47,fridge-door,CLOSE
2026-08-08 00:25:50,fridge-door,OPEN
2026-08-08 00:25:53,fridge-door,CLOSE
2026-08-08 00:25:56,kitchen-motion,ON
2026-08-08 00:25:59,bathroom-motion,ON
2026-08-08 00:26:02,front-door,CLOSE
2026-08-08 00:26:05,kitchen-motion,ON
2026-08-08 00:26:08,fridge-door,CLOSE
2026-08-08 00:26:11,living-temp,21.0
2026-08-08 00:26:14,living-motion,ON
2026-08-08 00:26:17,living-temp,18.6
2026-08-08 00:26:20,living-temp,20.3
2026-08-08 00:26:23,front-door,CLOSE
2026-08-08 00:26:26,fridge-door,OPEN
2026-08-08 00:26:29,front-door,OPEN
2026-08-08 00:26:32,bedroom-motion,ON
2026-08-08 00:26:35,kitchen-motion,ON
2026-08-08 00:26:38,bedroom-motion,ON
2026-08-08 00:26:41,bed-mat,OCCUPIED
2026-08-08 00:26:44,front-door,OPEN
2026-08-08 00:26:47,living-temp,21.0
2026-08-08 00:26:50,kitchen-motion,ON
2026-08-08 00:26:53,fridge-door,CLOSE
2026-08-08 00:26:56,living-temp,20.3
2026-08-08 00:26:59,living-motion,ON
2026-08-08 00:27:02,living-temp,20.9
2026-08-08 00:27:05,front-door,CLOSE
2026-08-08 00:27:08,bathroom-motion,ON
2026-08-08 00:27:11,bed-mat,EMPTY
2026-08-08 00:27:14,fridge-door,CLOSE
2026-08-08 00:27:17,fridge-door,OPEN
2026-08-08 00:27:20,fridge-door,OPEN
2026-08-08 00:27:23,kitchen-motion,ON
2026-08-08 00:27:26,living-temp,20.4
2026-08-08 00:27:29,living-temp,19.8
2026-08-08 00:27:32,fridge-door,OPEN
2026-08-08 00:27:35,bed-mat,EMPTY
2026-08-08 00:27:38,front-door,OPEN
2026-08-08 00:27:41,bedroom-motion,ON
2026-08-08 00:27:44,bathroom-motion,ON
2026-08-08 00:27:47,bed-mat,EMPTY
2026-08-08 00:27:50,bathroom-motion,ON
2026-08-08 00:27:53,fridge-door,CLOSE
2026-08-08 00:27:56,kitchen-motion,ON
2026-08-08 00:27:59,living-motion,ON
2026-08-08 00:28:02,bathroom-motion,ON
2026-08-08 00:28:05,fridge-door,CLOSE
2026-08-08 00:28:08,bathroom-motion,ON
2026-08-08 00:28:11,fridge-door,OPEN
2026-08-08 00:28:14,kitchen-motion,ON
2026-08-08 00:28:17,bed-mat,EMPTY
2026-08-08 00:28:20,kitchen-motion,ON
2026-08-08 00:28:23,bathroom-motion,ON
2026-08-08 00:28:26,bathroom-motion,ON
2026-08-08 00:28:29,living-temp,19.6
2026-08-08 00:28:32,fridge-door,CLOSE
2026-08-08 00:28:35,living-motion,ON
2026-08-08 00:28:38,living-motion,ON
2026-08-08 00:28:41,front-door,OPEN
2026-08-08 00:28:44,bed-mat,OCCUPIED
2026-08-08 00:28:47,front-door,CLOSE
2026-08-08 00:28:50,fridge-door,OPEN
2026-08-08 00:28:53,bedroom-motion,ON
2026-08-08 00:28:56,living-temp,19.2
2026-08-08 00:28:59,kitchen-motion,ON
2026-08-08 00:29:02,living-temp,20.4
2026-08-08 00:29:05,kitchen-motion,ON
2026-08-08 00:29:08,bedroom-motion,ON
2026-08-08 00:29:11,bed-mat,OCCUPIED
2026-08-08 00:29:14,front-door,CLOSE
2026-08-08 00:29:17,kitchen-motion,ON
2026-08-08 00:29:20,bed-mat,EMPTY
2026-08-08 00:29:23,kitchen-motion,ON
2026-08-08 00:29:26,living-motion,ON
2026-08-08 00:29:29,living-temp,20.2
2026-08-08 00:29:32,front-door,OPEN
2026-08-08 00:29:35,bed-mat,EMPTY
2026-08-08 00:29:38,fridge-door,CLOSE
2026-08-08 00:29:41,fridge-door,CLOSE
2026-08-08 00:29:44,bed-mat,OCCUPIED
2026-08-08 00:29:47,living-motion,ON
2026-08-08 00:29:50,fridge-door,CLOSE
2026-08-08 00:29:53,kitchen-motion,ON
2026-08-08 00:29:56,living-motion,ON
2026-08-08 00:29:59,kitchen-motion,ON
2026-08-08 00:30:02,living-temp,19.6
2026-08-08 00:30:05,bathroom-motion,ON
2026-08-08 00:30:08,fridge-door,OPEN
2026-08-08 00:30:11,living-temp,19.2
2026-08-08 00:30:14,bedroom-motion,ON
2026-08-08 00:30:17,living-temp,21.3
2026-08-08 00:30:20,living-temp,21.4
2026-08-08 00:30:23,living-temp,20.9
2026-08-08 00:30:26,bathroom-motion,ON
2026-08-08 00:30:29,living-motion,ON
2026-08-08 00:30:32,bed-mat,EMPTY
2026-08-08 00:30:35,fridge-door,CLOSE
2026-08-08 00:30:38,bedroom-motion,ON
2026-08-08 00:30:41,bedroom-motion,ON
2026-08-08 00:30:44,bedroom-motion,ON
2026-08-08 00:30:47,living-temp,21.1
2026-08-08 00:30:50,living-temp,20.9
2026-08-08 00:30:53,living-temp,18.8
2026-08-08 00:30:56,bathroom-motion,ON
2026-08-08 00:30:59,living-temp,21.4
2026-08-08 00:31:02,living-temp,19.1
2026-08-08 00:31:05,bed-mat,OCCUPIED
2026-08-08 00:31:08,front-door,OPEN
2026-08-08 00:31:11,bedroom-motion,ON
2026-08-08 00:31:14,bedroom-motion,ON
2026-08-08 00:31:17,fridge-door,OPEN
2026-08-08 00:31:20,kitchen-motion,ON
2026-08-08 00:31:23,living-motion,ON
2026-08-08 00:31:26,front-door,OPEN
2026-08-08 00:31:29,living-temp,21.2
2026-08-08 00:31:32,living-motion,ON
2026-08-08 00:31:35,living-motion,ON
2026-08-08 00:31:38,living-motion,ON
2026-08-08 00:31:41,living-temp,20.3
2026-08-08 00:31:44,kitchen-motion,ON
2026-08-08 00:31:47,bathroom-motion,ON
2026-08-08 00:31:50,living-motion,ON
2026-08-08 00:31:53,kitchen-motion,ON
2026-08-08 00:31:56,kitchen-motion,ON
2026-08-08 00:31:59,living-motion,ON
2026-08-08 00:32:02,bed-mat,OCCUPIED
2026-08-08 00:32:05,front-door,OPEN
2026-08-08 00:32:08,fridge-door,OPEN
2026-08-08 00:32:11,bedroom-motion,ON
2026-08-08 00:32:14,front-door,CLOSE
2026-08-08 00:32:17,kitchen-motion,ON
2026-08-08 00:32:20,living-temp,19.1
2026-08-08 00:32:23,fridge-door,CLOSE
2026-08-08 00:32:26,bathroom-motion,ON
2026-08-08 00:32:29,bed-mat,OCCUPIED
2026-08-08 00:32:32,front-door,CLOSE
2026-08-08 00:32:35,living-motion,ON
2026-08-08 00:32:38,bedroom-motion,ON
2026-08-08 00:32:41,bathroom-motion,ON
2026-08-08 00:32:44,bedroom-motion,ON
2026-08-08 00:32:47,bedroom-motion,ON
2026-08-08 00:32:50,living-motion,ON
2026-08-08 00:32:53,kitchen-motion,ON
2026-08-08 00:32:56,living-temp,21.4
2026-08-08 00:32:59,bed-mat,EMPTY
2026-08-08 00:33:02,kitchen-motion,ON
2026-08-08 00:33:05,bedroom-motion,ON
2026-08-08 00:33:08,kitchen-motion,ON
2026-08-08 00:33:11,bed-mat,OCCUPIED
2026-08-08 00:33:14,living-temp,20.3
2026-08-08 00:33:17,living-temp,21.4
2026-08-08 00:33:20,living-temp,21.4
2026-08-08 00:33:23,kitchen-motion,ON
2026-08-08 00:33:26,bed-mat,EMPTY
2026-08-08 00:33:29,living-temp,19.2
2026-08-08 00:33:32,bedroom-motion,ON
2026-08-08 00:33:35,front-door,OPEN
2026-08-08 00:33:38,front-door,CLOSE
2026-08-08 00:33:41,living-motion,ON
2026-08-08 00:33:44,bed-mat,EMPTY
2026-08-08 00:33:47,bathroom-motion,ON
2026-08-08 00:33:50,kitchen-motion,ON
2026-08-08 00:33:53,living-temp,20.5
2026-08-08 00:33:56,kitchen-motion,ON
2026-08-08 00:33:59,bedroom-motion,ON
2026-08-08 00:34:02,kitchen-motion,ON
2026-08-08 00:34:05,bedroom-motion,ON
2026-08-08 00:34:09,bedroom-motion,ON
2026-08-08 00:34:12,fridge-door,OPEN
2026-08-08 00:34:15,kitchen-motion,ON
2026-08-08 00:34:18,living-temp,21.4
2026-08-08 00:34:21,kitchen-motion,ON
2026-08-08 00:34:24,kitchen-motion,ON
2026-08-08 00:34:27,bedroom-motion,ON
2026-08-08 00:34:30,living-motion,ON
2026-08-08 00:34:33,fridge-door,CLOSE
2026-08-08 00:34:36,front-door,OPEN
2026-08-08 00:34:39,kitchen-motion,ON
2026-08-08 00:34:42,kitchen-motion,ON
2026-08-08 00:34:45,front-door,OPEN
2026-08-08 00:34:48,front-door,CLOSE
2026-08-08 00:34:51,living-motion,ON
2026-08-08 00:34:54,fridge-door,OPEN
2026-08-08 00:34:57,fridge-door,CLOSE
2026-08-08 00:35:00,bedroom-motion,ON
2026-08-08 00:35:03,kitchen-motion,ON
2026-08-08 00:35:06,fridge-door,CLOSE
2026-08-08 00:35:09,front-door,OPEN
2026-08-08 00:35:12,bedroom-motion,ON
2026-08-08 00:35:15,bedroom-motion,ON
2026-08-08 00:35:18,living-motion,ON
2026-08-08 00:35:21,living-temp,20.1
2026-08-08 00:35:24,living-motion,ON
2026-08-08 00:35:27,living-motion,ON
2026-08-08 00:35:30,bathroom-motion,ON
2026-08-08 00:35:33,kitchen-motion,ON
2026-08-08 00:35:36,living-temp,20.7
2026-08-08 00:35:39,bedroom-motion,ON
2026-08-08 00:35:42,bed-mat,EMPTY
2026-08-08 00:35:45,kitchen-motion,ON
2026-08-08 00:35:48,bed-mat,OCCUPIED
2026-08-08 00:35:51,kitchen-motion,ON
2026-08-08 00:35:54,bathroom-motion,ON
2026-08-08 00:35:57,kitchen-motion,ON
2026-08-08 00:36:00,bedroom-motion,ON
2026-08-08 00:36:03,kitchen-motion,ON
2026-08-08 00:36:06,living-temp,21.4
2026-08-08 00:36:09,kitchen-motion,ON
2026-08-08 00:36:12,fridge-door,OPEN
2026-08-08 00:36:15,front-door,OPEN
2026-08-08 00:36:18,bed-mat,OCCUPIED
2026-08-08 00:36:21,living-motion,ON
2026-08-08 00:36:24,kitchen-motion,ON
2026-08-08 00:36:27,kitchen-motion,ON
2026-08-08 00:36:30,living-motion,ON
2026-08-08 00:36:33,bedroom-motion,ON
2026-08-08 00:36:36,bed-mat,EMPTY
2026-08-08 00:36:39,fridge-door,OPEN
2026-08-08 00:36:42,bedroom-motion,ON
2026-08-08 00:36:45,kitchen-motion,ON
2026-08-08 00:36:48,living-temp,20.3
2026-08-08 00:36:51,bedroom-motion,ON
2026-08-08 00:36:54,bathroom-motion,ON
2026-08-08 00:36:57,kitchen-motion,ON
2026-08-08 00:37:00,kitchen-motion,ON
2026-08-08 00:37:03,living-temp,20.0
2026-08-08 00:37:06,living-temp,19.5
2026-08-08 00:37:09,front-door,CLOSE
2026-08-08 00:37:12,living-motion,ON
2026-08-08 00:37:15,kitchen-motion,ON
2026-08-08 00:37:18,fridge-door,OPEN
2026-08-08 00:37:21,fridge-door,OPEN
2026-08-08 00:37:24,fridge-door,OPEN
2026-08-08 00:37:27,front-door,CLOSE
2026-08-08 00:37:30,living-motion,ON
2026-08-08 00:37:33,bathroom-motion,ON
2026-08-08 00:37:36,living-temp,18.9
2026-08-08 00:37:39,living-motion,ON
2026-08-08 00:37:42,bed-mat,OCCUPIED
2026-08-08 00:37:45,bedroom-motion,ON
2026-08-08 00:37:48,bedroom-motion,ON
2026-08-08 00:37:51,living-temp,19.2
2026-08-08 00:37:54,bathroom-motion,ON
2026-08-08 00:37:57,living-temp,20.5
2026-08-08 00:38:00,living-temp,20.1
2026-08-08 00:38:03,bathroom-motion,ON
2026-08-08 00:38:06,bed-mat,EMPTY
2026-08-08 00:38:09,bedroom-motion,ON
2026-08-08 00:38:12,bedroom-motion,ON
2026-08-08 00:38:15,living-motion,ON
2026-08-08 00:38:18,bedroom-motion,ON
2026-08-08 00:38:21,bed-mat,OCCUPIED
2026-08-08 00:38:24,bathroom-motion,ON
2026-08-08 00:38:27,fridge-door,OPEN
2026-08-08 00:38:30,bed-mat,OCCUPIED
2026-08-08 00:38:33,front-door,CLOSE
2026-08-08 00:38:36,bedroom-motion,ON
2026-08-08 00:38:39,living-motion,ON
2026-08-08 00:38:42,front-door,OPEN
2026-08-08 00:38:45,living-motion,ON
2026-08-08 00:38:48,bedroom-motion,ON
2026-08-08 00:38:51,living-temp,20.6
2026-08-08 00:38:54,bed-mat,OCCUPIED
2026-08-08 00:38:57,living-motion,ON
2026-08-08 00:39:00,bedroom-motion,ON
2026-08-08 00:39:03,bedroom-motion,ON
2026-08-08 00:39:06,front-door,OPEN
2026-08-08 00:39:09,front-door,OPEN
2026-08-08 00:39:12,living-motion,ON
2026-08-08 00:39:15,fridge-door,CLOSE
2026-08-08 00:39:18,fridge-door,CLOSE
2026-08-08 00:39:21,bed-mat,EMPTY
2026-08-08 00:39:24,bedroom-motion,ON
2026-08-08 00:39:27,fridge-door,CLOSE
2026-08-08 00:39:30,front-door,OPEN
2026-08-08 00:39:33,fridge-door,OPEN
2026-08-08 00:39:36,bedroom-motion,ON
2026-08-08 00:39:39,front-door,CLOSE
2026-08-08 00:39:42,kitchen-motion,ON
2026-08-08 00:39:45,fridge-door,OPEN
2026-08-08 00:39:48,fridge-door,CLOSE
2026-08-08 00:39:51,front-door,OPEN
2026-08-08 00:39:54,kitchen-motion,ON
2026-08-08 00:39:57,living-temp,21.4
2026-08-08 00:40:00,living-temp,21.0
2026-08-08 00:40:03,living-temp,20.7
2026-08-08 00:40:06,bathroom-motion,ON
2026-08-08 00:40:09,fridge-door,CLOSE
2026-08-08 00:40:12,bedroom-motion,ON
2026-08-08 00:40:15,fridge-door,CLOSE
2026-08-08 00:40:18,living-temp,21.5
2026-08-08 00:40:21,front-door,CLOSE
2026-08-08 00:40:24,front-door,CLOSE
2026-08-08 00:40:27,kitchen-motion,ON
2026-08-08 00:40:30,living-temp,20.6
2026-08-08 00:40:33,front-door,OPEN
2026-08-08 00:40:36,front-door,OPEN
2026-08-08 00:40:39,kitchen-motion,ON
2026-08-08 00:40:42,bathroom-motion,ON
2026-08-08 00:40:45,front-door,CLOSE
2026-08-08 00:40:48,kitchen-motion,ON
2026-08-08 00:40:51,bathroom-motion,ON
2026-08-08 00:40:54,kitchen-motion,ON
2026-08-08 00:40:57,fridge-door,OPEN
2026-08-08 00:41:00,bedroom-motion,ON
2026-08-08 00:41:03,front-door,CLOSE
2026-08-08 00:41:06,living-motion,ON
2026-08-08 00:41:09,bedroom-motion,ON
2026-08-08 00:41:12,kitchen-motion,ON
2026-08-08 00:41:15,kitchen-motion,ON
2026-08-08 00:41:18,bed-mat,EMPTY
2026-08-08 00:41:21,bed-mat,EMPTY
2026-08-08 00:41:24,front-door,OPEN
2026-08-08 00:41:27,kitchen-motion,ON
2026-08-08 00:41:30,front-door,CLOSE
2026-08-08 00:41:33,living-temp,19.5
2026-08-08 00:41:36,kitchen-motion,ON
2026-08-08 00:41:39,living-motion,ON
2026-08-08 00:41:42,bed-mat,OCCUPIED
2026-08-08 00:41:45,front-door,CLOSE
2026-08-08 00:41:48,fridge-door,CLOSE
2026-08-08 00:41:51,living-motion,ON
2026-08-08 00:41:54,kitchen-motion,ON
2026-08-08 00:41:57,kitchen-motion,ON
2026-08-08 00:42:00,living-motion,ON
2026-08-08 00:42:03,bed-mat,OCCUPIED
2026-08-08 00:42:06,bed-mat,OCCUPIED
2026-08-08 00:42:09,bathroom-motion,ON
2026-08-08 00:42:12,fridge-door,CLOSE
2026-08-08 00:42:15,living-motion,ON
2026-08-08 00:42:18,bedroom-motion,ON
2026-08-08 00:42:21,bed-mat,EMPTY
2026-08-08 00:42:24,bed-mat,EMPTY
2026-08-08 00:42:27,living-temp,21.2
2026-08-08 00:42:30,fridge-door,OPEN
2026-08-08 00:42:33,front-door,CLOSE
2026-08-08 00:42:36,front-door,CLOSE
2026-08-08 00:42:39,bathroom-motion,ON
2026-08-08 00:42:42,front-door,OPEN
2026-08-08 00:42:45,kitchen-motion,ON
2026-08-08 00:42:48,fridge-door,CLOSE
2026-08-08 00:42:51,living-motion,ON
2026-08-08 00:42:54,front-door,CLOSE
2026-08-08 00:42:57,bedroom-motion,ON
2026-08-08 00:43:00,living-temp,18.8
2026-08-08 00:43:03,bed-mat,OCCUPIED
2026-08-08 00:43:06,living-motion,ON
2026-08-08 00:43:09,living-temp,20.8
2026-08-08 00:43:12,living-temp,20.2
2026-08-08 00:43:15,bedroom-motion,ON
2026-08-08 00:43:18,bedroom-motion,ON
2026-08-08 00:43:21,bedroom-motion,ON
2026-08-08 00:43:24,bed-mat,EMPTY
2026-08-08 00:43:27,fridge-door,OPEN
2026-08-08 00:43:30,front-door,OPEN
2026-08-08 00:43:33,living-temp,21.1
2026-08-08 00:43:36,living-motion,ON
2026-08-08 00:43:39,living-temp,21.0
2026-08-08 00:43:42,bedroom-motion,ON
2026-08-08 00:43:45,bed-mat,EMPTY
2026-08-08 00:43:48,bedroom-motion,ON
2026-08-08 00:43:51,bathroom-motion,ON
2026-08-08 00:43:54,fridge-door,OPEN
2026-08-08 00:43:57,bathroom-motion,ON
2026-08-08 00:44:00,fridge-door,OPEN
2026-08-08 00:44:03,front-door,CLOSE
2026-08-08 00:44:06,bathroom-motion,ON
2026-08-08 00:44:09,front-door,CLOSE
2026-08-08 00:44:12,front-door,OPEN
2026-08-08 00:44:15,front-door,OPEN
2026-08-08 00:44:18,bathroom-motion,ON
2026-08-08 00:44:21,bedroom-motion,ON
2026-08-08 00:44:24,living-temp,21.1
2026-08-08 00:44:27,front-door,CLOSE
2026-08-08 00:44:30,bedroom-motion,ON
2026-08-08 00:44:33,bed-mat,EMPTY
2026-08-08 00:44:37,bathroom-motion,ON
2026-08-08 00:44:40,front-door,CLOSE
2026-08-08 00:44:43,living-motion,ON
2026-08-08 00:44:46,fridge-door,CLOSE
2026-08-08 00:44:49,kitchen-motion,ON
2026-08-08 00:44:52,living-temp,20.7
2026-08-08 00:44:55,kitchen-motion,ON
2026-08-08 00:44:58,living-motion,ON
2026-08-08 00:45:01,bathroom-motion,ON
2026-08-08 00:45:04,kitchen-motion,ON
2026-08-08 00:45:07,living-temp,18.5
2026-08-08 00:45:10,kitchen-motion,ON
2026-08-08 00:45:13,front-door,CLOSE
2026-08-08 00:45:16,kitchen-motion,ON
2026-08-08 00:45:19,living-motion,ON
2026-08-08 00:45:22,living-motion,ON
2026-08-08 00:45:25,bedroom-motion,ON
2026-08-08 00:45:28,bed-mat,OCCUPIED
2026-08-08 00:45:31,living-motion,ON
2026-08-08 00:45:34,living-temp,18.7
2026-08-08 00:45:37,fridge-door,CLOSE
2026-08-08 00:45:40,front-door,CLOSE
2026-08-08 00:45:43,living-temp,20.3
2026-08-08 00:45:46,bed-mat,OCCUPIED
2026-08-08 00:45:49,front-door,CLOSE
2026-08-08 00:45:52,living-temp,18.8
2026-08-08 00:45:55,kitchen-motion,ON
2026-08-08 00:45:58,bedroom-motion,ON
2026-08-08 00:46:01,fridge-door,OPEN
2026-08-08 00:46:04,fridge-door,OPEN
2026-08-08 00:46:07,kitchen-motion,ON
2026-08-08 00:46:10,living-temp,18.7
2026-08-08 00:46:13,living-temp,19.4
2026-08-08 00:46:16,front-door,OPEN
2026-08-08 00:46:19,fridge-door,OPEN
2026-08-08 00:46:22,bathroom-motion,ON
2026-08-08 00:46:25,living-temp,18.5
2026-08-08 00:46:28,front-door,CLOSE
2026-08-08 00:46:31,fridge-door,OPEN
2026-08-08 00:46:34,bathroom-motion,ON
2026-08-08 00:46:37,kitchen-motion,ON
2026-08-08 00:46:40,front-door,CLOSE
2026-08-08 00:46:43,bed-mat,OCCUPIED
2026-08-08 00:46:46,front-door,CLOSE
2026-08-08 00:46:49,bed-mat,EMPTY
2026-08-08 00:46:52,front-door,CLOSE
2026-08-08 00:46:55,kitchen-motion,ON
2026-08-08 00:46:58,front-door,OPEN
2026-08-08 00:47:01,kitchen-motion,ON
2026-08-08 00:47:04,front-door,OPEN
2026-08-08 00:47:07,kitchen-motion,ON
2026-08-08 00:47:10,fridge-door,OPEN
2026-08-08 00:47:13,fridge-door,OPEN
2026-08-08 00:47:16,living-motion,ON
2026-08-08 00:47:19,bedroom-motion,ON
2026-08-08 00:47:22,fridge-door,CLOSE
2026-08-08 00:47:25,living-temp,19.6
2026-08-08 00:47:28,living-temp,19.1
2026-08-08 00:47:31,kitchen-motion,ON
2026-08-08 00:47:34,living-motion,ON
2026-08-08 00:47:37,bed-mat,OCCUPIED
2026-08-08 00:47:40,front-door,OPEN
2026-08-08 00:47:43,front-door,CLOSE
2026-08-08 00:47:46,bedroom-motion,ON
2026-08-08 00:47:49,bedroom-motion,ON
2026-08-08 00:47:52,kitchen-motion,ON
2026-08-08 00:47:55,bathroom-motion,ON
2026-08-08 00:47:58,living-temp,18.5
2026-08-08 00:48:01,living-temp,19.2
2026-08-08 00:48:04,kitchen-motion,ON
2026-08-08 00:48:07,living-temp,18.6
2026-08-08 00:48:10,bathroom-motion,ON
2026-08-08 00:48:13,bathroom-motion,ON
2026-08-08 00:48:16,living-temp,21.0
2026-08-08 00:48:19,fridge-door,OPEN
2026-08-08 00:48:22,living-temp,19.8
2026-08-08 00:48:25,living-motion,ON
2026-08-08 00:48:28,living-temp,21.2
2026-08-08 00:48:31,living-motion,ON
2026-08-08 00:48:34,living-motion,ON
2026-08-08 00:48:37,living-temp,18.6
2026-08-08 00:48:40,living-temp,18.6
2026-08-08 00:48:43,bedroom-motion,ON
2026-08-08 00:48:46,fridge-door,OPEN
2026-08-08 00:48:49,living-temp,20.2
2026-08-08 00:48:52,living-motion,ON
2026-08-08 00:48:55,kitchen-motion,ON
2026-08-08 00:48:58,bathroom-motion,ON
2026-08-08 00:49:01,living-motion,ON
2026-08-08 00:49:04,kitchen-motion,ON
2026-08-08 00:49:07,front-door,CLOSE
2026-08-08 00:49:10,fridge-door,CLOSE
2026-08-08 00:49:13,fridge-door,CLOSE
2026-08-08 00:49:16,fridge-door,OPEN
2026-08-08 00:49:19,kitchen-motion,ON
2026-08-08 00:49:22,fridge-door,OPEN
2026-08-08 00:49:25,living-motion,ON
2026-08-08 00:49:28,living-motion,ON
2026-08-08 00:49:31,bed-mat,EMPTY
2026-08-08 00:49:34,kitchen-motion,ON
2026-08-08 00:49:37,kitchen-motion,ON
2026-08-08 00:49:40,fridge-door,OPEN
2026-08-08 00:49:43,front-door,OPEN
2026-08-08 00:49:46,bedroom-motion,ON
2026-08-08 00:49:49,kitchen-motion,ON
2026-08-08 00:49:52,bedroom-motion,ON
2026-08-08 00:49:55,living-motion,ON
2026-08-08 00:49:58,bed-mat,OCCUPIED
2026-08-08 00:50:01,bathroom-motion,ON
2026-08-08 00:50:04,kitchen-motion,ON
2026-08-08 00:50:07,fridge-door,OPEN
2026-08-08 00:50:10,living-motion,ON
2026-08-08 00:50:13,living-temp,20.9
2026-08-08 00:50:16,bedroom-motion,ON
2026-08-08 00:50:19,bathroom-motion,ON
2026-08-08 00:50:22,kitchen-motion,ON
2026-08-08 00:50:25,bathroom-motion,ON
2026-08-08 00:50:28,living-temp,20.2
2026-08-08 00:50:31,bathroom-motion,ON
2026-08-08 00:50:34,front-door,CLOSE
2026-08-08 00:50:37,living-temp,19.5
2026-08-08 00:50:40,bedroom-motion,ON
2026-08-08 00:50:43,bathroom-motion,ON
2026-08-08 00:50:46,bed-mat,EMPTY
2026-08-08 00:50:49,front-door,CLOSE
2026-08-08 00:50:52,bathroom-motion,ON
2026-08-08 00:50:55,fridge-door,OPEN
2026-08-08 00:50:58,front-door,CLOSE
2026-08-08 00:51:01,living-motion,ON
2026-08-08 00:51:04,fridge-door,OPEN
2026-08-08 00:51:07,fridge-door,OPEN
2026-08-08 00:51:10,kitchen-motion,ON
2026-08-08 00:51:13,kitchen-motion,ON
2026-08-08 00:51:16,kitchen-motion,ON
2026-08-08 00:51:19,kitchen-motion,ON
2026-08-08 00:51:22,bed-mat,OCCUPIED
2026-08-08 00:51:25,living-temp,20.9
2026-08-08 00:51:28,bathroom-motion,ON
2026-08-08 00:51:31,bed-mat,EMPTY
2026-08-08 00:51:34,living-motion,ON
2026-08-08 00:51:37,bed-mat,OCCUPIED
2026-08-08 00:51:40,living-temp,19.2
2026-08-08 00:51:43,bathroom-motion,ON
2026-08-08 00:51:46,front-door,OPEN
2026-08-08 00:51:49,fridge-door,CLOSE
2026-08-08 00:51:52,kitchen-motion,ON
2026-08-08 00:51:55,living-temp,20.5
2026-08-08 00:51:58,living-temp,21.1
2026-08-08 00:52:01,kitchen-motion,ON
2026-08-08 00:52:04,front-door,OPEN
2026-08-08 00:52:07,bathroom-motion,ON
2026-08-08 00:52:10,bathroom-motion,ON
2026-08-08 00:52:13,bedroom-motion,ON
2026-08-08 00:52:16,front-door,CLOSE
2026-08-08 00:52:19,bed-mat,EMPTY
2026-08-08 00:52:22,kitchen-motion,ON
2026-08-08 00:52:25,kitchen-motion,ON
2026-08-08 00:52:28,living-motion,ON
2026-08-08 00:52:31,living-temp,21.1
2026-08-08 00:52:34,fridge-door,CLOSE
2026-08-08 00:52:37,bathroom-motion,ON
2026-08-08 00:52:40,living-temp,18.5
2026-08-08 00:52:43,fridge-door,OPEN
2026-08-08 00:52:46,kitchen-motion,ON
2026-08-08 00:52:49,living-temp,18.9
2026-08-08 00:52:52,fridge-door,OPEN
2026-08-08 00:52:55,kitchen-motion,ON
2026-08-08 00:52:58,front-door,OPEN
2026-08-08 00:53:01,bed-mat,EMPTY
2026-08-08 00:53:04,kitchen-motion,ON
2026-08-08 00:53:07,bathroom-motion,ON
2026-08-08 00:53:10,bed-mat,EMPTY
2026-08-08 00:53:13,bedroom-motion,ON
2026-08-08 00:53:16,living-motion,ON
2026-08-08 00:53:19,living-motion,ON
2026-08-08 00:53:22,bed-mat,EMPTY
2026-08-08 00:53:25,living-motion,ON
2026-08-08 00:53:28,kitchen-motion,ON
2026-08-08 00:53:31,front-door,OPEN
2026-08-08 00:53:34,living-motion,ON
2026-08-08 00:53:37,front-door,OPEN
2026-08-08 00:53:40,front-door,OPEN
2026-08-08 00:53:43,living-temp,19.1
2026-08-08 00:53:46,bed-mat,EMPTY
2026-08-08 00:53:49,living-motion,ON
2026-08-08 00:53:52,bed-mat,EMPTY
2026-08-08 00:53:55,bed-mat,EMPTY
2026-08-08 00:53:58,living-temp,21.0
2026-08-08 00:54:01,living-temp,18.8
2026-08-08 00:54:04,bathroom-motion,ON
2026-08-08 00:54:07,living-motion,ON
2026-08-08 00:54:10,bathroom-motion,ON
2026-08-08 00:54:13,kitchen-motion,ON
2026-08-08 00:54:16,living-temp,19.9
2026-08-08 00:54:26,kitchen-motion,ON
2026-08-08 00:54:29,bedroom-motion,ON
2026-08-08 00:54:32,kitchen-motion,ON
2026-08-08 01:10:18,bed-mat,OCCUPIED
2026-08-08 01:10:21,front-door,OPEN
2026-08-08 01:10:24,fridge-door,CLOSE
2026-08-08 01:10:27,fridge-door,OPEN
2026-08-08 01:10:30,front-door,CLOSE
2026-08-08 01:10:33,kitchen-motion,ON
2026-08-08 01:10:36,bathroom-motion,ON
2026-08-08 01:10:39,living-motion,ON
2026-08-08 01:10:42,bed-mat,EMPTY
2026-08-08 01:10:45,fridge-door,CLOSE
2026-08-08 01:10:48,kitchen-motion,ON
2026-08-08 01:10:51,bathroom-motion,ON
2026-08-08 01:10:54,living-motion,ON
2026-08-08 01:10:57,bedroom-motion,ON
2026-08-08 01:11:00,fridge-door,OPEN
2026-08-08 01:11:03,fridge-door,CLOSE
2026-08-08 01:11:06,fridge-door,OPEN
2026-08-08 01:11:09,bedroom-motion,ON
2026-08-08 01:11:12,kitchen-motion,ON
2026-08-08 01:11:15,bed-mat,EMPTY
2026-08-08 01:11:18,bed-mat,EMPTY
2026-08-08 01:11:21,living-temp,19.7
2026-08-08 01:11:24,living-motion,ON
2026-08-08 01:11:27,bed-mat,EMPTY
2026-08-08 01:11:30,living-motion,ON
2026-08-08 01:11:33,fridge-door,OPEN
2026-08-08 01:11:36,living-motion,ON
2026-08-08 01:11:39,bathroom-motion,ON
2026-08-08 01:11:42,bed-mat,EMPTY
2026-08-08 01:11:45,living-motion,ON
2026-08-08 01:11:48,living-motion,ON
2026-08-08 01:11:51,front-door,CLOSE
2026-08-08 01:11:54,bed-mat,EMPTY
2026-08-08 01:11:57,bedroom-motion,ON
2026-08-08 01:12:00,bathroom-motion,ON
2026-08-08 01:12:03,bathroom-motion,ON
2026-08-08 01:12:06,fridge-door,OPEN
